variant,method,vs,alpha,n_seeds,frr_test_variant,frr_test_main,p_wilcoxon,frr_ok_train_variant,frr_ok_train_main,far_test_variant,source
abl_sample,MONO,MONO,0.001,10,0.00926640926640923,0.00926640926640922,1.0,0.9515625,0.9640625,0.0011405768309837466,results/E3/abl_sample_fing_x_face_s*.csv vs results/E3/main_fing_x_face_s*.csv
abl_sample,MONO,MONO,0.01,10,0.00579150579150574,0.006177606177606129,0.875,0.978125,0.9890625,0.009647669367872806,results/E3/abl_sample_fing_x_face_s*.csv vs results/E3/main_fing_x_face_s*.csv
abl_sample,LR-P1-N2,LR-P1-N2,0.001,10,0.009652509652509609,0.009266409266409219,1.0,0.95,0.9640625,0.001136835548172697,results/E3/abl_sample_fing_x_face_s*.csv vs results/E3/main_fing_x_face_s*.csv
abl_sample,LR-P1-N2,LR-P1-N2,0.01,10,0.006563706563706509,0.006177606177606129,1.0,0.98125,0.9875,0.009662400668941315,results/E3/abl_sample_fing_x_face_s*.csv vs results/E3/main_fing_x_face_s*.csv
abl_sample,LR-P1-N2-rel,LR-P1-N2,0.001,10,0.0069498069498069096,0.009266409266409219,0.1875,0.959375,0.9640625,0.001420050656969203,results/E3/abl_sample_fing_x_face_s*.csv vs results/E3/main_fing_x_face_s*.csv
abl_sample,LR-P1-N2-rel,LR-P1-N2,0.01,10,0.005019305019304989,0.006177606177606129,0.625,0.953125,0.9875,0.009981251496513075,results/E3/abl_sample_fing_x_face_s*.csv vs results/E3/main_fing_x_face_s*.csv
abl_sample,P0-Parallel,P0-Parallel,0.001,10,0.01583011583011578,0.01583011583011578,,0.0,0.0,0.00084403340217288,results/E3/abl_sample_fing_x_face_s*.csv vs results/E3/main_fing_x_face_s*.csv
abl_sample,P0-Parallel,P0-Parallel,0.01,10,0.00270270270270269,0.00270270270270269,,0.0,0.0,0.008956631049654249,results/E3/abl_sample_fing_x_face_s*.csv vs results/E3/main_fing_x_face_s*.csv
abl_region,MONO,MONO,0.001,10,0.040926640926640875,0.00926640926640922,0.001953125,0.9828125,0.9640625,0.0015050245428151836,results/E3/abl_region_fing_x_face_s*.csv vs results/E3/main_fing_x_face_s*.csv
abl_region,MONO,MONO,0.01,10,0.03320463320463314,0.006177606177606129,0.001953125,1.0,0.9890625,0.010891645902547016,results/E3/abl_region_fing_x_face_s*.csv vs results/E3/main_fing_x_face_s*.csv
abl_region,LR-P1-N2,LR-P1-N2,0.001,10,0.043243243243243204,0.009266409266409219,0.001953125,0.9828125,0.9640625,0.0014962091451916457,results/E3/abl_region_fing_x_face_s*.csv vs results/E3/main_fing_x_face_s*.csv
abl_region,LR-P1-N2,LR-P1-N2,0.01,10,0.03938223938223934,0.006177606177606129,0.001953125,1.0,0.9875,0.010873757894106682,results/E3/abl_region_fing_x_face_s*.csv vs results/E3/main_fing_x_face_s*.csv
abl_region,LR-P1-N2-rel,LR-P1-N2,0.001,10,0.03629343629343624,0.009266409266409219,0.001953125,0.965625,0.9640625,0.0015167160515997147,results/E3/abl_region_fing_x_face_s*.csv vs results/E3/main_fing_x_face_s*.csv
abl_region,LR-P1-N2-rel,LR-P1-N2,0.01,10,0.030888030888030837,0.006177606177606129,0.001953125,0.996875,0.9875,0.010880445437131434,results/E3/abl_region_fing_x_face_s*.csv vs results/E3/main_fing_x_face_s*.csv
abl_region,P0-Parallel,P0-Parallel,0.001,10,0.01583011583011578,0.01583011583011578,,0.0,0.0,0.00084403340217288,results/E3/abl_region_fing_x_face_s*.csv vs results/E3/main_fing_x_face_s*.csv
abl_region,P0-Parallel,P0-Parallel,0.01,10,0.00270270270270269,0.00270270270270269,,0.0,0.0,0.008956631049654249,results/E3/abl_region_fing_x_face_s*.csv vs results/E3/main_fing_x_face_s*.csv
abl_N,LR-P1-N4,LR-P1-N2,0.001,5,0.0077220077220076806,0.0077220077220076806,,0.9625,0.9625,0.0011794394061835274,results/E3/abl_N_fing_x_face_s*.csv vs results/E3/main_fing_x_face_s*.csv
abl_N,LR-P1-N4,LR-P1-N2,0.01,5,0.00386100386100382,0.00386100386100382,,0.984375,0.984375,0.00952048913531467,results/E3/abl_N_fing_x_face_s*.csv vs results/E3/main_fing_x_face_s*.csv
abl_N,LR-P1-N5,LR-P1-N2,0.001,5,0.0077220077220076806,0.0077220077220076806,,0.9625,0.9625,0.0011794394061835274,results/E3/abl_N_fing_x_face_s*.csv vs results/E3/main_fing_x_face_s*.csv
abl_N,LR-P1-N5,LR-P1-N2,0.01,5,0.00386100386100382,0.00386100386100382,,0.984375,0.984375,0.009524043353985167,results/E3/abl_N_fing_x_face_s*.csv vs results/E3/main_fing_x_face_s*.csv
abl_N,P0-Parallel,P0-Parallel,0.001,5,0.0185328185328185,0.0185328185328185,,0.0,0.0,0.00091586603214504,results/E3/abl_N_fing_x_face_s*.csv vs results/E3/main_fing_x_face_s*.csv
abl_N,P0-Parallel,P0-Parallel,0.01,5,0.00540540540540538,0.00540540540540538,,0.0,0.0,0.0094280326838466,results/E3/abl_N_fing_x_face_s*.csv vs results/E3/main_fing_x_face_s*.csv
sens_b001,LR-P1-N2,LR-P1-N2,0.001,5,0.0077220077220076806,0.0077220077220076806,,0.959375,0.9625,0.0011803279608511522,results/E3/sens_b001_fing_x_face_s*.csv vs results/E3/main_fing_x_face_s*.csv
sens_b001,LR-P1-N2,LR-P1-N2,0.01,5,0.00386100386100382,0.00386100386100382,,0.984375,0.984375,0.009522780671036436,results/E3/sens_b001_fing_x_face_s*.csv vs results/E3/main_fing_x_face_s*.csv
sens_b001,P0-Parallel,P0-Parallel,0.001,5,0.0185328185328185,0.0185328185328185,,0.0,0.0,0.00091586603214504,results/E3/sens_b001_fing_x_face_s*.csv vs results/E3/main_fing_x_face_s*.csv
sens_b001,P0-Parallel,P0-Parallel,0.01,5,0.00540540540540538,0.00540540540540538,,0.0,0.0,0.0094280326838466,results/E3/sens_b001_fing_x_face_s*.csv vs results/E3/main_fing_x_face_s*.csv
sens_b005,LR-P1-N2,LR-P1-N2,0.001,5,0.0077220077220076806,0.0077220077220076806,,0.9625,0.9625,0.0011772414025320364,results/E3/sens_b005_fing_x_face_s*.csv vs results/E3/main_fing_x_face_s*.csv
sens_b005,LR-P1-N2,LR-P1-N2,0.01,5,0.0030888030888030398,0.00386100386100382,1.0,0.984375,0.984375,0.009524791610547376,results/E3/sens_b005_fing_x_face_s*.csv vs results/E3/main_fing_x_face_s*.csv
sens_b005,P0-Parallel,P0-Parallel,0.001,5,0.0185328185328185,0.0185328185328185,,0.0,0.0,0.00091586603214504,results/E3/sens_b005_fing_x_face_s*.csv vs results/E3/main_fing_x_face_s*.csv
sens_b005,P0-Parallel,P0-Parallel,0.01,5,0.00540540540540538,0.00540540540540538,,0.0,0.0,0.0094280326838466,results/E3/sens_b005_fing_x_face_s*.csv vs results/E3/main_fing_x_face_s*.csv
sens_nb60,LR-P1-N2,LR-P1-N2,0.001,5,0.008494208494208458,0.0077220077220076806,1.0,0.959375,0.9625,0.001153951917033247,results/E3/sens_nb60_fing_x_face_s*.csv vs results/E3/main_fing_x_face_s*.csv
sens_nb60,LR-P1-N2,LR-P1-N2,0.01,5,0.00386100386100382,0.00386100386100382,,0.984375,0.984375,0.009493084238723724,results/E3/sens_nb60_fing_x_face_s*.csv vs results/E3/main_fing_x_face_s*.csv
sens_nb60,P0-Parallel,P0-Parallel,0.001,5,0.0185328185328185,0.0185328185328185,,0.0,0.0,0.00091586603214504,results/E3/sens_nb60_fing_x_face_s*.csv vs results/E3/main_fing_x_face_s*.csv
sens_nb60,P0-Parallel,P0-Parallel,0.01,5,0.00540540540540538,0.00540540540540538,,0.0,0.0,0.0094280326838466,results/E3/sens_nb60_fing_x_face_s*.csv vs results/E3/main_fing_x_face_s*.csv
sens_nb240,LR-P1-N2,LR-P1-N2,0.001,5,0.00617760617760614,0.0077220077220076806,1.0,0.959375,0.9625,0.0011980055221333657,results/E3/sens_nb240_fing_x_face_s*.csv vs results/E3/main_fing_x_face_s*.csv
sens_nb240,LR-P1-N2,LR-P1-N2,0.01,5,0.0038610038610038,0.00386100386100382,1.0,0.98125,0.984375,0.0095432174283918,results/E3/sens_nb240_fing_x_face_s*.csv vs results/E3/main_fing_x_face_s*.csv
sens_nb240,P0-Parallel,P0-Parallel,0.001,5,0.0185328185328185,0.0185328185328185,,0.0,0.0,0.00091586603214504,results/E3/sens_nb240_fing_x_face_s*.csv vs results/E3/main_fing_x_face_s*.csv
sens_nb240,P0-Parallel,P0-Parallel,0.01,5,0.00540540540540538,0.00540540540540538,,0.0,0.0,0.0094280326838466,results/E3/sens_nb240_fing_x_face_s*.csv vs results/E3/main_fing_x_face_s*.csv
