tag,alpha,method,frr_test,frr_test_sd,far_test,n,frr_ok_train,frr_ok_test,feas,logarea,test_viol,fit_time,gap_max,source
abl_sample,0.001,LR-P1-N2,0.009652509652509609,0.0045502366871721,0.00105803477896494,10,0.95,0.9265625,1.0,0.37141100228311325,0.19524175940010588,1.5321199357509614,0.0,results/E3/abl_sample_*.csv; results/E1/abl_sample_*.csv
abl_sample,0.001,LR-P1-N2-rel,0.0069498069498069096,0.0050832477884508185,0.00145012121756302,10,0.959375,0.9375,1.0,0.2685792048172736,0.15345554341995685,2.377987599372864,0.0,results/E3/abl_sample_*.csv; results/E1/abl_sample_*.csv
abl_sample,0.001,MONO,0.00926640926640923,0.004531999192190202,0.00101313938523234,10,0.9515625,0.9265625,1.0,0.37455114817900503,0.1948958843874053,0.00516608953475948,,results/E3/abl_sample_*.csv; results/E1/abl_sample_*.csv
abl_sample,0.01,LR-P1-N2,0.006563706563706509,0.004090154075179056,0.0092065487414324,10,0.98125,0.9546875,1.0,0.37141100228311325,0.19524175940010588,1.5321199357509614,0.0,results/E3/abl_sample_*.csv; results/E1/abl_sample_*.csv
abl_sample,0.01,LR-P1-N2-rel,0.00501930501930499,0.004090154075179057,0.00981114004369813,10,0.953125,0.93125,1.0,0.2685792048172736,0.15345554341995685,2.377987599372864,0.0,results/E3/abl_sample_*.csv; results/E1/abl_sample_*.csv
abl_sample,0.01,MONO,0.00579150579150574,0.0037522212965542335,0.00888779144593093,10,0.978125,0.9546875,1.0,0.37455114817900503,0.1948958843874053,0.00516608953475948,,results/E3/abl_sample_*.csv; results/E1/abl_sample_*.csv
abl_region,0.001,LR-P1-N2,0.043243243243243204,0.008300908878557075,0.0013633234563466801,10,0.9828125,0.9125,1.0,0.12840475926138106,0.18841063678728875,1.4893595218658446,0.0,results/E3/abl_region_*.csv; results/E1/abl_region_*.csv
abl_region,0.001,LR-P1-N2-rel,0.036293436293436246,0.010166495576901687,0.00128101523450355,10,0.965625,0.8703125,1.0,0.08259098981552856,0.2922859028798645,1.8792186856269837,0.0,results/E3/abl_region_*.csv; results/E1/abl_region_*.csv
abl_region,0.001,MONO,0.040926640926640875,0.0068586422622776,0.00136033043009783,10,0.9828125,0.9109375,1.0,0.1285104818274708,0.18375419812023544,0.0038828253746032203,,results/E3/abl_region_*.csv; results/E1/abl_region_*.csv
abl_region,0.01,LR-P1-N2,0.039382239382239344,0.00959657754558931,0.01014785549669265,10,1.0,0.965625,1.0,0.12840475926138106,0.18841063678728875,1.4893595218658446,0.0,results/E3/abl_region_*.csv; results/E1/abl_region_*.csv
abl_region,0.01,LR-P1-N2-rel,0.030888030888030837,0.009969069102206993,0.01020921253479388,10,0.996875,0.8875,1.0,0.08259098981552856,0.2922859028798645,1.8792186856269837,0.0,results/E3/abl_region_*.csv; results/E1/abl_region_*.csv
abl_region,0.01,MONO,0.03320463320463314,0.010950860945267768,0.01040076621471963,10,1.0,0.9453125,1.0,0.1285104818274708,0.18375419812023544,0.0038828253746032203,,results/E3/abl_region_*.csv; results/E1/abl_region_*.csv
abl_N,0.001,LR-P1-N4,0.007722007722007679,0.002730142012303264,0.00104456616084516,5,0.9625,0.940625,1.0,0.3805912286238097,0.15157031283748715,162.07552908658982,0.4976720011896458,results/E3/abl_N_*.csv; results/E1/abl_N_*.csv
abl_N,0.001,LR-P1-N5,0.007722007722007679,0.002730142012303264,0.00104456616084516,5,0.9625,0.940625,1.0,0.3805611962563126,0.15160394663272458,162.08536401987075,0.6364336833737623,results/E3/abl_N_*.csv; results/E1/abl_N_*.csv
abl_N,0.01,LR-P1-N4,0.00386100386100382,0.0027301420123032644,0.009026967166502,5,0.984375,0.959375,1.0,0.3805912286238097,0.15157031283748715,162.07552908658982,0.4976720011896458,results/E3/abl_N_*.csv; results/E1/abl_N_*.csv
abl_N,0.01,LR-P1-N5,0.00386100386100382,0.0027301420123032644,0.009026967166502,5,0.984375,0.959375,1.0,0.3805611962563126,0.15160394663272458,162.08536401987075,0.6364336833737623,results/E3/abl_N_*.csv; results/E1/abl_N_*.csv
sens_b001,0.001,LR-P1-N2,0.007722007722007679,0.002730142012303264,0.00104456616084516,5,0.959375,0.940625,1.0,0.3804394713372685,0.1517167642190875,4.1149497628211975,0.0,results/E3/sens_b001_*.csv; results/E1/sens_b001_*.csv
sens_b001,0.01,LR-P1-N2,0.00386100386100382,0.0027301420123032644,0.00899404387776474,5,0.984375,0.959375,1.0,0.3804394713372685,0.1517167642190875,4.1149497628211975,0.0,results/E3/sens_b001_*.csv; results/E1/sens_b001_*.csv
sens_b005,0.001,LR-P1-N2,0.007722007722007679,0.002730142012303264,0.00103558708209864,5,0.9625,0.940625,1.0,0.38596093058051456,0.14558899260475477,0.5571087002754211,0.0,results/E3/sens_b005_*.csv; results/E1/sens_b005_*.csv
sens_b005,0.01,LR-P1-N2,0.0030888030888030398,0.0017266934189187292,0.00898506479901824,5,0.984375,0.959375,1.0,0.38596093058051456,0.14558899260475477,0.5571087002754211,0.0,results/E3/sens_b005_*.csv; results/E1/sens_b005_*.csv
sens_nb60,0.001,LR-P1-N2,0.008494208494208458,0.0017266934189187288,0.00101164287210792,5,0.959375,0.940625,1.0,0.3939310509012967,0.15129925104658254,1.2950280785560608,0.0,results/E3/sens_nb60_*.csv; results/E1/sens_nb60_*.csv
sens_nb60,0.01,LR-P1-N2,0.00386100386100382,0.0027301420123032644,0.0089162251952949,5,0.984375,0.959375,1.0,0.3939310509012967,0.15129925104658254,1.2950280785560608,0.0,results/E3/sens_nb60_*.csv; results/E1/sens_nb60_*.csv
sens_nb240,0.001,LR-P1-N2,0.006177606177606139,0.002114758909286377,0.00107150339708472,5,0.959375,0.940625,1.0,0.36580947363462546,0.15533914506498278,1.945404827594757,0.0,results/E3/sens_nb240_*.csv; results/E1/sens_nb240_*.csv
sens_nb240,0.01,LR-P1-N2,0.0038610038610038,0.0,0.0090718625602346,5,0.98125,0.953125,1.0,0.36580947363462546,0.15533914506498278,1.945404827594757,0.0,results/E3/sens_nb240_*.csv; results/E1/sens_nb240_*.csv
frac03,0.001,LR-P1-N2,0.00828729281767952,0.0073087052791839385,0.00110803324099718,5,0.959375,0.9375,1.0,0.3312502129944605,0.2216227524880992,1.499137556552887,0.0,results/E3/frac03_*.csv; results/E1/frac03_*.csv
frac03,0.001,LR-P1-N2-rel,0.014917127071823142,0.01389478048614285,0.00151206746147128,5,0.959375,0.9375,1.0,0.23332550248136014,0.2504351438477556,2.332186150550842,0.0,results/E3/frac03_*.csv; results/E1/frac03_*.csv
frac03,0.001,MONO,0.01325966850828724,0.010591320172751804,0.0011003810777306402,5,0.959375,0.940625,1.0,0.32195228088604566,0.21885909462424125,0.0038092374801635153,,results/E3/frac03_*.csv; results/E1/frac03_*.csv
frac03,0.01,HYP,0.04309392265193366,0.014433536439351516,0.01864373058263566,5,1.0,1.0,0.6,0.7687185604457742,0.1611600264818851,0.0003226518630981,,results/E3/frac03_*.csv; results/E1/frac03_*.csv
frac03,0.01,LR-P1-N2,0.0044198895027624,0.005384969251275633,0.01012075113634618,5,0.9875,0.95,1.0,0.3312502129944605,0.2216227524880992,1.499137556552887,0.0,results/E3/frac03_*.csv; results/E1/frac03_*.csv
frac03,0.01,LR-P1-N2-rel,0.010497237569060718,0.010591320172751797,0.010374802956795841,5,0.96875,0.921875,1.0,0.23332550248136014,0.2504351438477556,2.332186150550842,0.0,results/E3/frac03_*.csv; results/E1/frac03_*.csv
frac03,0.01,MONO,0.00994475138121542,0.00886563897010009,0.00978405595261774,5,0.9875,0.946875,1.0,0.32195228088604566,0.21885909462424125,0.0038092374801635153,,results/E3/frac03_*.csv; results/E1/frac03_*.csv
frac07,0.001,LR-P1-N2,0.01032258064516128,0.00735597048451056,0.00093841642228736,5,0.959375,0.95,1.0,0.4058296293714897,0.07529400818002538,1.5814451336860658,0.0,results/E3/frac07_*.csv; results/E1/frac07_*.csv
frac07,0.001,LR-P1-N2-rel,0.00387096774193548,0.005770498006451065,0.00093841642228734,5,0.965625,0.95,1.0,0.2781292274137441,0.12242877447097437,2.1301743030548095,0.0,results/E3/frac07_*.csv; results/E1/frac07_*.csv
frac07,0.001,MONO,0.00903225806451612,0.00735597048451056,0.0009049015500628199,5,0.9625,0.953125,1.0,0.407942911155135,0.06829998993112449,0.00497610569000239,,results/E3/frac07_*.csv; results/E1/frac07_*.csv
frac07,0.01,HYP,0.032258064516129,0.009123958466923184,0.015710096355257618,5,1.0,1.0,0.65,0.9202034400886097,0.1960335278775498,0.0009462714195251,,results/E3/frac07_*.csv; results/E1/frac07_*.csv
frac07,0.01,LR-P1-N2,0.0064516129032258,0.004561979233461593,0.00860494344365308,5,0.984375,0.96875,1.0,0.4058296293714897,0.07529400818002538,1.5814451336860658,0.0,results/E3/frac07_*.csv; results/E1/frac07_*.csv
frac07,0.01,LR-P1-N2-rel,0.00774193548387096,0.008411874071229215,0.0084122329283619,5,0.959375,0.934375,1.0,0.2781292274137441,0.12242877447097437,2.1301743030548095,0.0,results/E3/frac07_*.csv; results/E1/frac07_*.csv
frac07,0.01,MONO,0.0064516129032258,0.004561979233461593,0.00830330959363214,5,0.9875,0.9625,1.0,0.407942911155135,0.06829998993112449,0.00497610569000239,,results/E3/frac07_*.csv; results/E1/frac07_*.csv
