dataset,pair,genuine_pearson,impostor_pearson
fing_x_face,face_C-face_G,0.49103208109847946,0.1206637832009141
fing_x_face,face_C-li_V,-0.05887059409926829,0.009227610686269157
fing_x_face,face_C-ri_V,-0.06303878761720333,0.027807036520598728
fing_x_face,face_G-li_V,-0.12437216424938614,0.014011433353356657
fing_x_face,face_G-ri_V,-0.02324035012168431,0.013217611268937855
fing_x_face,li_V-ri_V,0.4080302234153156,0.15557333131493817
fing_x_fing,li_V-ri_V,0.41256597338378614,0.15715039695047267
face_x_face,face_C-face_G,0.482101084122794,0.1384089478217011
lfw_x_fing,face_S-li_V,0.015811553050021618,-0.0036683606914296916
lfw_x_fing,face_S-ri_V,-0.012348963909123628,-0.003224318830985659
lfw_x_fing,li_V-ri_V,0.41284511890276676,0.16563650206637895
