dataset,split_set,calib,alpha,other,n,mean_diff,ci_lo,ci_hi,p_unadj,n_mlp_lower,n_mlp_higher,frr_mlp,frr_other,source
face_x_face,fresh,boot,0.0001,LR-P1-N2,20,-0.032358333333333364,-0.046384932101375224,-0.018331734565291503,0.00011675323214223226,20,0,0.24563333333333331,0.2779916666666667,"results/E3mlp/mlp_*.csv (100 files); T_rev_selected.csv, T_fresh_selected.csv; corrected resampled t-test (unadjusted)"
face_x_face,fresh,boot,0.0001,P2-LogReg,20,-0.005599999999999987,-0.020609575416301734,0.009409575416301762,0.44448431273207434,17,2,0.24563333333333331,0.2512333333333333,"results/E3mlp/mlp_*.csv (100 files); T_rev_selected.csv, T_fresh_selected.csv; corrected resampled t-test (unadjusted)"
face_x_face,fresh,boot,0.0001,P1-LLR,20,0.0004666666666666666,-0.011938402680503758,0.012871736013837093,0.938064737053827,10,9,0.24563333333333331,0.2451666666666666,"results/E3mlp/mlp_*.csv (100 files); T_rev_selected.csv, T_fresh_selected.csv; corrected resampled t-test (unadjusted)"
face_x_face,fresh,boot,0.001,LR-P1-N2,20,-0.019775000000000008,-0.03279201358531675,-0.006757986414683269,0.004934102100916505,20,0,0.14659999999999998,0.16637499999999994,"results/E3mlp/mlp_*.csv (100 files); T_rev_selected.csv, T_fresh_selected.csv; corrected resampled t-test (unadjusted)"
face_x_face,fresh,boot,0.001,P2-LogReg,20,-0.010416666666666657,-0.02021859088677551,-0.0006147424465578043,0.0384472147608677,20,0,0.14659999999999998,0.15701666666666664,"results/E3mlp/mlp_*.csv (100 files); T_rev_selected.csv, T_fresh_selected.csv; corrected resampled t-test (unadjusted)"
face_x_face,fresh,boot,0.001,P1-LLR,20,-0.00020000000000000296,-0.007365574687660373,0.006965574687660367,0.954025022122659,12,7,0.14659999999999998,0.14679999999999999,"results/E3mlp/mlp_*.csv (100 files); T_rev_selected.csv, T_fresh_selected.csv; corrected resampled t-test (unadjusted)"
face_x_face,fresh,boot,0.01,LR-P1-N2,20,-0.0053583333333333235,-0.009747368108085928,-0.0009692985585807177,0.019341998377169174,20,0,0.0695833333333333,0.07494166666666664,"results/E3mlp/mlp_*.csv (100 files); T_rev_selected.csv, T_fresh_selected.csv; corrected resampled t-test (unadjusted)"
face_x_face,fresh,boot,0.01,P2-LogReg,20,-0.013816666666666661,-0.01927835352446191,-0.008354979808871413,4.13284178191849e-05,20,0,0.0695833333333333,0.08339999999999996,"results/E3mlp/mlp_*.csv (100 files); T_rev_selected.csv, T_fresh_selected.csv; corrected resampled t-test (unadjusted)"
face_x_face,fresh,boot,0.01,P1-LLR,20,-0.00238333333333332,-0.006314620135532387,0.0015479534688657465,0.2198053426063149,18,1,0.0695833333333333,0.07196666666666664,"results/E3mlp/mlp_*.csv (100 files); T_rev_selected.csv, T_fresh_selected.csv; corrected resampled t-test (unadjusted)"
face_x_face,fresh,xfit,0.0001,LR-P1-N2,20,-0.026266666666666695,-0.15577420039877388,0.1032408670654405,0.6759647204244784,19,1,0.2644333333333332,0.2907,"results/E3mlp/mlp_*.csv (100 files); T_rev_selected.csv, T_fresh_selected.csv; corrected resampled t-test (unadjusted)"
face_x_face,fresh,xfit,0.0001,P2-LogReg,20,0.004783333333333343,-0.11996391070484085,0.12953057737150753,0.9368734985159368,17,3,0.2644333333333332,0.25965,"results/E3mlp/mlp_*.csv (100 files); T_rev_selected.csv, T_fresh_selected.csv; corrected resampled t-test (unadjusted)"
face_x_face,fresh,xfit,0.0001,P1-LLR,20,0.015033333333333333,-0.11054276403810677,0.14060943070477344,0.8048390491749852,8,12,0.2644333333333332,0.24939999999999998,"results/E3mlp/mlp_*.csv (100 files); T_rev_selected.csv, T_fresh_selected.csv; corrected resampled t-test (unadjusted)"
face_x_face,fresh,xfit,0.001,LR-P1-N2,20,-0.013216666666666663,-0.10157212780781642,0.07513879447448309,0.7576265567861521,19,1,0.15894999999999998,0.17216666666666663,"results/E3mlp/mlp_*.csv (100 files); T_rev_selected.csv, T_fresh_selected.csv; corrected resampled t-test (unadjusted)"
face_x_face,fresh,xfit,0.001,P2-LogReg,20,-0.002699999999999994,-0.09164128732413611,0.08624128732413612,0.9500016842615505,18,2,0.15894999999999998,0.16164999999999996,"results/E3mlp/mlp_*.csv (100 files); T_rev_selected.csv, T_fresh_selected.csv; corrected resampled t-test (unadjusted)"
face_x_face,fresh,xfit,0.001,P1-LLR,20,0.009016666666666681,-0.07998254160553271,0.09801587493886608,0.8343277924168413,10,8,0.15894999999999998,0.14993333333333334,"results/E3mlp/mlp_*.csv (100 files); T_rev_selected.csv, T_fresh_selected.csv; corrected resampled t-test (unadjusted)"
face_x_face,fresh,xfit,0.01,LR-P1-N2,20,-0.00555,-0.015558720594145124,0.004458720594145124,0.2601736353683938,19,1,0.07206666666666664,0.07761666666666664,"results/E3mlp/mlp_*.csv (100 files); T_rev_selected.csv, T_fresh_selected.csv; corrected resampled t-test (unadjusted)"
face_x_face,fresh,xfit,0.01,P2-LogReg,20,-0.012783333333333338,-0.022564378699012455,-0.0030022879676542182,0.013142040008281185,19,1,0.07206666666666664,0.08484999999999997,"results/E3mlp/mlp_*.csv (100 files); T_rev_selected.csv, T_fresh_selected.csv; corrected resampled t-test (unadjusted)"
face_x_face,fresh,xfit,0.01,P1-LLR,20,-0.0012666666666666655,-0.00828124242883788,0.005747909095504549,0.7096565669252156,15,4,0.07206666666666664,0.0733333333333333,"results/E3mlp/mlp_*.csv (100 files); T_rev_selected.csv, T_fresh_selected.csv; corrected resampled t-test (unadjusted)"
face_x_face,original 0-9,boot,0.0001,LR-P1-N2,10,-0.035699999999999996,-0.04416417973796421,-0.027235820262035783,5.282129175614412e-06,10,0,0.24236666666666667,0.2780666666666666,"results/E3mlp/mlp_*.csv (100 files); T_rev_selected.csv, T_fresh_selected.csv; corrected resampled t-test (unadjusted)"
face_x_face,original 0-9,boot,0.0001,P2-LogReg,10,-0.006533333333333341,-0.017066221348694333,0.003999554682027652,0.19411203220426965,10,0,0.24236666666666667,0.24889999999999998,"results/E3mlp/mlp_*.csv (100 files); T_rev_selected.csv, T_fresh_selected.csv; corrected resampled t-test (unadjusted)"
face_x_face,original 0-9,boot,0.0001,P1-LLR,10,0.0,-0.006542849992323059,0.006542849992323059,1.0,6,4,0.24236666666666667,0.24236666666666662,"results/E3mlp/mlp_*.csv (100 files); T_rev_selected.csv, T_fresh_selected.csv; corrected resampled t-test (unadjusted)"
face_x_face,original 0-9,boot,0.001,LR-P1-N2,10,-0.018666666666666658,-0.03165642132462278,-0.00567691200871054,0.0099847790342314,10,0,0.1464,0.16506666666666664,"results/E3mlp/mlp_*.csv (100 files); T_rev_selected.csv, T_fresh_selected.csv; corrected resampled t-test (unadjusted)"
face_x_face,original 0-9,boot,0.001,P2-LogReg,10,-0.012299999999999997,-0.023248599470078415,-0.0013514005299215762,0.031639151627925584,10,0,0.1464,0.15869999999999998,"results/E3mlp/mlp_*.csv (100 files); T_rev_selected.csv, T_fresh_selected.csv; corrected resampled t-test (unadjusted)"
face_x_face,original 0-9,boot,0.001,P1-LLR,10,-0.000733333333333322,-0.0057044903802844285,0.004237823713617785,0.7462435001232102,6,3,0.1464,0.14713333333333328,"results/E3mlp/mlp_*.csv (100 files); T_rev_selected.csv, T_fresh_selected.csv; corrected resampled t-test (unadjusted)"
face_x_face,original 0-9,boot,0.01,LR-P1-N2,10,-0.005399999999999988,-0.010696051334515077,-0.00010394866548489937,0.04649771457288015,10,0,0.06989999999999999,0.07529999999999996,"results/E3mlp/mlp_*.csv (100 files); T_rev_selected.csv, T_fresh_selected.csv; corrected resampled t-test (unadjusted)"
face_x_face,original 0-9,boot,0.01,P2-LogReg,10,-0.014100000000000001,-0.019399330826645838,-0.008800669173354165,0.00019785175554960484,10,0,0.06989999999999999,0.08399999999999998,"results/E3mlp/mlp_*.csv (100 files); T_rev_selected.csv, T_fresh_selected.csv; corrected resampled t-test (unadjusted)"
face_x_face,original 0-9,boot,0.01,P1-LLR,10,-0.0023333333333333205,-0.006171683018587009,0.0015050163519203684,0.20233988106619588,9,1,0.06989999999999999,0.0722333333333333,"results/E3mlp/mlp_*.csv (100 files); T_rev_selected.csv, T_fresh_selected.csv; corrected resampled t-test (unadjusted)"
fing_x_face,fresh,boot,0.001,LR-P1-N2,20,-0.00101928262642543,-0.016544090486004838,0.014505525233153979,0.8921464488691259,9,10,0.010231660231660195,0.011250942858085625,"results/E3mlp/mlp_*.csv (100 files); T_rev_selected.csv, T_fresh_selected.csv; corrected resampled t-test (unadjusted)"
fing_x_face,fresh,boot,0.001,P2-LogReg,20,0.0017374517374517452,-0.009493482767257614,0.012968386242161104,0.7496298231569407,5,9,0.010231660231660195,0.00849420849420845,"results/E3mlp/mlp_*.csv (100 files); T_rev_selected.csv, T_fresh_selected.csv; corrected resampled t-test (unadjusted)"
fing_x_face,fresh,boot,0.001,P1-LLR,20,0.007915057915057911,-0.004821648918526884,0.020651764748642706,0.20892250733181872,0,16,0.010231660231660195,0.002316602316602285,"results/E3mlp/mlp_*.csv (100 files); T_rev_selected.csv, T_fresh_selected.csv; corrected resampled t-test (unadjusted)"
fing_x_face,fresh,boot,0.01,LR-P1-N2,20,-0.00196791329144267,-0.014794707286342605,0.010858880703457264,0.7516278367266042,10,9,0.004054054054054015,0.006021967345496685,"results/E3mlp/mlp_*.csv (100 files); T_rev_selected.csv, T_fresh_selected.csv; corrected resampled t-test (unadjusted)"
fing_x_face,fresh,boot,0.01,P2-LogReg,20,0.001351351351351345,-0.0042035373517506445,0.006906240054453335,0.616491994733875,1,7,0.004054054054054015,0.0027027027027026695,"results/E3mlp/mlp_*.csv (100 files); T_rev_selected.csv, T_fresh_selected.csv; corrected resampled t-test (unadjusted)"
fing_x_face,fresh,boot,0.01,P1-LLR,20,0.004054054054054015,-0.0027823415894645794,0.01089044969757261,0.2296436324391165,0,15,0.004054054054054015,0.0,"results/E3mlp/mlp_*.csv (100 files); T_rev_selected.csv, T_fresh_selected.csv; corrected resampled t-test (unadjusted)"
fing_x_face,fresh,xfit,0.001,LR-P1-N2,20,-0.0010323797823797395,-0.035647995586288776,0.0335832360215293,0.9508783269922929,9,10,0.016795366795366758,0.01782774657774649,"results/E3mlp/mlp_*.csv (100 files); T_rev_selected.csv, T_fresh_selected.csv; corrected resampled t-test (unadjusted)"
fing_x_face,fresh,xfit,0.001,P2-LogReg,20,0.008108108108108112,-0.015756032760659663,0.03197224897687589,0.48564411357019116,2,14,0.016795366795366758,0.008687258687258646,"results/E3mlp/mlp_*.csv (100 files); T_rev_selected.csv, T_fresh_selected.csv; corrected resampled t-test (unadjusted)"
fing_x_face,fresh,xfit,0.001,P1-LLR,20,0.012355212355212355,-0.011764649899446153,0.036475074609870865,0.29708904610379183,1,17,0.016795366795366758,0.004440154440154399,"results/E3mlp/mlp_*.csv (100 files); T_rev_selected.csv, T_fresh_selected.csv; corrected resampled t-test (unadjusted)"
fing_x_face,fresh,xfit,0.01,LR-P1-N2,20,-0.005822232250803655,-0.031888497207825134,0.020244032706217822,0.6454569697700148,15,2,0.005984555984555939,0.011806788235359597,"results/E3mlp/mlp_*.csv (100 files); T_rev_selected.csv, T_fresh_selected.csv; corrected resampled t-test (unadjusted)"
fing_x_face,fresh,xfit,0.01,P2-LogReg,20,0.00289575289575289,-0.012032561933420461,0.017824067724926243,0.6892793895625818,1,5,0.005984555984555939,0.0030888030888030498,"results/E3mlp/mlp_*.csv (100 files); T_rev_selected.csv, T_fresh_selected.csv; corrected resampled t-test (unadjusted)"
fing_x_face,fresh,xfit,0.01,P1-LLR,20,0.00579150579150575,-0.00975846959351059,0.021341481176522088,0.4452664279596968,0,15,0.005984555984555939,0.00019305019305018999,"results/E3mlp/mlp_*.csv (100 files); T_rev_selected.csv, T_fresh_selected.csv; corrected resampled t-test (unadjusted)"
fing_x_face,original 0-9,boot,0.001,LR-P1-N2,10,-0.00205920205920205,-0.017658977674793512,0.01354057355638941,0.772017808308985,5,4,0.0096525096525096,0.011711711711711648,"results/E3mlp/mlp_*.csv (100 files); T_rev_selected.csv, T_fresh_selected.csv; corrected resampled t-test (unadjusted)"
fing_x_face,original 0-9,boot,0.001,P2-LogReg,10,-0.00193050193050194,-0.00971543308444401,0.0058544292234401305,0.5885111089971837,5,1,0.0096525096525096,0.01158301158301154,"results/E3mlp/mlp_*.csv (100 files); T_rev_selected.csv, T_fresh_selected.csv; corrected resampled t-test (unadjusted)"
fing_x_face,original 0-9,boot,0.001,P1-LLR,10,0.007335907335907321,-0.007276300444101799,0.02194811511591644,0.28542267957699535,0,7,0.0096525096525096,0.00231660231660228,"results/E3mlp/mlp_*.csv (100 files); T_rev_selected.csv, T_fresh_selected.csv; corrected resampled t-test (unadjusted)"
fing_x_face,original 0-9,boot,0.01,LR-P1-N2,10,-0.0017175822438979804,-0.01176327961290793,0.00832811512511197,0.7079077439010438,6,4,0.00424710424710422,0.005964686491002199,"results/E3mlp/mlp_*.csv (100 files); T_rev_selected.csv, T_fresh_selected.csv; corrected resampled t-test (unadjusted)"
fing_x_face,original 0-9,boot,0.01,P2-LogReg,10,0.00077220077220078,-0.006453701963002848,0.007998103507404408,0.8143944955603145,2,4,0.00424710424710422,0.0034749034749034396,"results/E3mlp/mlp_*.csv (100 files); T_rev_selected.csv, T_fresh_selected.csv; corrected resampled t-test (unadjusted)"
fing_x_face,original 0-9,boot,0.01,P1-LLR,10,0.00424710424710422,-0.003773787283950625,0.012267995778159065,0.26157818630248053,0,7,0.00424710424710422,0.0,"results/E3mlp/mlp_*.csv (100 files); T_rev_selected.csv, T_fresh_selected.csv; corrected resampled t-test (unadjusted)"
fing_x_fing,fresh,boot,0.0001,LR-P1-N2,20,-0.013774999999999982,-0.019067061207526884,-0.008482938792473079,2.9517831937293925e-05,20,0,0.0872333333333333,0.1010083333333333,"results/E3mlp/mlp_*.csv (100 files); T_rev_selected.csv, T_fresh_selected.csv; corrected resampled t-test (unadjusted)"
fing_x_fing,fresh,boot,0.0001,P2-LogReg,20,-0.0023333333333333253,-0.005522055742335929,0.0008553890756692788,0.14211195435830826,19,0,0.0872333333333333,0.08956666666666664,"results/E3mlp/mlp_*.csv (100 files); T_rev_selected.csv, T_fresh_selected.csv; corrected resampled t-test (unadjusted)"
fing_x_fing,fresh,boot,0.0001,P1-LLR,20,-0.0025166666666666566,-0.006113503843537463,0.0010801705102041503,0.15941758057934638,18,1,0.0872333333333333,0.08974999999999997,"results/E3mlp/mlp_*.csv (100 files); T_rev_selected.csv, T_fresh_selected.csv; corrected resampled t-test (unadjusted)"
fing_x_fing,fresh,boot,0.001,LR-P1-N2,20,-0.0072666666666666765,-0.0103577256510196,-0.004175607682313754,9.498566509609495e-05,20,0,0.06101666666666662,0.06828333333333331,"results/E3mlp/mlp_*.csv (100 files); T_rev_selected.csv, T_fresh_selected.csv; corrected resampled t-test (unadjusted)"
fing_x_fing,fresh,boot,0.001,P2-LogReg,20,-0.0007000000000000134,-0.0027990740642942617,0.0013990740642942346,0.4936425876371001,15,4,0.06101666666666662,0.06171666666666664,"results/E3mlp/mlp_*.csv (100 files); T_rev_selected.csv, T_fresh_selected.csv; corrected resampled t-test (unadjusted)"
fing_x_fing,fresh,boot,0.001,P1-LLR,20,-0.0011166666666666734,-0.0035077866475388287,0.001274453314205482,0.3406266457124643,16,3,0.06101666666666662,0.0621333333333333,"results/E3mlp/mlp_*.csv (100 files); T_rev_selected.csv, T_fresh_selected.csv; corrected resampled t-test (unadjusted)"
fing_x_fing,fresh,boot,0.01,LR-P1-N2,20,-0.0042166666666666386,-0.007261033213495029,-0.0011723001198382485,0.009199103441497061,20,0,0.038383333333333325,0.042599999999999964,"results/E3mlp/mlp_*.csv (100 files); T_rev_selected.csv, T_fresh_selected.csv; corrected resampled t-test (unadjusted)"
fing_x_fing,fresh,boot,0.01,P2-LogReg,20,-0.00021666666666664454,-0.001811449604069,0.001378116270735711,0.7792123423132968,10,5,0.038383333333333325,0.03859999999999997,"results/E3mlp/mlp_*.csv (100 files); T_rev_selected.csv, T_fresh_selected.csv; corrected resampled t-test (unadjusted)"
fing_x_fing,fresh,boot,0.01,P1-LLR,20,-0.0006833333333333243,-0.00258860653215783,0.0012219398654911813,0.46204701730043124,16,3,0.038383333333333325,0.03906666666666665,"results/E3mlp/mlp_*.csv (100 files); T_rev_selected.csv, T_fresh_selected.csv; corrected resampled t-test (unadjusted)"
fing_x_fing,fresh,xfit,0.0001,LR-P1-N2,20,-0.014583333333333332,-0.020471161855247264,-0.0086955048114194,5.2782075869393894e-05,20,0,0.08853333333333331,0.10311666666666666,"results/E3mlp/mlp_*.csv (100 files); T_rev_selected.csv, T_fresh_selected.csv; corrected resampled t-test (unadjusted)"
fing_x_fing,fresh,xfit,0.0001,P2-LogReg,20,-0.0016666666666666705,-0.0045262819249988,0.0011929485916654593,0.2374384664967524,18,2,0.08853333333333331,0.09019999999999997,"results/E3mlp/mlp_*.csv (100 files); T_rev_selected.csv, T_fresh_selected.csv; corrected resampled t-test (unadjusted)"
fing_x_fing,fresh,xfit,0.0001,P1-LLR,20,-0.0020666666666666654,-0.0056344065381042155,0.001501073204770885,0.2402142888875926,17,2,0.08853333333333331,0.09059999999999997,"results/E3mlp/mlp_*.csv (100 files); T_rev_selected.csv, T_fresh_selected.csv; corrected resampled t-test (unadjusted)"
fing_x_fing,fresh,xfit,0.001,LR-P1-N2,20,-0.008041666666666645,-0.010665509247034435,-0.005417824086298855,3.7637502334244635e-06,20,0,0.0614833333333333,0.06952499999999995,"results/E3mlp/mlp_*.csv (100 files); T_rev_selected.csv, T_fresh_selected.csv; corrected resampled t-test (unadjusted)"
fing_x_fing,fresh,xfit,0.001,P2-LogReg,20,-0.0006333333333333236,-0.002868931108458867,0.0016022644417922193,0.5602115242400807,14,5,0.0614833333333333,0.06211666666666663,"results/E3mlp/mlp_*.csv (100 files); T_rev_selected.csv, T_fresh_selected.csv; corrected resampled t-test (unadjusted)"
fing_x_fing,fresh,xfit,0.001,P1-LLR,20,-0.0010333333333333292,-0.003256866272534845,0.0011901996058681866,0.3429325583040133,16,3,0.0614833333333333,0.06251666666666664,"results/E3mlp/mlp_*.csv (100 files); T_rev_selected.csv, T_fresh_selected.csv; corrected resampled t-test (unadjusted)"
fing_x_fing,fresh,xfit,0.01,LR-P1-N2,20,-0.004674999999999996,-0.007898279993532237,-0.0014517200064677561,0.0068016601636553395,20,0,0.03841666666666664,0.043091666666666625,"results/E3mlp/mlp_*.csv (100 files); T_rev_selected.csv, T_fresh_selected.csv; corrected resampled t-test (unadjusted)"
fing_x_fing,fresh,xfit,0.01,P2-LogReg,20,-0.0004833333333333353,-0.002402672970445834,0.0014360063037791638,0.6042445220869647,13,2,0.03841666666666664,0.038899999999999976,"results/E3mlp/mlp_*.csv (100 files); T_rev_selected.csv, T_fresh_selected.csv; corrected resampled t-test (unadjusted)"
fing_x_fing,fresh,xfit,0.01,P1-LLR,20,-0.0006666666666666664,-0.002915461001554051,0.001582127668220718,0.5423085495113138,16,3,0.03841666666666664,0.0390833333333333,"results/E3mlp/mlp_*.csv (100 files); T_rev_selected.csv, T_fresh_selected.csv; corrected resampled t-test (unadjusted)"
fing_x_fing,original 0-9,boot,0.0001,LR-P1-N2,10,-0.01404999999999998,-0.017759681448875936,-0.010340318551124023,1.2748577675586473e-05,10,0,0.08849999999999995,0.10254999999999996,"results/E3mlp/mlp_*.csv (100 files); T_rev_selected.csv, T_fresh_selected.csv; corrected resampled t-test (unadjusted)"
fing_x_fing,original 0-9,boot,0.0001,P2-LogReg,10,-0.003166666666666666,-0.0049252243272008295,-0.0014081090061325032,0.002784967590991269,10,0,0.08849999999999995,0.09166666666666663,"results/E3mlp/mlp_*.csv (100 files); T_rev_selected.csv, T_fresh_selected.csv; corrected resampled t-test (unadjusted)"
fing_x_fing,original 0-9,boot,0.0001,P1-LLR,10,-0.003499999999999988,-0.005744634380243384,-0.001255365619756592,0.006440954526661386,10,0,0.08849999999999995,0.09199999999999994,"results/E3mlp/mlp_*.csv (100 files); T_rev_selected.csv, T_fresh_selected.csv; corrected resampled t-test (unadjusted)"
fing_x_fing,original 0-9,boot,0.001,LR-P1-N2,10,-0.00611666666666666,-0.009213768499295942,-0.003019564834037379,0.0015598747096315926,10,0,0.062499999999999986,0.06861666666666665,"results/E3mlp/mlp_*.csv (100 files); T_rev_selected.csv, T_fresh_selected.csv; corrected resampled t-test (unadjusted)"
fing_x_fing,original 0-9,boot,0.001,P2-LogReg,10,-0.00033333333333331256,-0.002442284842928257,0.0017756181762616317,0.7289225411712561,6,3,0.062499999999999986,0.0628333333333333,"results/E3mlp/mlp_*.csv (100 files); T_rev_selected.csv, T_fresh_selected.csv; corrected resampled t-test (unadjusted)"
fing_x_fing,original 0-9,boot,0.001,P1-LLR,10,-0.0011666666666666707,-0.0033485016103796386,0.0010151682770462975,0.2572395655200841,8,1,0.062499999999999986,0.06366666666666665,"results/E3mlp/mlp_*.csv (100 files); T_rev_selected.csv, T_fresh_selected.csv; corrected resampled t-test (unadjusted)"
fing_x_fing,original 0-9,boot,0.01,LR-P1-N2,10,-0.00423333333333332,-0.007834410492646361,-0.000632256174020279,0.026074258794709163,10,0,0.039566666666666625,0.04379999999999994,"results/E3mlp/mlp_*.csv (100 files); T_rev_selected.csv, T_fresh_selected.csv; corrected resampled t-test (unadjusted)"
fing_x_fing,original 0-9,boot,0.01,P2-LogReg,10,-0.00013333333333332976,-0.002667368239033401,0.002400701572366741,0.9078676792785135,4,5,0.039566666666666625,0.03969999999999997,"results/E3mlp/mlp_*.csv (100 files); T_rev_selected.csv, T_fresh_selected.csv; corrected resampled t-test (unadjusted)"
fing_x_fing,original 0-9,boot,0.01,P1-LLR,10,-0.0007666666666666794,-0.003377692152735299,0.0018443588194019403,0.5231944600012789,7,2,0.039566666666666625,0.04033333333333331,"results/E3mlp/mlp_*.csv (100 files); T_rev_selected.csv, T_fresh_selected.csv; corrected resampled t-test (unadjusted)"
lfw_x_fing,D4 0-9,boot,0.0001,LR-P1-N2,10,-0.00285714285714285,-0.008436826411947663,0.0027225406976619623,0.27652831060763927,10,0,0.00130952380952374,0.004166666666666589,"results/E3mlp/mlp_*.csv (100 files); T_rev_selected.csv, T_fresh_selected.csv; corrected resampled t-test (unadjusted)"
lfw_x_fing,D4 0-9,boot,0.0001,P2-LogReg,10,0.00023809523809524002,-0.0009528137342566049,0.0014290042104470849,0.6617803305191605,0,2,0.00130952380952374,0.0010714285714285,"results/E3mlp/mlp_*.csv (100 files); T_rev_selected.csv, T_fresh_selected.csv; corrected resampled t-test (unadjusted)"
lfw_x_fing,D4 0-9,boot,0.0001,P1-LLR,10,0.00059523809523808,-0.0014019769676567023,0.0025924531581328625,0.5171249553683839,0,4,0.00130952380952374,0.0007142857142856599,"results/E3mlp/mlp_*.csv (100 files); T_rev_selected.csv, T_fresh_selected.csv; corrected resampled t-test (unadjusted)"
lfw_x_fing,D4 0-9,boot,0.001,LR-P1-N2,10,-0.0014543650793650501,-0.004867788408975783,0.0019590582502456827,0.3603062141803766,6,0,0.00095238095238088,0.0024067460317459296,"results/E3mlp/mlp_*.csv (100 files); T_rev_selected.csv, T_fresh_selected.csv; corrected resampled t-test (unadjusted)"
lfw_x_fing,D4 0-9,boot,0.001,P2-LogReg,10,0.00011904761904759998,-0.0014842626525547848,0.0017223578906499849,0.8703225323921588,1,2,0.00095238095238088,0.0008333333333332799,"results/E3mlp/mlp_*.csv (100 files); T_rev_selected.csv, T_fresh_selected.csv; corrected resampled t-test (unadjusted)"
lfw_x_fing,D4 0-9,boot,0.001,P1-LLR,10,0.00023809523809522,-0.0009528137342565248,0.0014290042104469648,0.6617803305191605,0,2,0.00095238095238088,0.0007142857142856599,"results/E3mlp/mlp_*.csv (100 files); T_rev_selected.csv, T_fresh_selected.csv; corrected resampled t-test (unadjusted)"
lfw_x_fing,D4 0-9,boot,0.01,LR-P1-N2,10,-0.00146428571428568,-0.004710953938598013,0.0017823825100266534,0.33424611696200185,7,0,0.00083333333333327,0.00229761904761895,"results/E3mlp/mlp_*.csv (100 files); T_rev_selected.csv, T_fresh_selected.csv; corrected resampled t-test (unadjusted)"
lfw_x_fing,D4 0-9,boot,0.01,P2-LogReg,10,0.00011904761904761,-0.0007741341102161985,0.0010122293483114185,0.7698749998921367,0,1,0.00083333333333327,0.0007142857142856599,"results/E3mlp/mlp_*.csv (100 files); T_rev_selected.csv, T_fresh_selected.csv; corrected resampled t-test (unadjusted)"
lfw_x_fing,D4 0-9,boot,0.01,P1-LLR,10,0.00011904761904761,-0.0007741341102161985,0.0010122293483114185,0.7698749998921367,0,1,0.00083333333333327,0.0007142857142856599,"results/E3mlp/mlp_*.csv (100 files); T_rev_selected.csv, T_fresh_selected.csv; corrected resampled t-test (unadjusted)"
lfw_x_fing,D4 0-9,xfit,0.0001,LR-P1-N2,10,-0.005734126984126991,-0.015594773569315821,0.0041265196010618396,0.2208720601833669,10,0,0.0019047619047618401,0.007638888888888831,"results/E3mlp/mlp_*.csv (100 files); T_rev_selected.csv, T_fresh_selected.csv; corrected resampled t-test (unadjusted)"
lfw_x_fing,D4 0-9,xfit,0.0001,P2-LogReg,10,-0.00047619047619048004,-0.00814808486335234,0.007195703910971379,0.8914276062970279,4,2,0.0019047619047618401,0.0023809523809523196,"results/E3mlp/mlp_*.csv (100 files); T_rev_selected.csv, T_fresh_selected.csv; corrected resampled t-test (unadjusted)"
lfw_x_fing,D4 0-9,xfit,0.0001,P1-LLR,10,0.00071428571428572,-0.004123209399620154,0.005551780828191594,0.7460149049711235,2,4,0.0019047619047618401,0.00119047619047612,"results/E3mlp/mlp_*.csv (100 files); T_rev_selected.csv, T_fresh_selected.csv; corrected resampled t-test (unadjusted)"
lfw_x_fing,D4 0-9,xfit,0.001,LR-P1-N2,10,-0.0035992063492063394,-0.013043106365328778,0.0058446936669160985,0.4109927575695707,8,0,0.00083333333333327,0.004432539682539609,"results/E3mlp/mlp_*.csv (100 files); T_rev_selected.csv, T_fresh_selected.csv; corrected resampled t-test (unadjusted)"
lfw_x_fing,D4 0-9,xfit,0.001,P2-LogReg,10,0.00011904761904761,-0.0007741341102161985,0.0010122293483114185,0.7698749998921367,0,1,0.00083333333333327,0.0007142857142856599,"results/E3mlp/mlp_*.csv (100 files); T_rev_selected.csv, T_fresh_selected.csv; corrected resampled t-test (unadjusted)"
lfw_x_fing,D4 0-9,xfit,0.001,P1-LLR,10,0.00011904761904761,-0.0007741341102161985,0.0010122293483114185,0.7698749998921367,0,1,0.00083333333333327,0.0007142857142856599,"results/E3mlp/mlp_*.csv (100 files); T_rev_selected.csv, T_fresh_selected.csv; corrected resampled t-test (unadjusted)"
lfw_x_fing,D4 0-9,xfit,0.01,LR-P1-N2,10,-0.0030848450491307395,-0.011228651824056569,0.0050589617257950905,0.4137357288675161,7,0,0.0007142857142856599,0.0037991307634164,"results/E3mlp/mlp_*.csv (100 files); T_rev_selected.csv, T_fresh_selected.csv; corrected resampled t-test (unadjusted)"
lfw_x_fing,D4 0-9,xfit,0.01,P2-LogReg,10,0.0,0.0,0.0,1.0,0,0,0.0007142857142856599,0.0007142857142856599,"results/E3mlp/mlp_*.csv (100 files); T_rev_selected.csv, T_fresh_selected.csv; corrected resampled t-test (unadjusted)"
lfw_x_fing,D4 0-9,xfit,0.01,P1-LLR,10,0.0,0.0,0.0,1.0,0,0,0.0007142857142856599,0.0007142857142856599,"results/E3mlp/mlp_*.csv (100 files); T_rev_selected.csv, T_fresh_selected.csv; corrected resampled t-test (unadjusted)"
