dataset,alpha,chain,n,far_ok_train,far_ok_test,far_ratio_median,frr_ok_test,selected_chain_types,selected_n_stages,source
face_x_face,0.0001,correlated-pair,20,1.0,0.6,0.8750277963086501,0.0,,,results/E3b/main_*.csv (LR-P1-N2); T_rev_selected.csv
face_x_face,0.0001,single,20,1.0,0.7,0.8972648432288192,0.8,,,results/E3b/main_*.csv (LR-P1-N2); T_rev_selected.csv
face_x_face,0.0001,all,40,1.0,0.65,0.8972648432288192,0.4,,,results/E3b/main_*.csv (LR-P1-N2); T_rev_selected.csv
face_x_face,0.001,correlated-pair,20,1.0,0.6,0.94607516121855,0.0,,,results/E3b/main_*.csv (LR-P1-N2); T_rev_selected.csv
face_x_face,0.001,single,20,1.0,0.7,0.97587280409155,0.95,,,results/E3b/main_*.csv (LR-P1-N2); T_rev_selected.csv
face_x_face,0.001,all,40,1.0,0.65,0.9495219034911999,0.475,,,results/E3b/main_*.csv (LR-P1-N2); T_rev_selected.csv
face_x_face,0.01,correlated-pair,20,1.0,0.7,0.9572270402490499,1.0,,,results/E3b/main_*.csv (LR-P1-N2); T_rev_selected.csv
face_x_face,0.01,single,20,1.0,0.7,0.9401712252612799,1.0,,,results/E3b/main_*.csv (LR-P1-N2); T_rev_selected.csv
face_x_face,0.01,all,40,1.0,0.7,0.952590615966195,1.0,,,results/E3b/main_*.csv (LR-P1-N2); T_rev_selected.csv
fing_x_face,0.001,correlated-pair,390,1.0,0.9256410256410257,0.673430905989,0.9282051282051282,,,results/E3b/main_*.csv (LR-P1-N2); T_rev_selected.csv
fing_x_face,0.001,cross-modal,80,1.0,0.9125,0.6435006435006,1.0,,,results/E3b/main_*.csv (LR-P1-N2); T_rev_selected.csv
fing_x_face,0.001,single,40,1.0,0.975,0.5088144623028,0.725,,,results/E3b/main_*.csv (LR-P1-N2); T_rev_selected.csv
fing_x_face,0.001,all,510,1.0,0.9274509803921569,0.6584657747448,0.9235294117647059,,,results/E3b/main_*.csv (LR-P1-N2); T_rev_selected.csv
fing_x_face,0.01,correlated-pair,326,1.0,0.9294478527607362,0.7572356409565699,0.9355828220858896,,,results/E3b/main_*.csv (LR-P1-N2); T_rev_selected.csv
fing_x_face,0.01,cross-modal,80,1.0,0.9875,0.7519978450211,1.0,,,results/E3b/main_*.csv (LR-P1-N2); T_rev_selected.csv
fing_x_face,0.01,single,40,1.0,0.925,0.68390649785998,0.775,,,results/E3b/main_*.csv (LR-P1-N2); T_rev_selected.csv
fing_x_face,0.01,all,446,1.0,0.9394618834080718,0.7549908712699399,0.9327354260089686,,,results/E3b/main_*.csv (LR-P1-N2); T_rev_selected.csv
fing_x_fing,0.0001,correlated-pair,20,1.0,1.0,0.7569189729909969,0.6,,,results/E3b/main_*.csv (LR-P1-N2); T_rev_selected.csv
fing_x_fing,0.0001,single,20,1.0,1.0,0.6885628542847615,0.8,,,results/E3b/main_*.csv (LR-P1-N2); T_rev_selected.csv
fing_x_fing,0.0001,all,40,1.0,1.0,0.7246860064465933,0.7,,,results/E3b/main_*.csv (LR-P1-N2); T_rev_selected.csv
fing_x_fing,0.001,correlated-pair,20,1.0,1.0,0.7713126597754,1.0,,,results/E3b/main_*.csv (LR-P1-N2); T_rev_selected.csv
fing_x_fing,0.001,single,20,1.0,1.0,0.6791152606424,0.95,,,results/E3b/main_*.csv (LR-P1-N2); T_rev_selected.csv
fing_x_fing,0.001,all,40,1.0,1.0,0.76619984439255,0.975,,,results/E3b/main_*.csv (LR-P1-N2); T_rev_selected.csv
fing_x_fing,0.01,correlated-pair,20,1.0,1.0,0.713059908858505,1.0,,,results/E3b/main_*.csv (LR-P1-N2); T_rev_selected.csv
fing_x_fing,0.01,single,20,1.0,1.0,0.7087140157830301,1.0,,,results/E3b/main_*.csv (LR-P1-N2); T_rev_selected.csv
fing_x_fing,0.01,all,40,1.0,1.0,0.71300989218628,1.0,,,results/E3b/main_*.csv (LR-P1-N2); T_rev_selected.csv
face_x_face,0.0001,selected,10,,0.5,0.9050478096505334,0.0,correlated-pair,2.0,results/E3b/main_*.csv (LR-P1-N2); T_rev_selected.csv
face_x_face,0.001,selected,10,,0.6,0.94629753168775,0.0,correlated-pair,2.0,results/E3b/main_*.csv (LR-P1-N2); T_rev_selected.csv
face_x_face,0.01,selected,10,,0.7,0.958049810985095,1.0,correlated-pair,2.0,results/E3b/main_*.csv (LR-P1-N2); T_rev_selected.csv
fing_x_face,0.001,selected,10,,0.8666666666666666,0.6640776989613499,1.0,correlated-pair;cross-modal,3.675,results/E3b/main_*.csv (LR-P1-N2); T_rev_selected.csv
fing_x_face,0.01,selected,10,,0.99,0.74002574002573,1.0,correlated-pair;correlated-pair|cross-modal,3.2198830409356725,results/E3b/main_*.csv (LR-P1-N2); T_rev_selected.csv
fing_x_fing,0.0001,selected,10,,1.0,0.7663665666333221,0.75,correlated-pair,2.0,results/E3b/main_*.csv (LR-P1-N2); T_rev_selected.csv
fing_x_fing,0.001,selected,10,,1.0,0.7739802156273501,1.0,correlated-pair,2.0,results/E3b/main_*.csv (LR-P1-N2); T_rev_selected.csv
fing_x_fing,0.01,selected,10,,1.0,0.714493720128925,1.0,correlated-pair,2.0,results/E3b/main_*.csv (LR-P1-N2); T_rev_selected.csv
