dataset,method,spoof_trait_max,spoof_trait_mean,n,source
face_x_face,LR-P1-N2,0.8349422726261952,0.8349422726261952,10,results/E3b thresholds + test scores; spoof_trait.py (per-trait perfect spoof)
face_x_face,P0-Parallel,0.8446175672670669,0.8446175672670669,10,results/E3b thresholds + test scores; spoof_trait.py (per-trait perfect spoof)
face_x_face,P1-LLR,0.8528673782521681,0.8528673782521681,10,results/E3b thresholds + test scores; spoof_trait.py (per-trait perfect spoof)
face_x_face,P2-LogReg,0.8412807649544141,0.8412807649544141,10,results/E3b thresholds + test scores; spoof_trait.py (per-trait perfect spoof)
face_x_face,S1-Marcialis,0.8107665110073382,0.8107665110073382,10,results/E3b thresholds + test scores; spoof_trait.py (per-trait perfect spoof)
face_x_face,S2-Symmetric,0.8107665110073382,0.8107665110073382,10,results/E3b thresholds + test scores; spoof_trait.py (per-trait perfect spoof)
face_x_face,S3-SPRT,0.8557409384033801,0.8557409384033801,10,results/E3b thresholds + test scores; spoof_trait.py (per-trait perfect spoof)
face_x_face,S4-Direct,0.8367070713809206,0.8367070713809206,10,results/E3b thresholds + test scores; spoof_trait.py (per-trait perfect spoof)
fing_x_face,LR-P1-N2,0.855503925852763,0.7075479549316759,10,results/E3b thresholds + test scores; spoof_trait.py (per-trait perfect spoof)
fing_x_face,P0-Parallel,0.8205411391457902,0.6032364590504125,10,results/E3b thresholds + test scores; spoof_trait.py (per-trait perfect spoof)
fing_x_face,P1-LLR,0.8074122295052527,0.5909475921103828,10,results/E3b thresholds + test scores; spoof_trait.py (per-trait perfect spoof)
fing_x_face,P2-LogReg,0.7962078357427195,0.5597837039697505,10,results/E3b thresholds + test scores; spoof_trait.py (per-trait perfect spoof)
fing_x_face,S1-Marcialis,0.7615886027223235,0.6519537498461917,10,results/E3b thresholds + test scores; spoof_trait.py (per-trait perfect spoof)
fing_x_face,S2-Symmetric,0.7621886005606935,0.6521101112186384,10,results/E3b thresholds + test scores; spoof_trait.py (per-trait perfect spoof)
fing_x_face,S3-SPRT,0.767969290481749,0.5143773121721626,10,results/E3b thresholds + test scores; spoof_trait.py (per-trait perfect spoof)
fing_x_face,S4-Direct,0.7413957621598818,0.5704155270600453,10,results/E3b thresholds + test scores; spoof_trait.py (per-trait perfect spoof)
fing_x_fing,LR-P1-N2,0.8623466544403691,0.82324774924975,10,results/E3b thresholds + test scores; spoof_trait.py (per-trait perfect spoof)
fing_x_fing,P0-Parallel,0.8287830943647883,0.7911894631543849,10,results/E3b thresholds + test scores; spoof_trait.py (per-trait perfect spoof)
fing_x_fing,P1-LLR,0.8325347671446037,0.7919182449705457,10,results/E3b thresholds + test scores; spoof_trait.py (per-trait perfect spoof)
fing_x_fing,P2-LogReg,0.8350622318550627,0.7881782538623986,10,results/E3b thresholds + test scores; spoof_trait.py (per-trait perfect spoof)
fing_x_fing,S1-Marcialis,0.8618276092030677,0.7245179170834722,10,results/E3b thresholds + test scores; spoof_trait.py (per-trait perfect spoof)
fing_x_fing,S2-Symmetric,0.8618276092030677,0.7245179170834722,10,results/E3b thresholds + test scores; spoof_trait.py (per-trait perfect spoof)
fing_x_fing,S3-SPRT,0.8423782816494387,0.797985723018784,10,results/E3b thresholds + test scores; spoof_trait.py (per-trait perfect spoof)
fing_x_fing,S4-Direct,0.8531835834166944,0.7984550961431588,10,results/E3b thresholds + test scores; spoof_trait.py (per-trait perfect spoof)
lfw_x_fing,LR-P1-N2,0.9634709877594263,0.610240466415675,10,results/E3fresh thresholds (calib boot) + test scores; spoof_trait.py (per-trait perfect spoof)
lfw_x_fing,P0-Parallel,0.8164626255746636,0.5648045670393704,10,results/E3fresh thresholds (calib boot) + test scores; spoof_trait.py (per-trait perfect spoof)
lfw_x_fing,P1-LLR,0.9754927918724106,0.8341626463855307,10,results/E3fresh thresholds (calib boot) + test scores; spoof_trait.py (per-trait perfect spoof)
lfw_x_fing,P2-LogReg,0.9790968556671775,0.6712547060938002,10,results/E3fresh thresholds (calib boot) + test scores; spoof_trait.py (per-trait perfect spoof)
lfw_x_fing,S1-Marcialis,0.899440187676183,0.748726398584861,10,results/E3fresh thresholds (calib boot) + test scores; spoof_trait.py (per-trait perfect spoof)
lfw_x_fing,S2-Symmetric,0.899440187676183,0.748726398584861,10,results/E3fresh thresholds (calib boot) + test scores; spoof_trait.py (per-trait perfect spoof)
lfw_x_fing,S3-SPRT,0.9555887110505704,0.587249587724111,10,results/E3fresh thresholds (calib boot) + test scores; spoof_trait.py (per-trait perfect spoof)
lfw_x_fing,S4-Direct,0.9597359361106381,0.6564703303252171,10,results/E3fresh thresholds (calib boot) + test scores; spoof_trait.py (per-trait perfect spoof)
