dataset,matcher,which,setting,N,nD,nB,lr_time,lr_complete,lr_cert_gap,enum_time,enum_complete,enum_fraction,speedup,de_time,grid_vs_de,source
fing_x_face,face_C,B,31.0,2,105,31,0.2157738208770752,True,0.0,0.2682762145996094,True,1.0,1.2433214256906746,0.5777268409729004,0.05182170636025935,results/E7/e7_*.csv (enum_time = extrapolated when enum_complete is False)
fing_x_face,face_C,B,61.0,2,105,61,0.4521183967590332,True,0.0,1.276357889175415,True,1.0,2.823061167881826,0.5132086277008057,0.0006564981244779634,results/E7/e7_*.csv (enum_time = extrapolated when enum_complete is False)
fing_x_face,face_C,B,151.0,2,105,151,1.564655065536499,True,0.0,7.23923659324646,True,1.0,4.626730039546591,0.5995495319366455,0.0019464375724379103,results/E7/e7_*.csv (enum_time = extrapolated when enum_complete is False)
fing_x_face,face_C,B,301.0,2,105,301,4.591375589370728,True,0.0,29.86774969100952,True,1.0,6.505185452515561,0.5217440128326416,0.00016014648284770437,results/E7/e7_*.csv (enum_time = extrapolated when enum_complete is False)
fing_x_face,face_C,B,601.0,2,105,601,14.63167119026184,True,0.0,116.210795879364,True,1.0,7.942414394652915,0.5717687606811523,7.28867787703385e-05,results/E7/e7_*.csv (enum_time = extrapolated when enum_complete is False)
fing_x_face,face_C,D,30.0,2,30,151,0.908949613571167,True,0.0,5.6276702880859375,True,1.0,6.191399615623814,0.8221359252929688,0.0011213577455949418,results/E7/e7_*.csv (enum_time = extrapolated when enum_complete is False)
fing_x_face,face_C,D,60.0,2,56,151,1.3034157752990725,True,0.0,6.007125854492188,True,1.0,4.608756444668499,0.789527177810669,0.0017076093601700165,results/E7/e7_*.csv (enum_time = extrapolated when enum_complete is False)
fing_x_face,face_C,D,120.0,2,105,151,1.635676383972168,True,0.0,7.1733057498931885,True,1.0,4.385528714716252,0.5740551948547363,0.0019464375724379103,results/E7/e7_*.csv (enum_time = extrapolated when enum_complete is False)
fing_x_face,face_C,D,240.0,2,195,151,2.08382248878479,True,0.0,10.992344379425049,True,1.0,5.275086740154814,0.753852367401123,0.002416114879513025,results/E7/e7_*.csv (enum_time = extrapolated when enum_complete is False)
fing_x_face,face_C,D,480.0,2,358,151,3.1773602962493896,True,0.0,16.968146562576294,True,1.0,5.3403281279135335,0.4520344734191894,0.0017489753683310176,results/E7/e7_*.csv (enum_time = extrapolated when enum_complete is False)
fing_x_face,face_C,D,960.0,2,656,151,5.0867133140563965,True,0.0,33.223339319229126,True,1.0,6.53139606421719,0.4077587127685547,0.0026563761615291314,results/E7/e7_*.csv (enum_time = extrapolated when enum_complete is False)
fing_x_face,face_C,N,1.0,1,105,151,0.0867397785186767,True,0.0,0.0978860855102539,True,1.0,1.1285028297504494,0.2058095932006836,0.0658202608041372,results/E7/e7_*.csv (enum_time = extrapolated when enum_complete is False)
fing_x_face,face_C,N,2.0,2,105,151,1.6229326725006104,True,0.0,7.476271390914917,True,1.0,4.606642972684441,0.6213822364807129,0.0019464375724379103,results/E7/e7_*.csv (enum_time = extrapolated when enum_complete is False)
fing_x_face,face_C,N,3.0,3,105,151,99.6771445274353,True,0.0,393.7127065658569,True,1.0,3.949879467679682,1.4314920902252195,0.001946433552728337,results/E7/e7_*.csv (enum_time = extrapolated when enum_complete is False)
fing_x_face,face_C,N,4.0,4,105,151,600.2069373130798,False,0.4404034225788048,11648.458335621652,False,0.0515246923887307,,1.8300073146820068,,results/E7/e7_*.csv (enum_time = extrapolated when enum_complete is False)
fing_x_face,face_C,N,5.0,5,105,151,600.3139159679413,False,0.5803567023701784,365234.1510169302,False,0.0016431217906839,,2.426369428634644,,results/E7/e7_*.csv (enum_time = extrapolated when enum_complete is False)
fing_x_fing,li_V,B,31.0,2,44,31,0.1568782329559326,True,0.0,0.2530245780944824,True,1.0,1.6128724382404125,0.4559676647186279,0.0031199895523939597,results/E7/e7_*.csv (enum_time = extrapolated when enum_complete is False)
fing_x_fing,li_V,B,61.0,2,44,61,0.3019123077392578,True,0.0,0.7952160835266113,True,1.0,2.633930658479111,0.4800679683685303,0.0031199895523939597,results/E7/e7_*.csv (enum_time = extrapolated when enum_complete is False)
fing_x_fing,li_V,B,151.0,2,44,151,0.7274479866027832,True,0.0,5.080137014389038,True,1.0,6.983505498604127,0.528784990310669,0.001401158046812056,results/E7/e7_*.csv (enum_time = extrapolated when enum_complete is False)
fing_x_fing,li_V,B,301.0,2,44,301,1.3178789615631104,True,0.0,20.39270710945129,True,1.0,15.473884707336023,0.4499897956848144,0.0006870852471575736,results/E7/e7_*.csv (enum_time = extrapolated when enum_complete is False)
fing_x_fing,li_V,B,601.0,2,44,601,3.024449348449707,True,0.0,78.1028618812561,True,1.0,25.823828698368054,0.6162469387054443,0.0003331171005161657,results/E7/e7_*.csv (enum_time = extrapolated when enum_complete is False)
fing_x_fing,li_V,D,30.0,2,29,151,0.672745943069458,True,0.0,4.391694307327271,True,1.0,6.528013067295225,0.60636305809021,0.014274190378722067,results/E7/e7_*.csv (enum_time = extrapolated when enum_complete is False)
fing_x_fing,li_V,D,60.0,2,42,151,0.8098528385162354,True,0.0,4.770626783370972,True,1.0,5.890732928850917,0.8502402305603027,0.0018905344541265345,results/E7/e7_*.csv (enum_time = extrapolated when enum_complete is False)
fing_x_fing,li_V,D,120.0,2,44,151,0.9002251625061035,True,0.0,4.846391439437866,True,1.0,5.38353252195948,0.6177845001220703,0.001401158046812056,results/E7/e7_*.csv (enum_time = extrapolated when enum_complete is False)
fing_x_fing,li_V,D,240.0,2,44,151,0.8095450401306152,True,0.0,4.983584642410278,True,1.0,6.156031345218552,0.4658112525939941,0.001401158046812056,results/E7/e7_*.csv (enum_time = extrapolated when enum_complete is False)
fing_x_fing,li_V,D,480.0,2,45,151,0.8101856708526611,True,0.0,4.784897327423096,True,1.0,5.905926875240019,0.5358948707580566,0.0013210677429906165,results/E7/e7_*.csv (enum_time = extrapolated when enum_complete is False)
fing_x_fing,li_V,D,960.0,2,45,151,0.7127413749694824,True,0.0,4.701109886169434,True,1.0,6.595814486524964,0.554818868637085,0.0013210677429906165,results/E7/e7_*.csv (enum_time = extrapolated when enum_complete is False)
fing_x_fing,li_V,N,1.0,1,44,151,0.0870749950408935,True,0.0,0.1170215606689453,True,1.0,1.3439169375087283,0.148815631866455,0.0031199895559748275,results/E7/e7_*.csv (enum_time = extrapolated when enum_complete is False)
fing_x_fing,li_V,N,2.0,2,44,151,0.8587641716003418,True,0.0,5.263605117797852,True,1.0,6.129278900852269,0.4566237926483154,0.001401158046812056,results/E7/e7_*.csv (enum_time = extrapolated when enum_complete is False)
fing_x_fing,li_V,N,3.0,3,44,151,26.89435362815857,True,0.0,258.54507327079773,True,1.0,9.613358879913712,1.1635448932647705,0.001401158050052607,results/E7/e7_*.csv (enum_time = extrapolated when enum_complete is False)
fing_x_fing,li_V,N,4.0,4,44,151,600.2454535961151,False,0.0607836567310443,8661.043349380421,False,0.0692945632418498,,1.9777767658233645,,results/E7/e7_*.csv (enum_time = extrapolated when enum_complete is False)
fing_x_fing,li_V,N,5.0,5,44,151,600.3919639587402,False,0.1951325469135051,259936.3236075376,False,0.0023089551462241,,2.6459085941314697,,results/E7/e7_*.csv (enum_time = extrapolated when enum_complete is False)
