dataset,alpha,method,frr_test,frr_test_sd,far_test,far_test_sd,frr_pred,stages_gen,stages_imp,n_seeds,feas_rate,far_ok_test_sel,far_ok_test_all,source
face_x_face,0.0001,DE-N2,0.2718,0.008775949176619988,0.00010495886146316669,2.182530880502835e-05,0.19379323365948006,1.3095666666666665,1.1424226150767178,10,1.0,0.5,0.45,results/E3cal/main_*.csv
face_x_face,0.0001,LR-P1-N2,0.2717333333333333,0.008899715628693131,0.00010531465421388787,2.1934842706076026e-05,0.19356629192917046,1.3091333333333333,1.143200822770736,10,1.0,0.5,0.45,results/E3cal/main_*.csv
face_x_face,0.0001,LR-P1-N2-rel,0.2648333333333333,0.0075934507193476004,0.00010831665554811498,1.7647758421514002e-05,0.2855112239164018,1.2462,1.0168257282632864,10,1.0,0.4,0.425,results/E3cal/main_*.csv
face_x_face,0.0001,LR-P1-N3,0.27163333333333334,0.008864480376518349,0.00010513675783852685,2.1982282865172455e-05,0.19332479917169604,1.3093666666666668,1.1445109406270848,10,1.0,0.5,0.45,results/E3cal/main_*.csv
face_x_face,0.0001,LR-P2-N2,0.27149999999999996,0.009014734166838515,0.0001056704469646072,2.2009010391080387e-05,0.22180554650933124,1.3024,1.1671656882366022,10,1.0,0.5,0.45,results/E3cal/main_*.csv
face_x_face,0.0001,LR-P2-N2-rel,0.26236666666666664,0.007042113178918078,0.00010969535245716174,1.7083510691892118e-05,0.4167522083084919,1.2288000000000001,1.009906448743607,10,1.0,0.4,0.425,results/E3cal/main_*.csv
face_x_face,0.0001,MAXMONO-K3,0.2672333333333333,0.017881675564321547,0.00010584834333997477,2.2501332661262015e-05,0.7030211087271525,1.1175333333333333,1.0020249277295974,10,1.0,0.2,0.35,results/E3cal/main_*.csv
face_x_face,0.0001,MONO,0.27176666666666666,0.009578847581398002,0.00010495886146317718,2.168210270276604e-05,0.19335668116465127,1.3074999999999999,1.146824216144096,10,1.0,0.5,0.45,results/E3cal/main_*.csv
face_x_face,0.0001,MONO-rel,0.2648,0.007888419391350026,0.00010836112964196306,1.728176088556691e-05,0.28231489464414855,1.2467333333333332,1.0172149877696242,10,1.0,0.5,0.45,results/E3cal/main_*.csv
face_x_face,0.0001,NLS-N2,0.27146666666666663,0.008891943919451315,0.00010589281743382124,2.1085182012907457e-05,0.19152757220597086,1.2891,1.0934469868801424,10,1.0,0.5,0.45,results/E3cal/main_*.csv
face_x_face,0.0001,P0-Parallel,0.2402333333333333,0.006707375708046232,0.00011216366466528513,1.9356083044017994e-05,,2.0,2.0,10,1.0,0.3,0.3,results/E3cal/main_*.csv
face_x_face,0.0001,S1-Marcialis,0.28626666666666667,0.012032671573062448,0.00010446964643092081,2.536557371033164e-05,,1.8789666666666665,1.9973517456081833,10,0.5,0.4,0.4,results/E3cal/main_*.csv
face_x_face,0.0001,S2-Symmetric,0.28626666666666667,0.012032671573062448,0.00010446964643092081,2.536557371033164e-05,,1.8789666666666665,1.9973517456081833,10,0.5,0.4,0.4,results/E3cal/main_*.csv
face_x_face,0.0001,S4-Direct,0.24829999999999997,0.004834163402541255,0.00011787858572376423,1.8070464603308365e-05,,1.2123666666666666,1.0025611296419836,10,0.5,0.1,0.2,results/E3cal/main_*.csv
face_x_face,0.001,DE-N2,0.1613333333333333,0.005185449728701374,0.00103360017789633,9.876216943144006e-05,0.11639430256679524,1.2333,1.9839255058928174,10,1.0,0.4,0.35,results/E3cal/main_*.csv
face_x_face,0.001,LR-P1-N2,0.16143333333333332,0.0049217331083799935,0.00104111629975535,9.704366907774275e-05,0.1164057570861137,1.2292999999999998,1.9678998665777185,10,1.0,0.4,0.35,results/E3cal/main_*.csv
face_x_face,0.001,LR-P1-N2-rel,0.16249999999999998,0.004403281604540958,0.0010756281965754399,0.00010603734781111566,0.09968658121899543,1.1872666666666667,1.166041472092506,10,1.0,0.2,0.25,results/E3cal/main_*.csv
face_x_face,0.001,LR-P1-N3,0.16146666666666665,0.004784749435497545,0.0010348899266177099,0.00010002247160075804,0.11641032881950072,1.2292666666666667,1.9801627307093619,10,1.0,0.4,0.35,results/E3cal/main_*.csv
face_x_face,0.001,LR-P2-N2,0.16176666666666664,0.0043576242252962765,0.00105399154992212,0.00010110828738943199,0.15101801241004517,1.2190999999999999,1.8648767622859683,10,1.0,0.3,0.35,results/E3cal/main_*.csv
face_x_face,0.001,LR-P2-N2-rel,0.16223333333333328,0.004320636670048488,0.00107951967978649,0.00011089276384926126,0.12005348574669475,1.1753,1.0970569046030687,10,1.0,0.2,0.25,results/E3cal/main_*.csv
face_x_face,0.001,MAXMONO-K3,0.16616666666666663,0.007071504284061939,0.00108038692461636,0.00011811369346013808,0.22058256884374589,1.2013,1.2397258172114742,10,1.0,0.3,0.3,results/E3cal/main_*.csv
face_x_face,0.001,MONO,0.1611333333333333,0.005604671772638649,0.0010472314876584,0.00010363732051771096,0.11543979863840023,1.2238666666666667,1.90661285301312,10,1.0,0.4,0.35,results/E3cal/main_*.csv
face_x_face,0.001,MONO-rel,0.1624333333333333,0.004380230559352619,0.00107491661107398,0.0001076956632847334,0.09942963308774164,1.1875333333333333,1.1698493440071158,10,1.0,0.2,0.25,results/E3cal/main_*.csv
face_x_face,0.001,NLS-N2,0.1610333333333333,0.0052878850587982544,0.00105154547476089,9.820860574882358e-05,0.11146226772323495,1.2184333333333333,1.8682090060040024,10,1.0,0.4,0.375,results/E3cal/main_*.csv
face_x_face,0.001,P0-Parallel,0.15136666666666662,0.004220613728702689,0.00107542806315316,0.00011907784864078952,,2.0,2.0,10,1.0,0.3,0.3,results/E3cal/main_*.csv
face_x_face,0.001,S1-Marcialis,0.1828333333333333,0.005913470706993429,0.00104800978430059,0.00016613838813982386,,1.8789666666666665,1.9973517456081833,10,0.5,0.4,0.3,results/E3cal/main_*.csv
face_x_face,0.001,S2-Symmetric,0.1828333333333333,0.005913470706993429,0.00104800978430059,0.00016613838813982386,,1.8789666666666665,1.9973517456081833,10,0.5,0.4,0.3,results/E3cal/main_*.csv
face_x_face,0.001,S4-Direct,0.15829999999999994,0.003615638187951448,0.00107198132088054,0.00012694054153412212,,1.1287666666666667,1.010095263509006,10,0.5,0.3,0.3,results/E3cal/main_*.csv
face_x_face,0.01,DE-N2,0.07536666666666662,0.0017739542215758762,0.00969759839893257,0.0006434196477450703,0.08762609299748858,1.1297000000000001,1.992928174338448,10,1.0,0.7,0.55,results/E3cal/main_*.csv
face_x_face,0.01,HYP,0.09719999999999995,0.004083087672126518,0.01022299310651542,0.0010176595867955765,0.5702843636695893,1.0,1.0,10,0.875,0.5,0.4,results/E3cal/main_*.csv
face_x_face,0.01,LR-P1-N2,0.0751333333333333,0.0018203242147797503,0.00969888814765395,0.0006380327436806548,0.08774505692916529,1.1302333333333334,1.9930844785412496,10,1.0,0.7,0.55,results/E3cal/main_*.csv
face_x_face,0.01,LR-P1-N2-rel,0.07489999999999997,0.0021201560622735025,0.00969019346230816,0.0006472796365095107,0.04006056124408746,1.1196,1.9937629975539248,10,1.0,0.7,0.55,results/E3cal/main_*.csv
face_x_face,0.01,LR-P1-N3,0.07516666666666663,0.0025300661192745855,0.00969755392483873,0.0006464006183829634,0.08792131091068926,1.1283666666666667,1.993982988659106,10,1.0,0.7,0.55,results/E3cal/main_*.csv
face_x_face,0.01,LR-P2-N2,0.07499999999999996,0.0016178021976178997,0.009712941961307479,0.000638095284491557,0.12051579649183242,1.1269666666666667,1.993915632643985,10,1.0,0.7,0.55,results/E3cal/main_*.csv
face_x_face,0.01,LR-P2-N2-rel,0.07559999999999996,0.00201720990540626,0.00992432732933062,0.0007510879123339654,0.037440875614282124,1.1217333333333332,1.9348333333333332,10,1.0,0.6,0.525,results/E3cal/main_*.csv
face_x_face,0.01,MAXMONO-K3,0.07656666666666663,0.003359342969270215,0.0097617967533911,0.000648894359943032,0.10941015358689199,1.134,1.9916374027129198,10,1.0,0.7,0.55,results/E3cal/main_*.csv
face_x_face,0.01,MONO,0.0753333333333333,0.0021487866228681878,0.00968510117856343,0.0006418740569685308,0.08603744411227447,1.1263,1.9937432288192127,10,1.0,0.7,0.55,results/E3cal/main_*.csv
face_x_face,0.01,MONO-rel,0.07486666666666661,0.0017370330885211416,0.00969072715143424,0.0006490651708617513,0.0403812880540956,1.1202,1.9940986657771849,10,1.0,0.7,0.55,results/E3cal/main_*.csv
face_x_face,0.01,NLS-N2,0.07496666666666663,0.0022632326929023895,0.00970184567489433,0.000646673170265049,0.08200371904825154,1.1244666666666667,1.9943169001556593,10,1.0,0.7,0.55,results/E3cal/main_*.csv
face_x_face,0.01,P0-Parallel,0.08366666666666661,0.0028065179867366873,0.01033678007560592,0.0006849187515219451,,2.0,2.0,10,1.0,0.3,0.3,results/E3cal/main_*.csv
face_x_face,0.01,S1-Marcialis,0.09569999999999998,0.005150692150539545,0.010224927729597471,0.0010175464533690637,,1.8789666666666665,1.9973517456081833,10,0.5,0.5,0.4,results/E3cal/main_*.csv
face_x_face,0.01,S2-Symmetric,0.08489999999999998,0.008174108476324252,0.01020177896375357,0.0006011123378740472,,1.2871333333333332,1.8702959306204137,10,0.5,0.4,0.45,results/E3cal/main_*.csv
face_x_face,0.01,S4-Direct,0.07606666666666664,0.003238655413730965,0.01035170113408935,0.0006985929132828341,,1.1293666666666666,1.792369557482766,10,0.5,0.3,0.35,results/E3cal/main_*.csv
fing_x_face,0.001,DE-N2,0.010038610038609999,0.0055206204863647804,0.00070485768160182,0.0001961961111907106,0.04198715731187596,1.1691119691119691,2.8301173266289545,10,0.9984375,0.8,0.8247261345852895,results/E3cal/main_*.csv
fing_x_face,0.001,LR-P1-N2,0.010038610038609999,0.0055206204863647804,0.00071982281284602,0.00019466818000024556,0.042482210690874884,1.167953667953668,2.820822483613181,10,0.996875,0.8,0.822884012539185,results/E3cal/main_*.csv
fing_x_face,0.001,LR-P1-N2-rel,0.01235521235521231,0.005697797585888988,0.0008081170871868,0.00016148787381638335,0.037764701980460405,1.2135135135135136,2.225656221005058,10,0.9015625,0.9,0.7764298093587522,results/E3cal/main_*.csv
fing_x_face,0.001,LR-P1-N3,0.010038610038609999,0.0055206204863647804,0.00072131932597044,0.000192398800479935,0.042389628849458114,1.167953667953668,2.829158061716201,10,0.9984375,0.8,0.8215962441314554,results/E3cal/main_*.csv
fing_x_face,0.001,LR-P2-N2,0.010038610038609999,0.00488382650219053,0.00063751459100292,0.00014095144722754517,0.0484438413667138,1.1656370656370656,2.857698063512017,10,1.0,1.0,0.8546875,results/E3cal/main_*.csv
fing_x_face,0.001,LR-P2-N2-rel,0.01776061776061771,0.010644053090417166,0.00084852294154614,0.00014285409071393364,0.05314987326807287,1.2057915057915056,1.6186734907665141,10,0.8015625,0.8,0.7699805068226121,results/E3cal/main_*.csv
fing_x_face,0.001,MAXMONO-K3,0.05096525096525092,0.0121824036717624,0.00082158570530658,0.00023969657975638723,0.11143176088504192,1.0907335907335907,1.1580886534374906,10,0.6328125,0.8,0.7703703703703704,results/E3cal/main_*.csv
fing_x_face,0.001,MONO,0.01119691119691116,0.006675059191706519,0.00075274610158326,0.0002017735325883799,0.04173783873100273,1.1903474903474902,2.6767696267696266,10,0.99375,0.8,0.8191823899371069,results/E3cal/main_*.csv
fing_x_face,0.001,MONO-rel,0.01235521235521231,0.005697797585888988,0.00083206129717752,0.0001510086466811599,0.037658627520387476,1.2138996138996139,2.2449762054413216,10,0.9046875,0.9,0.770293609671848,results/E3cal/main_*.csv
fing_x_face,0.001,NLS-N2,0.01042471042471039,0.0065750526509368214,0.00072730537846812,0.00020005817718751526,0.039352209027682425,1.194980694980695,2.723635928287091,10,0.9984375,0.8,0.8153364632237872,results/E3cal/main_*.csv
fing_x_face,0.001,P0-Parallel,0.01930501930501928,0.004069855418492133,0.00064799018287386,0.00022387200558745955,,4.0,4.0,10,1.0,0.9,0.9,results/E3cal/main_*.csv
fing_x_face,0.001,S1-Marcialis,0.01853281853281849,0.00993578330276385,0.0007707042590763,0.00027077745244522613,,1.58996138996139,2.9038235910328933,10,0.9375,0.8,0.785,results/E3cal/main_*.csv
fing_x_face,0.001,S2-Symmetric,0.0181467181467181,0.009289617725929768,0.00077669031157398,0.0002701518233001618,,1.5621621621621622,2.8433450061357037,10,0.9375,0.8,0.785,results/E3cal/main_*.csv
fing_x_face,0.001,S4-Direct,0.022779922779922718,0.008623869018147212,0.00082158570530659,0.0003539604184754734,,1.2671814671814672,1.7409146688216457,10,0.1875,0.9,0.8,results/E3cal/main_*.csv
fing_x_face,0.01,DE-N2,0.0061776061776061195,0.004150454439278514,0.00859746789979343,0.0014361545414395907,0.03658754512322622,1.096911196911197,3.054004669120948,10,0.9859375,0.9,0.8288431061806656,results/E3cal/main_*.csv
fing_x_face,0.01,HYP,0.042084942084942026,0.007382049111814658,0.00837598395737924,0.001522641127014181,0.16338389965682562,1.0722007722007723,1.0640447756726827,10,0.3328125,0.9,0.6525821596244131,results/E3cal/main_*.csv
fing_x_face,0.01,LR-P1-N2,0.006563706563706509,0.004090154075179056,0.0084762503367154,0.0015206648419745364,0.03717510845089573,1.0953667953667954,3.050172099009308,10,0.9875,0.9,0.8259493670886076,results/E3cal/main_*.csv
fing_x_face,0.01,LR-P1-N2-rel,0.00656370656370652,0.005475430472633892,0.00906437999461252,0.0015062098757684817,0.02137021828914304,1.1405405405405404,2.781202298644159,10,0.9875,0.9,0.8117088607594937,results/E3cal/main_*.csv
fing_x_face,0.01,LR-P1-N3,0.006563706563706509,0.004090154075179056,0.00849420849420844,0.0015271311715419809,0.03707188505812583,1.0953667953667954,3.0478854269551943,10,0.9859375,0.9,0.8288431061806656,results/E3cal/main_*.csv
fing_x_face,0.01,LR-P2-N2,0.00617760617760614,0.00581291623713576,0.007702553051390219,0.000729670157783971,0.04294181423343529,1.0984555984555986,3.14357397264374,10,0.9921875,1.0,0.8409448818897638,results/E3cal/main_*.csv
fing_x_face,0.01,LR-P2-N2-rel,0.00501930501930498,0.0036628698766428963,0.00909879979647415,0.0012587524874549236,0.01941796862832955,1.1204633204633205,2.547267367034809,10,0.9921875,0.8,0.8141732283464567,results/E3cal/main_*.csv
fing_x_face,0.01,MAXMONO-K3,0.00810810810810807,0.009182012345810509,0.00877405644847501,0.0015313594551883288,0.05253059910060417,1.0915057915057915,2.1072057106940827,10,0.9453125,0.9,0.8099173553719008,results/E3cal/main_*.csv
fing_x_face,0.01,MONO,0.006563706563706509,0.004832685548396005,0.00833258507677108,0.0015048669559641155,0.03586170156849487,1.0945945945945947,3.0219493579958696,10,0.9859375,0.9,0.8288431061806656,results/E3cal/main_*.csv
fing_x_face,0.01,MONO-rel,0.00656370656370652,0.005475430472633892,0.0090778486127323,0.0015068069870622196,0.02140717350026156,1.1397683397683398,2.7943102571009546,10,0.9890625,0.9,0.8104265402843602,results/E3cal/main_*.csv
fing_x_face,0.01,NLS-N2,0.0061776061776061195,0.004150454439278514,0.00854957947981199,0.001386626168061872,0.03273794154233928,1.0992277992277992,3.0352114573044804,10,0.9859375,0.9,0.8240887480190174,results/E3cal/main_*.csv
fing_x_face,0.01,P0-Parallel,0.0030888030888030797,0.005399273349653275,0.00839992816736997,0.0012390680832762165,,4.0,4.0,10,1.0,0.8,0.8,results/E3cal/main_*.csv
fing_x_face,0.01,S1-Marcialis,0.01428571428571423,0.006822320865224483,0.00967795037562476,0.0021369947749387687,,1.5335907335907337,2.5166307503516805,10,0.9375,0.6,0.7383333333333333,results/E3cal/main_*.csv
fing_x_face,0.01,S2-Symmetric,0.016216216216216158,0.009063998384380437,0.009475921103828038,0.002375177913810497,,1.4023166023166023,2.358111101134357,10,0.9375,0.6,0.72,results/E3cal/main_*.csv
fing_x_face,0.01,S4-Direct,0.012355212355212319,0.008098910024479948,0.00851964921732358,0.0016267777603346004,,1.1694980694980697,1.7259211038280806,10,0.1875,0.7,0.7083333333333334,results/E3cal/main_*.csv
fing_x_fing,0.0001,DE-N2,0.10276666666666665,0.0036986817805239923,7.37245748582861e-05,6.793497854140791e-06,0.10133062383878869,1.1875,1.9736810936978995,10,1.0,1.0,1.0,results/E3cal/main_*.csv
fing_x_fing,0.0001,LR-P1-N2,0.10289999999999999,0.0036819546607008576,7.370234522618651e-05,6.7871099274822446e-06,0.10142140292516799,1.1873666666666667,1.9716599755474047,10,1.0,1.0,1.0,results/E3cal/main_*.csv
fing_x_fing,0.0001,LR-P1-N2-rel,0.10959999999999999,0.005431503895598445,8.407246860064466e-05,9.360995179870587e-06,0.14264811592659557,1.1278666666666666,1.03346648882961,10,1.0,1.0,0.975,results/E3cal/main_*.csv
fing_x_fing,0.0001,LR-P1-N3,0.10279999999999997,0.0037324072925567593,7.371346004223631e-05,6.797083375979107e-06,0.10141432647981304,1.1874666666666667,1.9731770479048572,10,1.0,1.0,1.0,results/E3cal/main_*.csv
fing_x_fing,0.0001,LR-P2-N2,0.1025,0.004237545294561071,7.511392686451039e-05,8.041475315762779e-06,0.10074371294675474,1.1874333333333333,1.9726458041569412,10,1.0,1.0,1.0,results/E3cal/main_*.csv
fing_x_fing,0.0001,LR-P2-N2-rel,0.11599999999999996,0.00447765370657998,8.602867622540847e-05,5.477799141425282e-06,0.23202516032531909,1.1079333333333334,1.0096474158052684,10,1.0,1.0,0.925,results/E3cal/main_*.csv
fing_x_fing,0.0001,MAXMONO-K3,0.12039999999999995,0.004850353175380737,8.822940980326776e-05,8.039597427645197e-06,0.2701246725098313,1.0817333333333334,1.0045191619428697,10,1.0,1.0,1.0,results/E3cal/main_*.csv
fing_x_fing,0.0001,MONO,0.10279999999999997,0.0037587757397493636,7.37245748582861e-05,6.793497854140791e-06,0.0999635115985145,1.1874666666666667,1.973149927753696,10,1.0,1.0,1.0,results/E3cal/main_*.csv
fing_x_fing,0.0001,MONO-rel,0.10949999999999997,0.0052733899889263304,8.371679448705123e-05,9.902768145912474e-06,0.14323612114768441,1.1272,1.0334653995776368,10,1.0,1.0,0.975,results/E3cal/main_*.csv
fing_x_fing,0.0001,NLS-N2,0.10239999999999998,0.004126996336978265,7.510281204846059e-05,8.035199746102674e-06,0.09750282523631718,1.1875333333333333,1.974175391797266,10,1.0,1.0,1.0,results/E3cal/main_*.csv
fing_x_fing,0.0001,P0-Parallel,0.0899333333333333,0.003491789311025584,9.088585083916519e-05,7.785142086003161e-06,,2.0,2.0,10,1.0,0.9,0.9,results/E3cal/main_*.csv
fing_x_fing,0.0001,S1-Marcialis,0.12253333333333331,0.0047899070843329655,8.083805713015449e-05,1.0257803722797947e-05,,1.4128333333333334,1.9902425586306545,10,0.5,1.0,1.0,results/E3cal/main_*.csv
fing_x_fing,0.0001,S2-Symmetric,0.12253333333333331,0.0047899070843329655,8.083805713015449e-05,1.0257803722797947e-05,,1.4128333333333334,1.9902425586306545,10,0.5,1.0,1.0,results/E3cal/main_*.csv
fing_x_fing,0.0001,S4-Direct,0.09889999999999995,0.004043131655072208,8.808491719462043e-05,9.50101890408086e-06,,1.1783333333333332,1.942792408580638,10,0.5,1.0,1.0,results/E3cal/main_*.csv
fing_x_fing,0.001,DE-N2,0.06829999999999999,0.0032296848449238458,0.00085023896854501,8.108429417637209e-05,0.08322952081783534,1.1361666666666665,1.974216027564744,10,1.0,1.0,1.0,results/E3cal/main_*.csv
fing_x_fing,0.001,LR-P1-N2,0.06836666666666663,0.0031989581637360113,0.00085022785372896,8.115215098199836e-05,0.08334670675670296,1.1361,1.9732628876292098,10,1.0,1.0,1.0,results/E3cal/main_*.csv
fing_x_fing,0.001,LR-P1-N2-rel,0.07319999999999996,0.0038303531088232047,0.0008536067578081201,7.219136389258527e-05,0.07431229558716743,1.1160333333333334,1.3306429143047682,10,1.0,1.0,1.0,results/E3cal/main_*.csv
fing_x_fing,0.001,LR-P1-N3,0.06839999999999997,0.0031614967544495516,0.00085016116483266,8.110941680580015e-05,0.08334941519383196,1.1360666666666668,1.9727525619650994,10,1.0,1.0,1.0,results/E3cal/main_*.csv
fing_x_fing,0.001,LR-P2-N2,0.06833333333333332,0.003311036539055837,0.00084942758697338,7.8634546763027e-05,0.08225779781445511,1.1361666666666665,1.974216027564744,10,1.0,1.0,1.0,results/E3cal/main_*.csv
fing_x_fing,0.001,LR-P2-N2-rel,0.07839999999999997,0.0040969726854331225,0.0008604757141268901,3.385211415884926e-05,0.10160896288681683,1.0966333333333336,1.0958715571857287,10,1.0,1.0,1.0,results/E3cal/main_*.csv
fing_x_fing,0.001,MAXMONO-K3,0.08033333333333328,0.004239729784075319,0.00087922640880289,2.983652243741988e-05,0.15160236636304947,1.0865333333333334,1.0612089807713683,10,1.0,1.0,1.0,results/E3cal/main_*.csv
fing_x_fing,0.001,MONO,0.06859999999999997,0.0031692971530679157,0.0008240635767477499,7.84389586387385e-05,0.08143485912453792,1.1360666666666668,1.9727605757474713,10,1.0,1.0,1.0,results/E3cal/main_*.csv
fing_x_fing,0.001,MONO-rel,0.07323333333333329,0.0038039940024098802,0.0008494498166055,7.682496120548488e-05,0.07471807433649674,1.1172333333333335,1.3475894964988329,10,1.0,1.0,1.0,results/E3cal/main_*.csv
fing_x_fing,0.001,NLS-N2,0.0684333333333333,0.003235795168172785,0.0008372012893185999,7.990748073179993e-05,0.07651146258380018,1.1361333333333332,1.9737639546515506,10,1.0,1.0,1.0,results/E3cal/main_*.csv
fing_x_fing,0.001,P0-Parallel,0.06183333333333328,0.002803216847009513,0.0009402578637323101,5.774384954770907e-05,,2.0,2.0,10,1.0,0.8,0.8,results/E3cal/main_*.csv
fing_x_fing,0.001,S1-Marcialis,0.09389999999999996,0.004766265199358661,0.0007884628209402601,0.00016540220471747554,,1.4128333333333334,1.9902425586306545,10,0.5,1.0,1.0,results/E3cal/main_*.csv
fing_x_fing,0.001,S2-Symmetric,0.09389999999999996,0.004766265199358661,0.0007884628209402601,0.00016540220471747554,,1.4128333333333334,1.9902425586306545,10,0.5,1.0,1.0,results/E3cal/main_*.csv
fing_x_fing,0.001,S4-Direct,0.06779999999999996,0.0030151878921041387,0.0009346448816271599,4.114067079662694e-05,,1.1592,1.911120128931866,10,0.5,1.0,1.0,results/E3cal/main_*.csv
fing_x_fing,0.01,DE-N2,0.043833333333333294,0.0020979119542777055,0.00749993331110366,0.0009079396506855371,0.07396764190270837,1.0987333333333333,1.9707188840724688,10,1.0,1.0,0.925,results/E3cal/main_*.csv
fing_x_fing,0.01,HYP,0.07705555555555552,0.002164528859864262,0.008187933014708567,0.0006364911009662029,0.7149113240136457,1.0177777777777777,1.013011429735838,6,0.3,1.0,1.0,results/E3cal/main_*.csv
fing_x_fing,0.01,LR-P1-N2,0.04396666666666663,0.0020754294513202487,0.0073686339891074395,0.0005876534186471913,0.07413097415518806,1.0987,1.9702577414693785,10,1.0,1.0,0.925,results/E3cal/main_*.csv
fing_x_fing,0.01,LR-P1-N2-rel,0.04336666666666663,0.002235791902682091,0.0077911970656885194,0.0007435078707271616,0.04317713796497123,1.0984,1.9712364343670115,10,1.0,1.0,0.925,results/E3cal/main_*.csv
fing_x_fing,0.01,LR-P1-N3,0.04403333333333329,0.0021398626931836188,0.00736765588529506,0.0005882362913618446,0.07413657806045296,1.0986333333333334,1.9692807046793377,10,1.0,1.0,0.925,results/E3cal/main_*.csv
fing_x_fing,0.01,LR-P2-N2,0.043933333333333296,0.002053602675937413,0.00749923307769252,0.0009135272190237678,0.0728195833870314,1.0983666666666667,1.9687336223185508,10,1.0,1.0,0.925,results/E3cal/main_*.csv
fing_x_fing,0.01,LR-P2-N2-rel,0.04376666666666664,0.002388501260540795,0.00774854951650545,0.0008837475258043032,0.04498497055922993,1.0976666666666666,1.9529691563854619,10,1.0,1.0,0.925,results/E3cal/main_*.csv
fing_x_fing,0.01,MAXMONO-K3,0.04266666666666663,0.002357022603955167,0.00844681560520168,0.0004680255399973602,0.09856271391467376,1.0963,1.9394588307213514,10,1.0,1.0,0.925,results/E3cal/main_*.csv
fing_x_fing,0.01,MONO,0.043199999999999975,0.002155670100049395,0.00807883739024115,0.0007194141561361031,0.07143692550660613,1.0955,1.9695415471823943,10,1.0,1.0,0.925,results/E3cal/main_*.csv
fing_x_fing,0.01,MONO-rel,0.04346666666666663,0.002172783388725397,0.00764932755362895,0.0007276493178948444,0.04326842824525629,1.0984,1.9712364343670115,10,1.0,1.0,0.925,results/E3cal/main_*.csv
fing_x_fing,0.01,NLS-N2,0.04366666666666662,0.001898667498959467,0.007642191841724979,0.0009504111832717792,0.0661030610782816,1.098,1.9705957985995333,10,1.0,1.0,0.925,results/E3cal/main_*.csv
fing_x_fing,0.01,P0-Parallel,0.03909999999999996,0.002652974105591361,0.00952155162832051,0.0004007221643262458,,2.0,2.0,10,1.0,0.8,0.8,results/E3cal/main_*.csv
fing_x_fing,0.01,S1-Marcialis,0.0676333333333333,0.003876010421828552,0.00709560964766028,0.00016525368723952166,,1.4128333333333334,1.9902425586306545,10,0.5,1.0,0.85,results/E3cal/main_*.csv
fing_x_fing,0.01,S2-Symmetric,0.04259999999999996,0.002147637231706582,0.00871488273869062,0.00044684850544344276,,1.0954666666666666,1.9454061464932757,10,0.5,1.0,1.0,results/E3cal/main_*.csv
fing_x_fing,0.01,S4-Direct,0.04239999999999996,0.002453518511529868,0.00950020006668885,0.0002558422708809057,,1.0957000000000001,1.9381646215405133,10,0.5,0.9,0.95,results/E3cal/main_*.csv
