dataset,matcher,which,method,value,lb,time,complete,cert_gap,N,nD,nB,bstep,enum_fraction,enum_time_extrapolated
fing_x_fing,li_V,B,LR-BB + OBBT,0.07624027742228655,0.07624027742228655,0.15687823295593262,True,0.0,2,44,31,0.1,,
fing_x_fing,li_V,B,ENUM,0.07624027742228655,,0.2530245780944824,True,,2,44,31,0.1,1.0,0.2530245780944824
fing_x_fing,li_V,B,DE,0.0760031483933502,,0.45596766471862793,True,,2,44,31,0.1,,
fing_x_fing,li_V,B,LR-BB + OBBT,0.07624027742228655,0.07624027742228655,0.3019123077392578,True,0.0,2,44,61,0.05,,
fing_x_fing,li_V,B,ENUM,0.07624027742228655,,0.7952160835266113,True,,2,44,61,0.05,1.0,0.7952160835266113
fing_x_fing,li_V,B,DE,0.0760031483933502,,0.4800679683685303,True,,2,44,61,0.05,,
fing_x_fing,li_V,B,LR-BB + OBBT,0.07610964081630463,0.07610964081630463,0.7274479866027832,True,0.0,2,44,151,0.02,,
fing_x_fing,li_V,B,ENUM,0.07610964081630463,,5.080137014389038,True,,2,44,151,0.02,1.0,5.080137014389038
fing_x_fing,li_V,B,DE,0.0760031483933502,,0.528784990310669,True,,2,44,151,0.02,,
fing_x_fing,li_V,B,LR-BB + OBBT,0.0760553690353488,0.0760553690353488,1.3178789615631104,True,0.0,2,44,301,0.01,,
fing_x_fing,li_V,B,ENUM,0.0760553690353488,,20.392707109451294,True,,2,44,301,0.01,1.0,20.392707109451294
fing_x_fing,li_V,B,DE,0.0760031483933502,,0.44998979568481445,True,,2,44,301,0.01,,
fing_x_fing,li_V,B,LR-BB + OBBT,0.07602846634177313,0.07602846634177313,3.024449348449707,True,0.0,2,44,601,0.005,,
fing_x_fing,li_V,B,ENUM,0.07602846634177313,,78.1028618812561,True,,2,44,601,0.005,1.0,78.1028618812561
fing_x_fing,li_V,B,DE,0.0760031483933502,,0.6162469387054443,True,,2,44,601,0.005,,
