dataset,matcher,which,method,value,lb,time,complete,cert_gap,N,nD,nB,enum_fraction,enum_time_extrapolated
fing_x_fing,li_V,N,LR-BB + OBBT,0.07624027742228655,0.07624027742228655,0.08707499504089355,True,0.0,1,44,151,,
fing_x_fing,li_V,N,ENUM,0.07624027742228655,,0.11702156066894531,True,,1,44,151,1.0,0.11702156066894531
fing_x_fing,li_V,N,DE,0.07600314839307895,,0.14881563186645508,True,,1,44,151,,
fing_x_fing,li_V,N,LR-BB + OBBT,0.07610964081630463,0.07610964081630463,0.8587641716003418,True,0.0,2,44,151,,
fing_x_fing,li_V,N,ENUM,0.07610964081630463,,5.263605117797852,True,,2,44,151,1.0,5.263605117797852
fing_x_fing,li_V,N,DE,0.0760031483933502,,0.45662379264831543,True,,2,44,151,,
fing_x_fing,li_V,N,LR-BB + OBBT,0.07610964081613222,0.07610964081613222,26.89435362815857,True,0.0,3,44,151,,
fing_x_fing,li_V,N,ENUM,0.07610964081613222,,258.54507327079773,True,,3,44,151,1.0,258.54507327079773
fing_x_fing,li_V,N,DE,0.07600314839293215,,1.1635448932647705,True,,3,44,151,,
fing_x_fing,li_V,N,LR-BB + OBBT,0.07610964081613222,0.07148341853484136,600.2454535961151,False,0.06078365673104437,4,44,151,,
fing_x_fing,li_V,N,ENUM,5.09327981043399e+35,,600.1632161140442,False,,4,44,151,0.0692945632418498,8661.043349380421
fing_x_fing,li_V,N,DE,0.07600314852010072,,1.9777767658233643,True,,4,44,151,,
fing_x_fing,li_V,N,LR-BB + OBBT,0.07610964081613222,0.06125817275900828,600.3919639587402,False,0.1951325469135051,5,44,151,,
fing_x_fing,li_V,N,ENUM,2.1673282808606926e+36,,600.181312084198,False,,5,44,151,0.002308955146224104,259936.32360753758
fing_x_fing,li_V,N,DE,0.07600314851687015,,2.6459085941314697,True,,5,44,151,,
