dataset,seed,alpha,order,n_stages,method,kind,tag,conf,feasible,frr_pred_gp,frr_pred_cal,far_train,frr_train,far_test,frr_test,stages_gen,stages_imp,time,thr
face_x_face,8,0.01,face_C,1,HYP,GP,main,0.95,True,0.41207486472463095,0.415353730060892,0.009921058483433401,0.09466666666666666,0.011265065599288415,0.09566666666666666,1.0,1.0,0.21827054023742676,[0.6096900701522827]
face_x_face,8,0.01,face_C,1,MONO,GP,main,0.95,True,0.1360014901308415,0.13617405975839136,0.009921058483433401,0.09466666666666666,0.011265065599288415,0.09566666666666666,1.0,1.0,0.1920781135559082,[0.6096900701522827]
face_x_face,8,0.01,face_C,1,MONO-rel,GP,main,0.95,True,0.09551920859480371,0.09577694764650667,0.009921058483433401,0.09466666666666666,0.011265065599288415,0.09566666666666666,1.0,1.0,0.1644430160522461,[0.6096900701522827]
face_x_face,8,0.01,face_C,1,LR-P1-N2,GP,main,0.95,True,0.14263343273226567,0.14280407796354333,0.009921058483433401,0.09466666666666666,0.011265065599288415,0.09566666666666666,1.0,1.0,0.1650242805480957,[0.6096900701522827]
face_x_face,8,0.01,face_C,1,LR-P1-N2-rel,GP,main,0.95,True,0.09551920859480371,0.09577694764650665,0.009921058483433401,0.09466666666666666,0.011265065599288415,0.09566666666666666,1.0,1.0,0.1646137237548828,[0.6096900701522827]
face_x_face,8,0.01,face_C,1,LR-P2-N2,GP,main,0.95,True,0.16143933160278037,0.1616070857610133,0.009921058483433401,0.09466666666666666,0.011265065599288415,0.09566666666666666,1.0,1.0,0.1681079864501953,[0.6096900701522827]
face_x_face,8,0.01,face_C,1,LR-P2-N2-rel,GP,main,0.95,True,0.0997973899956133,0.1001131800564154,0.009921058483433401,0.09466666666666666,0.011265065599288415,0.09566666666666666,1.0,1.0,0.16772055625915527,[0.6096900701522827]
face_x_face,8,0.01,face_C,1,LR-P1-N3,GP,main,0.95,True,0.14263343287621597,0.14280407810745238,0.009921058483433401,0.09466666666666666,0.011265065599288415,0.09566666666666666,1.0,1.0,0.22530436515808105,[0.6096900701522827]
face_x_face,8,0.01,face_C,1,NLS-N2,GP,main,0.95,True,0.13246946486276068,0.13264276992597868,0.009921058483433401,0.09466666666666666,0.011265065599288415,0.09566666666666666,1.0,1.0,0.1790175437927246,[0.6096900701522827]
face_x_face,8,0.01,face_C,1,DE-N2,GP,main,0.95,True,0.1426386792115401,0.14280962370543365,0.009921058483433401,0.09466666666666666,0.011265065599288415,0.09566666666666666,1.0,1.0,0.17315006256103516,[0.6096900701522827]
face_x_face,8,0.01,face_C,1,MAXMONO-K3,GP,main,0.95,True,0.20553748504120117,0.20570044783932762,0.009921058483433401,0.09466666666666666,0.011265065599288415,0.09566666666666666,1.0,1.0,0.1725330352783203,[0.6096900701522827]
face_x_face,8,0.01,face_C,1,S1-Marcialis,rule,main,0.95,False,,,,,,,,,,
face_x_face,8,0.01,face_C,1,S2-Symmetric,rule,main,0.95,False,,,,,,,,,,
face_x_face,8,0.01,face_C,1,S4-Direct,rule,main,0.95,False,,,,,,,,,,
face_x_face,8,0.01,face_G,1,HYP,GP,main,0.95,True,0.8058891705581498,0.8121741741741779,0.009922615076717812,0.12433333333333334,0.010958416722259284,0.11833333333333333,1.0,1.0,0.16737055778503418,[73.67073059082031]
face_x_face,8,0.01,face_G,1,MONO,GP,main,0.95,True,0.1912891734813213,0.1914973332563245,0.009922615076717812,0.12433333333333334,0.010958416722259284,0.11833333333333333,1.0,1.0,0.16950631141662598,[73.67073059082031]
face_x_face,8,0.01,face_G,1,MONO-rel,GP,main,0.95,True,0.1259157696199902,0.12620956823747084,0.009922615076717812,0.12433333333333334,0.010958416722259284,0.11833333333333333,1.0,1.0,0.1728208065032959,[73.67073059082031]
face_x_face,8,0.01,face_G,1,LR-P1-N2,GP,main,0.95,True,0.19067978767438015,0.19088835178417815,0.009922615076717812,0.12433333333333334,0.010958416722259284,0.11833333333333333,1.0,1.0,0.17395734786987305,[73.67073059082031]
face_x_face,8,0.01,face_G,1,LR-P1-N2-rel,GP,main,0.95,True,0.12587684165728738,0.12616767750211016,0.009922615076717812,0.12433333333333334,0.010958416722259284,0.11833333333333333,1.0,1.0,0.16987824440002441,[73.67073059082031]
face_x_face,8,0.01,face_G,1,LR-P2-N2,GP,main,0.95,True,0.19029087514967996,0.19049969730760416,0.009922615076717812,0.12433333333333334,0.010958416722259284,0.11833333333333333,1.0,1.0,0.17159080505371094,[73.67073059082031]
face_x_face,8,0.01,face_G,1,LR-P2-N2-rel,GP,main,0.95,True,0.12664415096835613,0.1269768982244226,0.009922615076717812,0.12433333333333334,0.010958416722259284,0.11833333333333333,1.0,1.0,0.16892242431640625,[73.67073059082031]
face_x_face,8,0.01,face_G,1,LR-P1-N3,GP,main,0.95,True,0.19067978774176764,0.19088835185152075,0.009922615076717812,0.12433333333333334,0.010958416722259284,0.11833333333333333,1.0,1.0,0.17194366455078125,[73.67073059082031]
face_x_face,8,0.01,face_G,1,NLS-N2,GP,main,0.95,True,0.17752956244349535,0.17774741423512214,0.009922615076717812,0.12433333333333334,0.010958416722259284,0.11833333333333333,1.0,1.0,0.20142626762390137,[73.67073059082031]
face_x_face,8,0.01,face_G,1,DE-N2,GP,main,0.95,True,0.18961579059125294,0.18982517534659576,0.009922615076717812,0.12433333333333334,0.010958416722259284,0.11833333333333333,1.0,1.0,0.1668086051940918,[73.67073059082031]
face_x_face,8,0.01,face_G,1,MAXMONO-K3,GP,main,0.95,True,0.21868839487979025,0.2188923579883006,0.009922615076717812,0.12433333333333334,0.010958416722259284,0.11833333333333333,1.0,1.0,0.1683971881866455,[73.67073059082031]
face_x_face,8,0.01,face_G,1,S1-Marcialis,rule,main,0.95,False,,,,,,,,,,
face_x_face,8,0.01,face_G,1,S2-Symmetric,rule,main,0.95,False,,,,,,,,,,
face_x_face,8,0.01,face_G,1,S4-Direct,rule,main,0.95,False,,,,,,,,,,
face_x_face,8,0.01,face_C>face_G,2,HYP,GP,main,0.95,True,0.14797003480693238,0.42077526200393683,0.00992239270624861,0.077,0.011487658438959306,0.08066666666666666,1.063,1.053762063597954,0.3423757553100586,"[[0.6195100545883179, 0.582330048084259], 73.33472442626953]"
face_x_face,8,0.01,face_C>face_G,2,MONO,GP,main,0.95,True,0.09710202056882011,0.08333982076032621,0.009310206804536357,0.07666666666666666,0.010634645319101623,0.07233333333333333,1.1126666666666667,1.9904820991772292,0.2696378231048584,"[[0.618660032749176, -0.9999999403953552], 74.07648468017578]"
face_x_face,8,0.01,face_C>face_G,2,MONO-rel,GP,main,0.95,True,0.03867597106064508,0.03565057663877277,0.009309762063597954,0.07666666666666666,0.01064087169223927,0.07266666666666667,1.113,1.9905030020013341,0.26690149307250977,"[[0.6187100410461426, -0.9999999403953552], 74.07408142089844]"
face_x_face,8,0.01,face_C>face_G,2,LR-P1-N2,GP,main,0.95,True,0.10456124099834824,0.08959590433894565,0.009304425172337113,0.07666666666666666,0.010639092728485657,0.073,1.1143333333333334,1.990641538803647,0.26737475395202637,"[[0.6190500855445862, -0.9999999403953552], 74.05909729003906]"
face_x_face,8,0.01,face_C>face_G,2,LR-P1-N2-rel,GP,main,0.95,True,0.03862912108613483,0.035603033186959225,0.009312208138759173,0.07666666666666666,0.010634645319101623,0.07233333333333333,1.1126666666666667,1.9904767622859685,0.24439406394958496,"[[0.6186500787734985, -0.9999999403953552], 74.07689666748047]"
face_x_face,8,0.01,face_C>face_G,2,LR-P2-N2,GP,main,0.95,True,0.1254798126053192,0.10711005789912795,0.009308872581721148,0.07566666666666666,0.01064887702913053,0.07266666666666667,1.1206666666666667,1.9943709139426284,0.27797460556030273,"[[0.6200300455093384, -Infinity], 74.02189636230469]"
face_x_face,8,0.01,face_C>face_G,2,LR-P2-N2-rel,GP,main,0.95,True,0.036868189802560083,0.03439785062648728,0.009922615076717812,0.075,0.011290193462308206,0.07233333333333333,1.111,1.8557725150100066,0.3956637382507324,"[[0.6184500455856323, 0.49827003479003906], 74.0093002319336]"
face_x_face,8,0.01,face_C>face_G,2,LR-P1-N3,GP,main,0.95,True,0.10456124117166693,0.08959026766841219,0.009307315988436735,0.07633333333333334,0.010658661329775406,0.07033333333333333,1.1176666666666666,1.9939722036913499,0.2482154369354248,"[[0.6190500855445862, -Infinity], 74.05909729003906]"
face_x_face,8,0.01,face_C>face_G,2,NLS-N2,GP,main,0.95,True,0.0913837903956255,0.079151113810856,0.00930909495219035,0.07566666666666666,0.010651767845230153,0.071,1.1183333333333334,1.9940453635757172,0.25005459785461426,"[[0.6192200779914856, -Infinity], 74.05244445800781]"
face_x_face,8,0.01,face_C>face_G,2,DE-N2,GP,main,0.95,True,0.10425646040608474,0.08940137328660527,0.009305537024683123,0.07633333333333334,0.010636424282855236,0.07366666666666667,1.115,1.9906631087391595,0.2825198173522949,"[[0.619100034236908, -0.9999999403953552], 74.05720520019531]"
face_x_face,8,0.01,face_C>face_G,2,MAXMONO-K3,GP,main,0.95,True,0.18199096493527064,0.1515840076940699,0.00930909495219035,0.07533333333333334,0.01062752946408717,0.073,1.1223333333333334,1.9946924616410941,0.2819101810455322,"[[0.62090003490448, -Infinity], 73.99518585205078]"
face_x_face,8,0.01,face_C>face_G,2,S1-Marcialis,rule,main,0.95,True,,,0.009922615076717812,0.12266666666666666,0.010958416722259284,0.11466666666666667,1.5626666666666666,2.0,,
face_x_face,8,0.01,face_C>face_G,2,S2-Symmetric,rule,main,0.95,True,,,0.009922615076717812,0.12266666666666666,0.010958416722259284,0.11466666666666667,1.5626666666666666,2.0,,
face_x_face,8,0.01,face_C>face_G,2,S4-Direct,rule,main,0.95,True,,,0.009922615076717812,0.07433333333333333,0.011395597064709807,0.07633333333333334,1.0953333333333333,1.367267956415388,,
face_x_face,8,0.01,face_G>face_C,2,HYP,GP,main,0.95,True,0.2615958411297482,0.843986961731331,0.009921725594841006,0.09133333333333334,0.011156771180787192,0.09333333333333334,1.0613333333333332,1.0542459417389372,0.40267515182495117,"[[73.78791046142578, 72.44957733154297], 0.6193000674247742]"
face_x_face,8,0.01,face_G>face_C,2,MONO,GP,main,0.95,True,0.1324633742863012,0.11744978903695445,0.00934600845007783,0.07666666666666666,0.010684011563264399,0.06966666666666667,1.148,1.9886237491661107,0.2841074466705322,"[[74.07648468017578, 59.0380744934082], 0.6185600757598877]"
face_x_face,8,0.01,face_G>face_C,2,MONO-rel,GP,main,0.95,True,0.05037090190574949,0.046744986971144695,0.00934734267289304,0.07666666666666666,0.01069490771625528,0.07,1.148,1.9885959528574606,0.280012845993042,"[[74.07408142089844, 59.0380744934082], 0.6186100840568542]"
face_x_face,8,0.01,face_G>face_C,2,LR-P1-N2,GP,main,0.95,True,0.13310363442036563,0.11747303995829234,0.00934067155881699,0.07666666666666666,0.010691349788748054,0.07066666666666667,1.147,1.9884503002001335,0.3393104076385498,"[[74.05909729003906, 59.0380744934082], 0.6189600825309753]"
face_x_face,8,0.01,face_G>face_C,2,LR-P1-N2-rel,GP,main,0.95,True,0.05078312480935615,0.04710847409741768,0.009347565043362241,0.07666666666666666,0.010680676006226374,0.06966666666666667,1.148,1.98862953079831,0.3453090190887451,"[[74.07689666748047, 59.0380744934082], 0.6185500621795654]"
face_x_face,8,0.01,face_G>face_C,2,LR-P2-N2,GP,main,0.95,True,0.13650856251060048,0.11894291764750908,0.009337336001778964,0.076,0.01068023126528797,0.07266666666666667,1.1436666666666666,1.9880567044696464,0.3118717670440674,"[[74.02189636230469, 59.0380744934082], 0.61993008852005]"
face_x_face,8,0.01,face_G>face_C,2,LR-P2-N2-rel,GP,main,0.95,True,0.04775340402553222,0.04450596247807496,0.00935001111852346,0.076,0.010692016900155659,0.07,1.1486666666666667,1.988708917055815,0.3362996578216553,"[[74.08493041992188, 59.0380744934082], 0.618350088596344]"
face_x_face,8,0.01,face_G>face_C,2,LR-P1-N3,GP,main,0.95,True,0.1331036345300657,0.1174730400429989,0.00934067155881699,0.07666666666666666,0.010691349788748054,0.07066666666666667,1.147,1.9884503002001335,0.31929516792297363,"[[74.05909729003906, 59.0380744934082], 0.6189600825309753]"
face_x_face,8,0.01,face_G>face_C,2,NLS-N2,GP,main,0.95,True,0.11528770649964017,0.10267330714051527,0.00934067155881699,0.076,0.010686457638425618,0.07133333333333333,1.147,1.9883824772070269,0.34421634674072266,"[[74.05244445800781, 59.0380744934082], 0.6191200613975525]"
face_x_face,8,0.01,face_G>face_C,2,DE-N2,GP,main,0.95,True,0.13177267463391534,0.11631670031191363,0.009339114965532577,0.07633333333333334,0.010688903713586835,0.07066666666666667,1.147,1.9884313987102513,0.2954843044281006,"[[74.05720520019531, 59.0380744934082], 0.6190100312232971]"
face_x_face,8,0.01,face_G>face_C,2,MAXMONO-K3,GP,main,0.95,True,0.17822026916782632,0.15032647756317485,0.009335779408494551,0.07566666666666666,0.010656882366021792,0.07333333333333333,1.1426666666666667,1.987760951745608,0.333559513092041,"[[73.99518585205078, 59.0380744934082], 0.6208000779151917]"
face_x_face,8,0.01,face_G>face_C,2,S1-Marcialis,rule,main,0.95,True,,,0.00991972426061819,0.09266666666666666,0.01126840115632644,0.09233333333333334,1.7846666666666666,1.9939706470980654,,
face_x_face,8,0.01,face_G>face_C,2,S2-Symmetric,rule,main,0.95,True,,,0.00991972426061819,0.09266666666666666,0.01126840115632644,0.09233333333333334,1.7846666666666666,1.9939706470980654,,
face_x_face,8,0.01,face_G>face_C,2,S4-Direct,rule,main,0.95,True,,,0.009920391372025794,0.076,0.011305981765621526,0.07233333333333333,1.1376666666666666,1.948739604180565,,
face_x_face,8,0.01,parallel,2,P0-Parallel,rule,main,0.95,True,,,0.009922615076717812,0.07833333333333334,0.0113288859239493,0.082,2.0,2.0,,
face_x_face,8,0.001,face_C,1,HYP,GP,main,0.95,False,,,,,,,,,,
face_x_face,8,0.001,face_C,1,MONO,GP,main,0.95,True,0.19658196271582806,0.19739124831033053,0.0009746497665110073,0.179,0.0012439404047142539,0.18333333333333332,1.0,1.0,0.15669465065002441,[0.6407500505447388]
face_x_face,8,0.001,face_C,1,MONO-rel,GP,main,0.95,True,0.20897325891374371,0.21080562605095307,0.0009746497665110073,0.179,0.0012439404047142539,0.18333333333333332,1.0,1.0,0.14874601364135742,[0.6407500505447388]
face_x_face,8,0.001,face_C,1,LR-P1-N2,GP,main,0.95,True,0.20192952261553776,0.2027144592731029,0.0009746497665110073,0.179,0.0012439404047142539,0.18333333333333332,1.0,1.0,0.15588974952697754,[0.6407500505447388]
face_x_face,8,0.001,face_C,1,LR-P1-N2-rel,GP,main,0.95,True,0.20897325891374371,0.21080562605095304,0.0009746497665110073,0.179,0.0012439404047142539,0.18333333333333332,1.0,1.0,0.1585390567779541,[0.6407500505447388]
face_x_face,8,0.001,face_C,1,LR-P2-N2,GP,main,0.95,True,0.2183561451106129,0.21909338950263058,0.0009746497665110073,0.179,0.0012439404047142539,0.18333333333333332,1.0,1.0,0.14985299110412598,[0.6407500505447388]
face_x_face,8,0.001,face_C,1,LR-P2-N2-rel,GP,main,0.95,True,0.24990564149070135,0.252477087890915,0.0009746497665110073,0.179,0.0012439404047142539,0.18333333333333332,1.0,1.0,0.15043306350708008,[0.6407500505447388]
face_x_face,8,0.001,face_C,1,LR-P1-N3,GP,main,0.95,True,0.20192952273182618,0.2027144593888664,0.0009746497665110073,0.179,0.0012439404047142539,0.18333333333333332,1.0,1.0,0.15366673469543457,[0.6407500505447388]
face_x_face,8,0.001,face_C,1,NLS-N2,GP,main,0.95,True,0.19367727041877836,0.1944993819142873,0.0009746497665110073,0.179,0.0012439404047142539,0.18333333333333332,1.0,1.0,0.14989376068115234,[0.6407500505447388]
face_x_face,8,0.001,face_C,1,DE-N2,GP,main,0.95,True,0.2020044506624502,0.20278983448000887,0.0009746497665110073,0.179,0.0012439404047142539,0.18333333333333332,1.0,1.0,0.13985419273376465,[0.6407500505447388]
face_x_face,8,0.001,face_C,1,MAXMONO-K3,GP,main,0.95,True,0.330071861967862,0.3341651713506312,0.0009746497665110073,0.179,0.0012439404047142539,0.18333333333333332,1.0,1.0,0.15990209579467773,[0.6407500505447388]
face_x_face,8,0.001,face_C,1,S1-Marcialis,rule,main,0.95,False,,,,,,,,,,
face_x_face,8,0.001,face_C,1,S2-Symmetric,rule,main,0.95,False,,,,,,,,,,
face_x_face,8,0.001,face_C,1,S4-Direct,rule,main,0.95,False,,,,,,,,,,
face_x_face,8,0.001,face_G,1,HYP,GP,main,0.95,False,,,,,,,,,,
face_x_face,8,0.001,face_G,1,MONO,GP,main,0.95,True,0.26405256506250707,0.2649781032965919,0.0009753168779186124,0.23733333333333334,0.001203691349788748,0.22433333333333333,1.0,1.0,0.14328432083129883,[74.79924774169922]
face_x_face,8,0.001,face_G,1,MONO-rel,GP,main,0.95,True,0.2512349899830701,0.2531257937265311,0.0009753168779186124,0.23733333333333334,0.001203691349788748,0.22433333333333333,1.0,1.0,0.14378118515014648,[74.79924774169922]
face_x_face,8,0.001,face_G,1,LR-P1-N2,GP,main,0.95,True,0.26365781468349225,0.2645869460576453,0.0009753168779186124,0.23733333333333334,0.001203691349788748,0.22433333333333333,1.0,1.0,0.14284563064575195,[74.79924774169922]
face_x_face,8,0.001,face_G,1,LR-P1-N2-rel,GP,main,0.95,True,0.2495382768714869,0.2513994166437942,0.0009753168779186124,0.23733333333333334,0.001203691349788748,0.22433333333333333,1.0,1.0,0.14786314964294434,[74.79924774169922]
face_x_face,8,0.001,face_G,1,LR-P2-N2,GP,main,0.95,True,0.26340588337038895,0.26433730790129045,0.0009753168779186124,0.23733333333333334,0.001203691349788748,0.22433333333333333,1.0,1.0,0.14655709266662598,[74.79924774169922]
face_x_face,8,0.001,face_G,1,LR-P2-N2-rel,GP,main,0.95,True,0.2756748447375915,0.2780125026861818,0.0009753168779186124,0.23733333333333334,0.001203691349788748,0.22433333333333333,1.0,1.0,0.14792966842651367,[74.79924774169922]
face_x_face,8,0.001,face_G,1,LR-P1-N3,GP,main,0.95,True,0.26365781472714445,0.2645869461009004,0.0009753168779186124,0.23733333333333334,0.001203691349788748,0.22433333333333333,1.0,1.0,0.1501612663269043,[74.79924774169922]
face_x_face,8,0.001,face_G,1,NLS-N2,GP,main,0.95,True,0.2553490556954116,0.256358515734667,0.0009753168779186124,0.23733333333333334,0.001203691349788748,0.22433333333333333,1.0,1.0,0.1438751220703125,[74.79924774169922]
face_x_face,8,0.001,face_G,1,DE-N2,GP,main,0.95,True,0.2629904767902243,0.2639259166379339,0.0009753168779186124,0.23733333333333334,0.001203691349788748,0.22433333333333333,1.0,1.0,0.14638328552246094,[74.79924774169922]
face_x_face,8,0.001,face_G,1,MAXMONO-K3,GP,main,0.95,True,0.36181896071616665,0.3658197901993626,0.0009753168779186124,0.23733333333333334,0.001203691349788748,0.22433333333333333,1.0,1.0,0.14075779914855957,[74.79924774169922]
face_x_face,8,0.001,face_G,1,S1-Marcialis,rule,main,0.95,False,,,,,,,,,,
face_x_face,8,0.001,face_G,1,S2-Symmetric,rule,main,0.95,False,,,,,,,,,,
face_x_face,8,0.001,face_G,1,S4-Direct,rule,main,0.95,False,,,,,,,,,,
face_x_face,8,0.001,face_C>face_G,2,HYP,GP,main,0.95,False,,,,,,,,,,
face_x_face,8,0.001,face_C>face_G,2,MONO,GP,main,0.95,True,0.12895799336282693,0.11042471212707666,0.0009435179008227707,0.16166666666666665,0.0011907938625750501,0.15166666666666667,1.2093333333333334,1.9993311096286412,0.2141094207763672,"[[0.6487700343132019, -Infinity], 75.14387512207031]"
face_x_face,8,0.001,face_C>face_G,2,MONO-rel,GP,main,0.95,True,0.08423665338017979,0.10246358536274314,0.0009753168779186124,0.161,0.0012474983322214809,0.15566666666666668,1.174,1.1405179008227708,0.34129953384399414,"[[0.6488000750541687, 0.5654000639915466], 74.96573638916016]"
face_x_face,8,0.001,face_C>face_G,2,LR-P1-N2,GP,main,0.95,True,0.13644394266686352,0.11620576841764343,0.0009430731598843674,0.162,0.0011854569713142095,0.15533333333333332,1.2083333333333333,1.9960215699355126,0.21869969367980957,"[[0.6491800546646118, -0.9999999403953552], 75.12828063964844]"
face_x_face,8,0.001,face_C>face_G,2,LR-P1-N2-rel,GP,main,0.95,True,0.0840855756594199,0.1018571466127902,0.0009753168779186124,0.16066666666666668,0.0012454969979986657,0.156,1.1743333333333332,1.143245719368468,0.38329243659973145,"[[0.6487600803375244, 0.5649800300598145], 74.97161102294922]"
face_x_face,8,0.001,face_C>face_G,2,LR-P2-N2,GP,main,0.95,True,0.15784913250524826,0.1328661367595796,0.0009424060484767623,0.164,0.0011803424505225707,0.15733333333333333,1.2133333333333334,1.996066044029353,0.2317054271697998,"[[0.6500900387763977, -0.9999999403953552], 75.0976791381836]"
face_x_face,8,0.001,face_C>face_G,2,LR-P2-N2-rel,GP,main,0.95,True,0.09231319069937328,0.12716684144051713,0.0009753168779186124,0.15933333333333333,0.001263953746942406,0.156,1.1613333333333333,1.090348454525239,0.3663349151611328,"[[0.6485500335693359, 0.5743600726127625], 74.90541076660156]"
face_x_face,8,0.001,face_C>face_G,2,LR-P1-N3,GP,main,0.95,True,0.13644394283719452,0.11620576854623252,0.0009430731598843674,0.162,0.0011854569713142095,0.15533333333333332,1.2083333333333333,1.9960215699355126,0.23582077026367188,"[[0.6491800546646118, -0.9999999403953552], 75.12828063964844]"
face_x_face,8,0.001,face_C>face_G,2,NLS-N2,GP,main,0.95,True,0.12382403077542961,0.10672944678304502,0.0009428507894151657,0.16233333333333333,0.0011863464531910162,0.15233333333333332,1.212,1.9993597954191684,0.23875641822814941,"[[0.6493500471115112, -Infinity], 75.1224594116211]"
face_x_face,8,0.001,face_C>face_G,2,DE-N2,GP,main,0.95,True,0.13620741977933556,0.11606520758451004,0.0009428507894151657,0.162,0.0011847898599066044,0.15533333333333332,1.2083333333333333,1.9960240160106737,0.23507928848266602,"[[0.6492300629615784, -0.9999999403953552], 75.12664031982422]"
face_x_face,8,0.001,face_C>face_G,2,MAXMONO-K3,GP,main,0.95,True,0.26025405964997333,0.2854805266262172,0.0009753168779186124,0.16066666666666668,0.0012426061818990438,0.15733333333333333,1.1576666666666666,1.1281805648209917,0.3555154800415039,"[[0.6444400548934937, 0.5673000812530518], 75.22476959228516]"
face_x_face,8,0.001,face_C>face_G,2,S1-Marcialis,rule,main,0.95,True,,,0.0009753168779186124,0.23066666666666666,0.001203691349788748,0.21766666666666667,1.5626666666666666,2.0,,
face_x_face,8,0.001,face_C>face_G,2,S2-Symmetric,rule,main,0.95,True,,,0.0009753168779186124,0.23066666666666666,0.001203691349788748,0.21766666666666667,1.5626666666666666,2.0,,
face_x_face,8,0.001,face_C>face_G,2,S4-Direct,rule,main,0.95,True,,,0.0009753168779186124,0.15,0.0013144318434511898,0.15233333333333332,1.1326666666666667,1.013492772959751,,
face_x_face,8,0.001,face_G>face_C,2,HYP,GP,main,0.95,False,,,,,,,,,,
face_x_face,8,0.001,face_G>face_C,2,MONO,GP,main,0.95,True,0.16428188455365997,0.1430259497077322,0.0009472981987991995,0.161,0.0011981320880587057,0.15166666666666667,1.266,1.9933435623749167,0.28860902786254883,"[[75.14387512207031, 59.0380744934082], 0.6486400365829468]"
face_x_face,8,0.001,face_G>face_C,2,MONO-rel,GP,main,0.95,True,0.09851065840386979,0.11625017564759635,0.0009750945074494108,0.16533333333333333,0.001218812541694463,0.15733333333333333,1.2233333333333334,1.1894921058483434,0.4121212959289551,"[[75.14220428466797, 70.40397644042969], 0.6455800533294678]"
face_x_face,8,0.001,face_G>face_C,2,LR-P1-N2,GP,main,0.95,True,0.16495085754207356,0.1432727317775059,0.0009466310873915944,0.16133333333333333,0.0011925728263286635,0.15266666666666667,1.263,1.9933257727373805,0.2797110080718994,"[[75.12828063964844, 59.0380744934082], 0.6491000652313232]"
face_x_face,8,0.001,face_G>face_C,2,LR-P1-N2-rel,GP,main,0.95,True,0.09856574540930552,0.11579034470926096,0.0009753168779186124,0.16533333333333333,0.0012208138759172782,0.157,1.2246666666666666,1.1914531910162331,0.4211843013763428,"[[75.14392852783203, 70.27862548828125], 0.6455000638961792]"
face_x_face,8,0.001,face_G>face_C,2,LR-P2-N2,GP,main,0.95,True,0.16884656949210586,0.14553308841628856,0.0009457416055147877,0.16333333333333333,0.0011863464531910162,0.15466666666666667,1.258,1.9932873026462086,0.2616117000579834,"[[75.0976791381836, 59.0380744934082], 0.6500000357627869]"
face_x_face,8,0.001,face_G>face_C,2,LR-P2-N2-rel,GP,main,0.95,True,0.10384276802663059,0.14475163005861982,0.0009748721369802091,0.16533333333333333,0.001229486324216144,0.15866666666666668,1.2153333333333334,1.112592172559484,0.3607594966888428,"[[75.15068054199219, 71.84404754638672], 0.6450100541114807]"
face_x_face,8,0.001,face_G>face_C,2,LR-P1-N3,GP,main,0.95,True,0.16495085764883274,0.14327273185822884,0.0009466310873915944,0.16133333333333333,0.0011925728263286635,0.15266666666666667,1.263,1.9933257727373805,0.27566099166870117,"[[75.12828063964844, 59.0380744934082], 0.6491000652313232]"
face_x_face,8,0.001,face_G>face_C,2,NLS-N2,GP,main,0.95,True,0.1476886146500169,0.1297340025331761,0.000946186346453191,0.16166666666666665,0.0011910162330442517,0.15233333333333332,1.2613333333333334,1.9933191016233045,0.2625441551208496,"[[75.1224594116211, 59.0380744934082], 0.6492400765419006]"
face_x_face,8,0.001,face_G>face_C,2,DE-N2,GP,main,0.95,True,0.16368814313589042,0.1422437956595206,0.0009470758283299978,0.16166666666666665,0.0011896820102290416,0.15266666666666667,1.263,1.9933244385145652,0.27181434631347656,"[[75.12664031982422, 59.0380744934082], 0.6491500735282898]"
face_x_face,8,0.001,face_G>face_C,2,MAXMONO-K3,GP,main,0.95,True,0.259751108121426,0.3010391360984649,0.0009753168779186124,0.173,0.001234600845007783,0.16866666666666666,1.1966666666666668,1.1580822770736046,0.4134838581085205,"[[74.95819091796875, 71.25167083740234], 0.6527000665664673]"
face_x_face,8,0.001,face_G>face_C,2,S1-Marcialis,rule,main,0.95,True,,,0.0009742050255726039,0.175,0.0012452746275294641,0.17966666666666667,1.7846666666666666,1.9939706470980654,,
face_x_face,8,0.001,face_G>face_C,2,S2-Symmetric,rule,main,0.95,True,,,0.0009742050255726039,0.175,0.0012452746275294641,0.17966666666666667,1.7846666666666666,1.9939706470980654,,
face_x_face,8,0.001,face_G>face_C,2,S4-Direct,rule,main,0.95,True,,,0.0009748721369802091,0.152,0.0012841894596397599,0.161,1.2636666666666667,1.038285523682455,,
face_x_face,8,0.001,parallel,2,P0-Parallel,rule,main,0.95,True,,,0.0009753168779186124,0.15066666666666667,0.0012950856126306427,0.14733333333333334,2.0,2.0,,
face_x_face,8,0.0001,face_C,1,HYP,GP,main,0.95,False,,,,,,,,,,
face_x_face,8,0.0001,face_C,1,MONO,GP,main,0.95,True,0.284147387120751,0.2879328886529427,9.206137424949966e-05,0.2813333333333333,0.00012630642650655993,0.285,1.0,1.0,0.13482117652893066,[0.6685900688171387]
face_x_face,8,0.0001,face_C,1,MONO-rel,GP,main,0.95,True,0.4571836762831625,0.47022355586696424,9.206137424949966e-05,0.2813333333333333,0.00012630642650655993,0.285,1.0,1.0,0.1601245403289795,[0.6685900688171387]
face_x_face,8,0.0001,face_C,1,LR-P1-N2,GP,main,0.95,True,0.28602618526815904,0.2896287802294438,9.206137424949966e-05,0.2813333333333333,0.00012630642650655993,0.285,1.0,1.0,0.12812495231628418,[0.6685900688171387]
face_x_face,8,0.0001,face_C,1,LR-P1-N2-rel,GP,main,0.95,True,0.45718367628316225,0.4702235558669642,9.206137424949966e-05,0.2813333333333333,0.00012630642650655993,0.285,1.0,1.0,0.15496563911437988,[0.6685900688171387]
face_x_face,8,0.0001,face_C,1,LR-P2-N2,GP,main,0.95,True,0.295493556156299,0.29872516485788037,9.206137424949966e-05,0.2813333333333333,0.00012630642650655993,0.285,1.0,1.0,0.11338257789611816,[0.6685900688171387]
face_x_face,8,0.0001,face_C,1,LR-P2-N2-rel,GP,main,0.95,True,0.6258777294041906,0.6468645100710914,9.206137424949966e-05,0.2813333333333333,0.00012630642650655993,0.285,1.0,1.0,0.1148064136505127,[0.6685900688171387]
face_x_face,8,0.0001,face_C,1,LR-P1-N3,GP,main,0.95,True,0.28602618530955204,0.2896287802668855,9.206137424949966e-05,0.2813333333333333,0.00012630642650655993,0.285,1.0,1.0,0.1507258415222168,[0.6685900688171387]
face_x_face,8,0.0001,face_C,1,NLS-N2,GP,main,0.95,True,0.2831662762111267,0.2870565203730144,9.206137424949966e-05,0.2813333333333333,0.00012630642650655993,0.285,1.0,1.0,0.12037134170532227,[0.6685900688171387]
face_x_face,8,0.0001,face_C,1,DE-N2,GP,main,0.95,True,0.28607807021909964,0.28967653243204106,9.206137424949966e-05,0.2813333333333333,0.00012630642650655993,0.285,1.0,1.0,0.12418627738952637,[0.6685900688171387]
face_x_face,8,0.0001,face_C,1,MAXMONO-K3,GP,main,0.95,True,0.9999999999999991,1.0,9.13942628418946e-05,0.282,0.00012586168556815656,0.2853333333333333,1.0,1.0,0.1225900650024414,[0.6686500310897827]
face_x_face,8,0.0001,face_C,1,S1-Marcialis,rule,main,0.95,False,,,,,,,,,,
face_x_face,8,0.0001,face_C,1,S2-Symmetric,rule,main,0.95,False,,,,,,,,,,
face_x_face,8,0.0001,face_C,1,S4-Direct,rule,main,0.95,False,,,,,,,,,,
face_x_face,8,0.0001,face_G,1,HYP,GP,main,0.95,False,,,,,,,,,,
face_x_face,8,0.0001,face_G,1,MONO,GP,main,0.95,True,0.3644940058403142,0.36873940211874434,9.206137424949966e-05,0.36333333333333334,0.000126973537914165,0.35033333333333333,1.0,1.0,0.12711071968078613,[75.75777435302734]
face_x_face,8,0.0001,face_G,1,MONO-rel,GP,main,0.95,True,0.5012797077148028,0.5138742882287293,9.206137424949966e-05,0.36333333333333334,0.000126973537914165,0.35033333333333333,1.0,1.0,0.1317441463470459,[75.75777435302734]
face_x_face,8,0.0001,face_G,1,LR-P1-N2,GP,main,0.95,True,0.3645943952671967,0.36886497548560887,9.206137424949966e-05,0.36333333333333334,0.000126973537914165,0.35033333333333333,1.0,1.0,0.16313791275024414,[75.75777435302734]
face_x_face,8,0.0001,face_G,1,LR-P1-N2-rel,GP,main,0.95,True,0.4949481485677284,0.5072802472826452,9.206137424949966e-05,0.36333333333333334,0.000126973537914165,0.35033333333333333,1.0,1.0,0.1346437931060791,[75.75777435302734]
face_x_face,8,0.0001,face_G,1,LR-P2-N2,GP,main,0.95,True,0.3646584642117266,0.36894511692406406,9.206137424949966e-05,0.36333333333333334,0.000126973537914165,0.35033333333333333,1.0,1.0,0.13174915313720703,[75.75777435302734]
face_x_face,8,0.0001,face_G,1,LR-P2-N2-rel,GP,main,0.95,True,0.6002017755748054,0.617215905398633,9.206137424949966e-05,0.36333333333333334,0.000126973537914165,0.35033333333333333,1.0,1.0,0.13007211685180664,[75.75777435302734]
face_x_face,8,0.0001,face_G,1,LR-P1-N3,GP,main,0.95,True,0.3645943952560954,0.3688649754717226,9.206137424949966e-05,0.36333333333333334,0.000126973537914165,0.35033333333333333,1.0,1.0,0.1271533966064453,[75.75777435302734]
face_x_face,8,0.0001,face_G,1,NLS-N2,GP,main,0.95,True,0.3672804649955425,0.3721077293076519,9.206137424949966e-05,0.36333333333333334,0.000126973537914165,0.35033333333333333,1.0,1.0,0.13019633293151855,[75.75777435302734]
face_x_face,8,0.0001,face_G,1,DE-N2,GP,main,0.95,True,0.36475860299762386,0.36907013101888053,9.206137424949966e-05,0.36333333333333334,0.000126973537914165,0.35033333333333333,1.0,1.0,0.12581896781921387,[75.75777435302734]
face_x_face,8,0.0001,face_G,1,MAXMONO-K3,GP,main,0.95,True,1.0,1.0,9.13942628418946e-05,0.3636666666666667,0.00012630642650655993,0.35033333333333333,1.0,1.0,0.12155866622924805,[75.75955963134766]
face_x_face,8,0.0001,face_G,1,S1-Marcialis,rule,main,0.95,False,,,,,,,,,,
face_x_face,8,0.0001,face_G,1,S2-Symmetric,rule,main,0.95,False,,,,,,,,,,
face_x_face,8,0.0001,face_G,1,S4-Direct,rule,main,0.95,False,,,,,,,,,,
face_x_face,8,0.0001,face_C>face_G,2,HYP,GP,main,0.95,False,,,,,,,,,,
face_x_face,8,0.0001,face_C>face_G,2,MONO,GP,main,0.95,True,0.1858601677359502,0.1799148468430089,9.206137424949966e-05,0.2663333333333333,0.00012830776072937514,0.261,1.2843333333333333,1.1739421836780075,0.3321666717529297,"[[0.676240086555481, 0.5607800483703613], 75.95048522949219]"
face_x_face,8,0.0001,face_C>face_G,2,MONO-rel,GP,main,0.95,True,0.18428971759508858,0.33486565360446746,9.206137424949966e-05,0.26066666666666666,0.00012630642650655993,0.259,1.2303333333333333,1.014865465866133,0.20846128463745117,"[[0.6763500571250916, 0.6053500771522522], 75.70653533935547]"
face_x_face,8,0.0001,face_C>face_G,2,LR-P1-N2,GP,main,0.95,True,0.19254023905155934,0.18400235958944577,9.206137424949966e-05,0.2663333333333333,0.00013053146542139205,0.2613333333333333,1.2866666666666666,1.178080498109851,0.34610867500305176,"[[0.6765600442886353, 0.5602400302886963], 75.9370346069336]"
face_x_face,8,0.0001,face_C>face_G,2,LR-P1-N2-rel,GP,main,0.95,True,0.18395919555538853,0.3316176291262322,9.206137424949966e-05,0.26066666666666666,0.0001271959083833667,0.259,1.2306666666666666,1.0151667778519013,0.20096087455749512,"[[0.676240086555481, 0.6050500869750977], 75.70787048339844]"
face_x_face,8,0.0001,face_C>face_G,2,LR-P2-N2,GP,main,0.95,True,0.21274205738133156,0.19737346628491298,9.206137424949966e-05,0.267,0.00013097620635979542,0.26266666666666666,1.2906666666666666,1.1892012452746274,0.32686352729797363,"[[0.677600085735321, 0.5588300824165344], 75.91386413574219]"
face_x_face,8,0.0001,face_C>face_G,2,LR-P2-N2-rel,GP,main,0.95,True,0.2311713584147244,0.5043123419867077,9.206137424949966e-05,0.258,0.00012853013119857684,0.25766666666666665,1.216,1.0096662219257282,0.18781018257141113,"[[0.6759900450706482, 0.6118800640106201], 75.62950134277344]"
face_x_face,8,0.0001,face_C>face_G,2,LR-P1-N3,GP,main,0.95,True,0.19254023920338048,0.18400235966831258,9.206137424949966e-05,0.2663333333333333,0.00013053146542139205,0.2613333333333333,1.2866666666666666,1.178080498109851,0.32714009284973145,"[[0.6765600442886353, 0.5602400302886963], 75.9370346069336]"
face_x_face,8,0.0001,face_C>face_G,2,NLS-N2,GP,main,0.95,True,0.18098953214894728,0.18238849059475132,9.206137424949966e-05,0.2673333333333333,0.0001291972426061819,0.263,1.2786666666666666,1.121389148321103,0.29999732971191406,"[[0.6768900752067566, 0.568570077419281], 75.91015625]"
face_x_face,8,0.0001,face_C>face_G,2,DE-N2,GP,main,0.95,True,0.19235178020605104,0.18426528583472912,9.206137424949966e-05,0.2673333333333333,0.0001291972426061819,0.262,1.287,1.174620635979542,0.3564114570617676,"[[0.6767400503158569, 0.5606900453567505], 75.93630981445312]"
face_x_face,8,0.0001,face_C>face_G,2,MAXMONO-K3,GP,main,0.95,True,0.7597444049236634,1.0,9.206137424949966e-05,0.27266666666666667,0.00012630642650655993,0.276,1.0943333333333334,1.0008905937291528,0.19411158561706543,"[[0.6686500310897827, 0.6433500647544861], 76.78968048095703]"
face_x_face,8,0.0001,face_C>face_G,2,S1-Marcialis,rule,main,0.95,True,,,9.206137424949966e-05,0.34,0.000126973537914165,0.33166666666666667,1.5626666666666666,2.0,,
face_x_face,8,0.0001,face_C>face_G,2,S2-Symmetric,rule,main,0.95,True,,,9.206137424949966e-05,0.34,0.000126973537914165,0.33166666666666667,1.5626666666666666,2.0,,
face_x_face,8,0.0001,face_C>face_G,2,S4-Direct,rule,main,0.95,True,,,9.206137424949966e-05,0.23933333333333334,0.00014809873248832555,0.24166666666666667,1.154,1.0008427840782743,,
face_x_face,8,0.0001,face_G>face_C,2,HYP,GP,main,0.95,False,,,,,,,,,,
face_x_face,8,0.0001,face_G>face_C,2,MONO,GP,main,0.95,True,0.22391538496803817,0.21153450053130315,9.206137424949966e-05,0.26766666666666666,0.00012497220369134978,0.26166666666666666,1.365,1.2994262841894597,0.389939546585083,"[[76.07103729248047, 66.80701446533203], 0.6747800707817078]"
face_x_face,8,0.0001,face_G>face_C,2,MONO-rel,GP,main,0.95,True,0.19655460433605937,0.3692874450782054,9.206137424949966e-05,0.25633333333333336,0.00013297754058261063,0.25533333333333336,1.2933333333333332,1.0198418945963976,0.21454095840454102,"[[76.0704574584961, 73.30392456054688], 0.6692800521850586]"
face_x_face,8,0.0001,face_G>face_C,2,LR-P1-N2,GP,main,0.95,True,0.22453580199054712,0.20964105494031393,9.206137424949966e-05,0.26766666666666666,0.00012808539026017344,0.26033333333333336,1.3633333333333333,1.3466755614854347,0.44052577018737793,"[[76.03712463378906, 66.6302490234375], 0.6754400730133057]"
face_x_face,8,0.0001,face_G>face_C,2,LR-P1-N2-rel,GP,main,0.95,True,0.1953829589020367,0.3652994031776741,9.206137424949966e-05,0.25666666666666665,0.000133422281521014,0.25566666666666665,1.2936666666666667,1.0200229041583277,0.19971370697021484,"[[76.07103729248047, 73.29829406738281], 0.6692900657653809]"
face_x_face,8,0.0001,face_G>face_C,2,LR-P2-N2,GP,main,0.95,True,0.22837112987018576,0.20715614078414316,9.183900378029797e-05,0.26666666666666666,0.00012897487213698022,0.26,1.3693333333333333,1.4932897487213699,0.45252156257629395,"[[76.00419616699219, 66.16159057617188], 0.6764100790023804]"
face_x_face,8,0.0001,face_G>face_C,2,LR-P2-N2-rel,GP,main,0.95,True,0.22604262243563683,0.5265883883643377,9.206137424949966e-05,0.25066666666666665,0.00013453413386702246,0.24866666666666667,1.281,1.0120711585501445,0.21535086631774902,"[[76.079345703125, 73.61122131347656], 0.6661500334739685]"
face_x_face,8,0.0001,face_G>face_C,2,LR-P1-N3,GP,main,0.95,True,0.22453580207752988,0.20964105497816232,9.206137424949966e-05,0.26766666666666666,0.00012808539026017344,0.26033333333333336,1.3633333333333333,1.3466755614854347,0.38924336433410645,"[[76.03712463378906, 66.6302490234375], 0.6754400730133057]"
face_x_face,8,0.0001,face_G>face_C,2,NLS-N2,GP,main,0.95,True,0.21028264490264714,0.20595787968754226,9.206137424949966e-05,0.268,0.0001291972426061819,0.26066666666666666,1.355,1.2473951523237714,0.4161384105682373,"[[76.02758026123047, 67.06787872314453], 0.6753100752830505]"
face_x_face,8,0.0001,face_G>face_C,2,DE-N2,GP,main,0.95,True,0.2235083418684041,0.20903079823751516,9.206137424949966e-05,0.26766666666666666,0.00012830776072937514,0.26033333333333336,1.3633333333333333,1.3453048699132755,0.3852214813232422,"[[76.03619384765625, 66.63494110107422], 0.6754500865936279]"
face_x_face,8,0.0001,face_G>face_C,2,MAXMONO-K3,GP,main,0.95,True,0.731126089067266,1.0,9.206137424949966e-05,0.32233333333333336,0.0001294196130753836,0.309,1.1206666666666667,1.0009452968645765,0.170914888381958,"[[75.75955963134766, 74.85563659667969], 0.6924200654029846]"
face_x_face,8,0.0001,face_G>face_C,2,S1-Marcialis,rule,main,0.95,True,,,9.206137424949966e-05,0.2753333333333333,0.00012764064932177006,0.2796666666666667,1.7846666666666666,1.9939706470980654,,
face_x_face,8,0.0001,face_G>face_C,2,S2-Symmetric,rule,main,0.95,True,,,9.206137424949966e-05,0.2753333333333333,0.00012764064932177006,0.2796666666666667,1.7846666666666666,1.9939706470980654,,
face_x_face,8,0.0001,face_G>face_C,2,S4-Direct,rule,main,0.95,True,,,9.206137424949966e-05,0.23966666666666667,0.000149210584834334,0.24266666666666667,1.3116666666666668,1.0053971536579942,,
face_x_face,8,0.0001,parallel,2,P0-Parallel,rule,main,0.95,True,,,9.206137424949966e-05,0.23633333333333334,0.00013964865465866132,0.24033333333333334,2.0,2.0,,
