dataset,seed,alpha,order,n_stages,method,kind,calib,B,feasible,far_foldA,frr_foldA,far_test,frr_test,stages_gen,stages_imp,thr
lfw_x_fing,1,0.01,face_S,1,LR-P1-N2,GP,foldA,300,True,0.009086259802250255,0.004761904761904762,0.009689823486009422,0.008333333333333333,1.0,1.0,[0.29596996307373047]
lfw_x_fing,1,0.01,face_S,1,HYP,GP,foldA,300,True,0.009086259802250255,0.004761904761904762,0.009689823486009422,0.008333333333333333,1.0,1.0,[0.29596996307373047]
lfw_x_fing,1,0.01,li_V,1,LR-P1-N2,GP,foldA,300,True,0.007836117740652347,0.1380952380952381,0.007940291730518191,0.125,1.0,1.0,[19.0]
lfw_x_fing,1,0.01,li_V,1,HYP,GP,foldA,300,False,,,,,,,
lfw_x_fing,1,0.01,ri_V,1,LR-P1-N2,GP,foldA,300,True,0.006972383225366519,0.06190476190476191,0.007744480390487542,0.0988095238095238,1.0,1.0,[19.0]
lfw_x_fing,1,0.01,ri_V,1,HYP,GP,foldA,300,True,0.006972383225366519,0.06190476190476191,0.007744480390487542,0.0988095238095238,1.0,1.0,[19.0]
lfw_x_fing,1,0.01,face_S>li_V,2,LR-P1-N2,GP,foldA,300,True,0.008313444709626094,0.002380952380952381,0.008953402576763721,0.0011904761904761906,1.0083333333333333,1.676384868607753,"[[0.30707424879074097, 0.04627299681305885], 22.0]"
lfw_x_fing,1,0.01,face_S>li_V,2,HYP,GP,foldA,300,True,0.007875894988066826,0.004761904761904762,0.008507860832056303,0.004761904761904762,1.0035714285714286,1.0373276008854078,"[[0.3166739046573639, 0.24141694605350494], 12.0]"
lfw_x_fing,1,0.01,face_S>li_V,2,S1-Marcialis,rule,foldA,300,True,0.007580406864416411,0.002380952380952381,0.007595493501333787,0.0035714285714285713,1.0404761904761906,1.685207730291163,"[[0.4553612172603607, 0.04580334201455116], 18.0]"
lfw_x_fing,1,0.01,face_S>li_V,2,S2-Symmetric,rule,foldA,300,True,0.007580406864416411,0.002380952380952381,0.007595493501333787,0.0035714285714285713,1.0404761904761906,1.685207730291163,"[[0.4553612172603607, 0.04580334201455116], 18.0]"
lfw_x_fing,1,0.01,face_S>li_V,2,S3-SPRT,rule,foldA,300,True,0.009057847482668486,0.002380952380952381,0.009491174300471082,0.0035714285714285713,1.0202380952380952,1.1337377263181792,"[[3.9257369030002716, -4.650485780476649], -4.043241532863156]"
lfw_x_fing,1,0.01,face_S>li_V,2,S4-Direct,rule,foldA,300,True,0.006120013637913399,0.0,0.006125489528350077,0.0035714285714285713,1.0226190476190475,1.7509662863953686,"[[0.4022461771965027, 0.028312671929597855], 19.0]"
lfw_x_fing,1,0.01,face_S>ri_V,2,LR-P1-N2,GP,foldA,300,True,0.008887373565177862,0.002380952380952381,0.010043135251716897,0.0011904761904761906,1.0083333333333333,1.677118451671491,"[[0.31053051352500916, 0.04627299681305885], 20.0]"
lfw_x_fing,1,0.01,face_S>ri_V,2,HYP,GP,foldA,300,True,0.007705421070576202,0.004761904761904762,0.008273738577671831,0.004761904761904762,1.0035714285714286,1.0547846075259664,"[[0.3166739046573639, 0.22658611834049225], 13.0]"
lfw_x_fing,1,0.01,face_S>ri_V,2,S1-Marcialis,rule,foldA,300,True,0.006625752926468917,0.0,0.00730319541404166,0.002380952380952381,1.0404761904761906,1.685207730291163,"[[0.4553612172603607, 0.04580334201455116], 18.0]"
lfw_x_fing,1,0.01,face_S>ri_V,2,S2-Symmetric,rule,foldA,300,True,0.006625752926468917,0.0,0.00730319541404166,0.002380952380952381,1.0404761904761906,1.685207730291163,"[[0.4553612172603607, 0.04580334201455116], 18.0]"
lfw_x_fing,1,0.01,face_S>ri_V,2,S3-SPRT,rule,foldA,300,True,0.008932833276508694,0.002380952380952381,0.009620296271071003,0.0035714285714285713,1.0202380952380952,1.1337377263181792,"[[3.9257369030002716, -4.650485780476649], -4.4852070328426255]"
lfw_x_fing,1,0.01,face_S>ri_V,2,S4-Direct,rule,foldA,300,True,0.007284918740765996,0.0,0.007987116181395085,0.002380952380952381,1.0404761904761906,1.7511408138940916,"[[0.4553612172603607, 0.028312671929597855], 18.0]"
lfw_x_fing,1,0.01,li_V>face_S,2,LR-P1-N2,GP,foldA,300,True,0.007927037163314013,0.016666666666666666,0.008636982802656224,0.016666666666666666,1.1333333333333333,1.6845550258243942,"[[21.000001907348633, 5.000000476837158], 0.3013027310371399]"
lfw_x_fing,1,0.01,li_V>face_S,2,HYP,GP,foldA,300,False,,,,,,,
lfw_x_fing,1,0.01,li_V>face_S,2,S1-Marcialis,rule,foldA,300,True,0.009001022843504944,0.0,0.009532323060332595,0.007142857142857143,1.2964285714285715,1.8495473636415234,"[[38.000003814697266, 5.0], 0.2911064922809601]"
lfw_x_fing,1,0.01,li_V>face_S,2,S2-Symmetric,rule,foldA,300,True,0.009001022843504944,0.0,0.009532323060332595,0.007142857142857143,1.2964285714285715,1.8495473636415234,"[[38.000003814697266, 5.0], 0.2911064922809601]"
lfw_x_fing,1,0.01,li_V>face_S,2,S3-SPRT,rule,foldA,300,True,0.008819183998181612,0.002380952380952381,0.009376241557409615,0.009523809523809525,1.2226190476190477,1.8283727793858902,"[[5.715548407571743, -3.49389378032011], -3.536344686615119]"
lfw_x_fing,1,0.01,li_V>face_S,2,S4-Direct,rule,foldA,300,True,0.009001022843504944,0.0,0.009532323060332595,0.007142857142857143,1.2964285714285715,1.8495473636415234,"[[38.000003814697266, 4.000000476837158], 0.2911064922809601]"
lfw_x_fing,1,0.01,li_V>ri_V,2,LR-P1-N2,GP,foldA,300,True,0.006676895101716104,0.04523809523809524,0.007579885351041489,0.05119047619047619,1.1333333333333333,1.6845550258243942,"[[21.000001907348633, 5.000000476837158], 19.000001907348633]"
lfw_x_fing,1,0.01,li_V>ri_V,2,HYP,GP,foldA,300,False,,,,,,,
lfw_x_fing,1,0.01,li_V>ri_V,2,S1-Marcialis,rule,foldA,300,True,0.006426866689396522,0.04285714285714286,0.007256370963164766,0.06547619047619048,1.2964285714285715,1.8495473636415234,"[[38.000003814697266, 5.0], 19.0]"
lfw_x_fing,1,0.01,li_V>ri_V,2,S2-Symmetric,rule,foldA,300,True,0.006426866689396522,0.04285714285714286,0.007256370963164766,0.06547619047619048,1.2964285714285715,1.8495473636415234,"[[38.000003814697266, 5.0], 19.0]"
lfw_x_fing,1,0.01,li_V>ri_V,2,S3-SPRT,rule,foldA,300,True,0.008194112967382657,0.03571428571428571,0.008849821215733016,0.05,1.2226190476190477,1.8283727793858902,"[[5.715548407571743, -3.49389378032011], -0.7687683836920571]"
lfw_x_fing,1,0.01,li_V>ri_V,2,S4-Direct,rule,foldA,300,True,0.00788157745198318,0.030952380952380953,0.008400022702764062,0.041666666666666664,1.125,1.8437922129519269,"[[19.000001907348633, 4.000000476837158], 22.0]"
lfw_x_fing,1,0.01,ri_V>face_S,2,LR-P1-N2,GP,foldA,300,True,0.008233890214797136,0.004761904761904762,0.009354957716101935,0.004761904761904762,1.1095238095238096,1.8071996140530109,"[[20.000001907348633, 4.000000476837158], 0.3091941773891449]"
lfw_x_fing,1,0.01,ri_V>face_S,2,HYP,GP,foldA,300,True,0.00840436413228776,0.0380952380952381,0.009086781315625177,0.05119047619047619,1.0488095238095239,1.072176343719848,"[[18.000001907348633, 11.000000953674316], 0.2705848813056946]"
lfw_x_fing,1,0.01,ri_V>face_S,2,S1-Marcialis,rule,foldA,300,True,0.008995340379588589,0.0,0.00961178273454793,0.0011904761904761906,1.2452380952380953,1.9419589647539588,"[[39.000003814697266, 4.0], 0.294370174407959]"
lfw_x_fing,1,0.01,ri_V>face_S,2,S2-Symmetric,rule,foldA,300,True,0.008995340379588589,0.0,0.00961178273454793,0.0011904761904761906,1.2452380952380953,1.9419589647539588,"[[39.000003814697266, 4.0], 0.294370174407959]"
lfw_x_fing,1,0.01,ri_V>face_S,2,S3-SPRT,rule,foldA,300,True,0.00876235935901807,0.0,0.009478403995686474,0.009523809523809525,1.161904761904762,1.8289701458652592,"[[5.431637617290456, -3.8651595085518053], -3.959230859033934]"
lfw_x_fing,1,0.01,ri_V>face_S,2,S4-Direct,rule,foldA,300,True,0.008995340379588589,0.0,0.00961178273454793,0.0011904761904761906,1.2452380952380953,1.9419589647539588,"[[39.000003814697266, 3.000000238418579], 0.294370174407959]"
lfw_x_fing,1,0.01,ri_V>li_V,2,LR-P1-N2,GP,foldA,300,True,0.008313444709626094,0.030952380952380953,0.009186105908394348,0.04285714285714286,1.1023809523809525,1.805611839491458,"[[19.000001907348633, 4.000000476837158], 21.0]"
lfw_x_fing,1,0.01,ri_V>li_V,2,HYP,GP,foldA,300,True,0.008165700647800887,0.05476190476190476,0.009035700096486748,0.08333333333333333,1.0238095238095237,1.0210312730574949,"[[18.000001907348633, 14.000000953674316], 16.0]"
lfw_x_fing,1,0.01,ri_V>li_V,2,S1-Marcialis,rule,foldA,300,True,0.007745198317990681,0.07380952380952381,0.007740223622226006,0.05952380952380952,1.2452380952380953,1.9419589647539588,"[[39.000003814697266, 4.0], 19.0]"
lfw_x_fing,1,0.01,ri_V>li_V,2,S2-Symmetric,rule,foldA,300,True,0.007745198317990681,0.07380952380952381,0.007740223622226006,0.05952380952380952,1.2452380952380953,1.9419589647539588,"[[39.000003814697266, 4.0], 19.0]"
lfw_x_fing,1,0.01,ri_V>li_V,2,S3-SPRT,rule,foldA,300,True,0.008285032390044323,0.03333333333333333,0.008988875645609852,0.05,1.161904761904762,1.8289701458652592,"[[5.431637617290456, -3.8651595085518053], -0.7691417825402644]"
lfw_x_fing,1,0.01,ri_V>li_V,2,S4-Direct,rule,foldA,300,True,0.007767928173656098,0.02857142857142857,0.008458198535671719,0.047619047619047616,1.1011904761904763,1.6362960440433623,"[[20.000001907348633, 5.000000476837158], 20.0]"
lfw_x_fing,1,0.01,face_S>li_V>ri_V,3,LR-P1-N2,GP,foldA,300,True,0.008796454142516195,0.002380952380952381,0.00968130994948635,0.0011904761904761906,1.0095238095238095,2.138607469209376,"[[0.30052247643470764, 0.04627299681305885], [24.000001907348633, 5.000000476837158], 26.0]"
lfw_x_fing,1,0.01,face_S>li_V>ri_V,3,HYP,GP,foldA,300,True,0.00827934992612797,0.004761904761904762,0.008886713207332992,0.004761904761904762,1.0035714285714286,1.0893836199557296,"[[0.3166739046573639, 0.21822543442249298], [14.000000953674316, 7.000000476837158], 13.0]"
lfw_x_fing,1,0.01,face_S>li_V>ri_V,3,S1-Marcialis,rule,foldA,300,True,0.006097283782247983,0.0,0.006809410295703502,0.0011904761904761906,1.0535714285714286,2.267597479993189,"[[0.4553612172603607, 0.04580334201455116], [38.000003814697266, 5.0], 18.0]"
lfw_x_fing,1,0.01,face_S>li_V>ri_V,3,S2-Symmetric,rule,foldA,300,True,0.006097283782247983,0.0,0.006809410295703502,0.0011904761904761906,1.0535714285714286,2.267597479993189,"[[0.4553612172603607, 0.04580334201455116], [38.000003814697266, 5.0], 18.0]"
lfw_x_fing,1,0.01,face_S>li_V>ri_V,3,S3-SPRT,rule,foldA,300,True,0.008910103420843278,0.002380952380952381,0.009252795277825075,0.0035714285714285713,1.025,1.1473906010556785,"[[3.9257369030002716, -4.650485780476649], [3.9257369030002716, -4.650485780476649], -7.391744192906671]"
lfw_x_fing,1,0.01,face_S>li_V>ri_V,3,S4-Direct,rule,foldA,300,True,0.007972496874644845,0.0,0.008533401441625519,0.0011904761904761906,1.0440476190476191,2.3024575742096602,"[[0.4553612172603607, -0.058930154889822006], [21.000001907348633, 7.000000476837158], 18.0]"
lfw_x_fing,1,0.01,face_S>ri_V>li_V,3,LR-P1-N2,GP,foldA,300,True,0.008904420956926923,0.002380952380952381,0.009757931778193995,0.0011904761904761906,1.0095238095238095,2.2230035756853397,"[[0.304656445980072, 0.04627299681305885], [22.000001907348633, 4.000000476837158], 24.0]"
lfw_x_fing,1,0.01,face_S>ri_V>li_V,3,HYP,GP,foldA,300,True,0.008819183998181612,0.002380952380952381,0.009369146943640388,0.004761904761904762,1.0035714285714286,1.096688234292525,"[[0.3166739046573639, 0.210011288523674], [14.000000953674316, 8.000000953674316], 12.0]"
lfw_x_fing,1,0.01,face_S>ri_V>li_V,3,S1-Marcialis,rule,foldA,300,True,0.007472440050005682,0.0,0.007388330779272376,0.0011904761904761906,1.0452380952380953,2.3309736647936887,"[[0.4553612172603607, 0.04580334201455116], [39.000003814697266, 4.0], 18.0]"
lfw_x_fing,1,0.01,face_S>ri_V>li_V,3,S2-Symmetric,rule,foldA,300,False,,,,,,,
lfw_x_fing,1,0.01,face_S>ri_V>li_V,3,S3-SPRT,rule,foldA,300,True,0.00892715081259234,0.002380952380952381,0.009550769056132584,0.0035714285714285713,1.0214285714285714,1.144185254554742,"[[3.9257369030002716, -4.650485780476649], [3.9257369030002716, -4.650485780476649], -7.666563390451252]"
lfw_x_fing,1,0.01,face_S>ri_V>li_V,3,S4-Direct,rule,foldA,300,True,0.007506534833503807,0.0,0.007594074578579942,0.0011904761904761906,1.0440476190476191,2.399062092059708,"[[0.4553612172603607, -0.058930154889822006], [21.000001907348633, 6.000000476837158], 19.0]"
lfw_x_fing,1,0.01,li_V>face_S>ri_V,3,LR-P1-N2,GP,foldA,300,True,0.007444027730423912,0.016666666666666666,0.00821130597650264,0.016666666666666666,1.1226190476190476,2.148386684828878,"[[20.000001907348633, 5.000000476837158], [0.326906681060791, 0.04627299681305885], 21.000001907348633]"
lfw_x_fing,1,0.01,li_V>face_S>ri_V,3,HYP,GP,foldA,300,False,,,,,,,
lfw_x_fing,1,0.01,li_V>face_S>ri_V,3,S1-Marcialis,rule,foldA,300,True,0.006097283782247983,0.0,0.006812248141211193,0.004761904761904762,1.3095238095238095,2.4319371133435497,"[[38.000003814697266, 5.0], [0.4553612172603607, 0.04580334201455116], 18.0]"
lfw_x_fing,1,0.01,li_V>face_S>ri_V,3,S2-Symmetric,rule,foldA,300,True,0.006097283782247983,0.0,0.006812248141211193,0.004761904761904762,1.3095238095238095,2.4319371133435497,"[[38.000003814697266, 5.0], [0.4553612172603607, 0.04580334201455116], 18.0]"
lfw_x_fing,1,0.01,li_V>face_S>ri_V,3,S3-SPRT,rule,foldA,300,True,0.008574838049778384,0.002380952380952381,0.00910664623417901,0.009523809523809525,1.2261904761904763,1.837334695499177,"[[5.715548407571743, -3.49389378032011], [5.715548407571743, -3.49389378032011], -Infinity]"
lfw_x_fing,1,0.01,li_V>face_S>ri_V,3,S4-Direct,rule,foldA,300,True,0.007137174678940789,0.0,0.008194278903456496,0.0035714285714285713,1.3,2.2743714172200464,"[[38.000003814697266, 4.000000476837158], [0.32571208477020264, 0.0876760333776474], 18.0]"
lfw_x_fing,1,0.01,li_V>ri_V>face_S,3,LR-P1-N2,GP,foldA,300,True,0.008160018183884532,0.01904761904761905,0.00842130654407174,0.016666666666666666,1.1464285714285714,2.2461717464101256,"[[18.000001907348633, 5.000000476837158], [26.000001907348633, 4.000000476837158], 0.4553612172603607]"
lfw_x_fing,1,0.01,li_V>ri_V>face_S,3,HYP,GP,foldA,300,False,,,,,,,
lfw_x_fing,1,0.01,li_V>ri_V>face_S,3,S1-Marcialis,rule,foldA,300,True,0.008881691101261507,0.0,0.009242862818548159,0.004761904761904762,1.4154761904761906,2.655475622907089,"[[38.000003814697266, 5.0], [39.000003814697266, 4.0], 0.29015013575553894]"
lfw_x_fing,1,0.01,li_V>ri_V>face_S,3,S2-Symmetric,rule,foldA,300,True,0.008881691101261507,0.0,0.009242862818548159,0.004761904761904762,1.4154761904761906,2.655475622907089,"[[38.000003814697266, 5.0], [39.000003814697266, 4.0], 0.29015013575553894]"
lfw_x_fing,1,0.01,li_V>ri_V>face_S,3,S3-SPRT,rule,foldA,300,True,0.008302079781793386,0.016666666666666666,0.008734888472671547,0.02976190476190476,1.275,1.8871942221465463,"[[5.715548407571743, -3.49389378032011], [5.715548407571743, -3.49389378032011], -5.904810455586722]"
lfw_x_fing,1,0.01,li_V>ri_V>face_S,3,S4-Direct,rule,foldA,300,True,0.008932833276508694,0.0,0.009379079402917306,0.004761904761904762,1.3142857142857143,2.655125148986889,"[[29.000001907348633, 4.000000476837158], [39.000003814697266, 3.000000238418579], 0.2903301417827606]"
lfw_x_fing,1,0.01,ri_V>face_S>li_V,3,LR-P1-N2,GP,foldA,300,True,0.008455506307534947,0.004761904761904762,0.009834553606901641,0.004761904761904762,1.1035714285714286,2.3533713604631363,"[[19.000001907348633, 4.000000476837158], [0.3272843658924103, 0.04627299681305885], 23.0]"
lfw_x_fing,1,0.01,ri_V>face_S>li_V,3,HYP,GP,foldA,300,True,0.008444141379702239,0.0380952380952381,0.00914921391679437,0.05,1.05,1.112663885578069,"[[18.000001907348633, 10.000000953674316], [0.2995062470436096, 0.21847203373908997], 14.0]"
lfw_x_fing,1,0.01,ri_V>face_S>li_V,3,S1-Marcialis,rule,foldA,300,True,0.007472440050005682,0.0,0.007388330779272376,0.0011904761904761906,1.25,2.5877248992564845,"[[39.000003814697266, 4.0], [0.4553612172603607, 0.04580334201455116], 18.0]"
lfw_x_fing,1,0.01,ri_V>face_S>li_V,3,S2-Symmetric,rule,foldA,300,True,0.007472440050005682,0.0,0.007388330779272376,0.0011904761904761906,1.25,2.5877248992564845,"[[39.000003814697266, 4.0], [0.4553612172603607, 0.04580334201455116], 18.0]"
lfw_x_fing,1,0.01,ri_V>face_S>li_V,3,S3-SPRT,rule,foldA,300,True,0.008137288328219116,0.0,0.008856915829502241,0.009523809523809525,1.1654761904761906,1.837683750496623,"[[5.431637617290456, -3.8651595085518053], [5.431637617290456, -3.8651595085518053], -Infinity]"
lfw_x_fing,1,0.01,ri_V>face_S>li_V,3,S4-Direct,rule,foldA,300,True,0.008523695874531197,0.0,0.009065497474317499,0.0011904761904761906,1.2464285714285714,2.41316618423293,"[[39.000003814697266, 3.000000238418579], [0.32571208477020264, 0.0876760333776474], 18.0]"
lfw_x_fing,1,0.01,ri_V>li_V>face_S,3,LR-P1-N2,GP,foldA,300,True,0.007478122513922036,0.009523809523809525,0.008482320222487088,0.010714285714285714,1.1428571428571428,2.3710610704353257,"[[18.000001907348633, 4.000000476837158], [28.000001907348633, 5.000000476837158], 0.3653627038002014]"
lfw_x_fing,1,0.01,ri_V>li_V>face_S,3,HYP,GP,foldA,300,False,,,,,,,
lfw_x_fing,1,0.01,ri_V>li_V>face_S,3,S1-Marcialis,rule,foldA,300,True,0.008881691101261507,0.0,0.009242862818548159,0.0035714285714285713,1.3642857142857143,2.7478872240195242,"[[39.000003814697266, 4.0], [38.000003814697266, 5.0], 0.29015013575553894]"
lfw_x_fing,1,0.01,ri_V>li_V>face_S,3,S2-Symmetric,rule,foldA,300,True,0.008881691101261507,0.0,0.009242862818548159,0.0035714285714285713,1.3642857142857143,2.7478872240195242,"[[39.000003814697266, 4.0], [38.000003814697266, 5.0], 0.29015013575553894]"
lfw_x_fing,1,0.01,ri_V>li_V>face_S,3,S3-SPRT,rule,foldA,300,True,0.008319127173542449,0.011904761904761904,0.008730631704410012,0.025,1.2202380952380953,1.9075358987456723,"[[5.431637617290456, -3.8651595085518053], [5.431637617290456, -3.8651595085518053], -5.852761703372195]"
lfw_x_fing,1,0.01,ri_V>li_V>face_S,3,S4-Direct,rule,foldA,300,True,0.009012387771337652,0.0,0.00970259379079403,0.002380952380952381,1.1916666666666667,2.7439298484590497,"[[22.000001907348633, 3.000000238418579], [38.000003814697266, 4.000000476837158], 0.29647865891456604]"
lfw_x_fing,1,0.01,parallel,3,P0-Parallel,parallel,foldA,300,True,0.00830776224570974,0.004761904761904762,0.008811510301379192,0.007142857142857143,3.0,3.0,[5.529616832733154]
lfw_x_fing,1,0.01,parallel,3,P1-LLR,parallel,foldA,300,True,0.008461188771451302,0.0,0.009305295419717351,0.0011904761904761906,3.0,3.0,[-5.55142972386357]
lfw_x_fing,1,0.01,parallel,3,P2-LogReg,parallel,foldA,300,True,0.008978292987839528,0.0,0.009491174300471082,0.0011904761904761906,3.0,3.0,[-5.390991733838799]
lfw_x_fing,1,0.001,face_S,1,LR-P1-N2,GP,foldA,300,True,0.000778497556540516,0.009523809523809525,0.0011422328168454508,0.015476190476190477,1.0,1.0,[0.3603455126285553]
lfw_x_fing,1,0.001,face_S,1,HYP,GP,foldA,300,False,,,,,,,
lfw_x_fing,1,0.001,li_V,1,LR-P1-N2,GP,foldA,300,True,0.0006875781338788498,0.19523809523809524,0.0007789885918610591,0.18095238095238095,1.0,1.0,[26.0]
lfw_x_fing,1,0.001,li_V,1,HYP,GP,foldA,300,False,,,,,,,
lfw_x_fing,1,0.001,ri_V,1,LR-P1-N2,GP,foldA,300,True,0.000562563927719059,0.11904761904761904,0.0007789885918610591,0.14285714285714285,1.0,1.0,[26.0]
lfw_x_fing,1,0.001,ri_V,1,HYP,GP,foldA,300,False,,,,,,,
lfw_x_fing,1,0.001,face_S>li_V,2,LR-P1-N2,GP,foldA,300,True,0.0007444027730423912,0.002380952380952381,0.0011493274306146773,0.0035714285714285713,1.0154761904761904,1.6824819796810262,"[[0.366107702255249, 0.04627299681305885], 28.0]"
lfw_x_fing,1,0.001,face_S>li_V,2,HYP,GP,foldA,300,False,,,,,,,
lfw_x_fing,1,0.001,face_S>li_V,2,S1-Marcialis,rule,foldA,300,True,0.0006307534947153086,0.004761904761904762,0.0007463533685226176,0.005952380952380952,1.0404761904761906,1.685207730291163,"[[0.4553612172603607, 0.04580334201455116], 25.0]"
lfw_x_fing,1,0.001,face_S>li_V,2,S2-Symmetric,rule,foldA,300,True,0.0006307534947153086,0.004761904761904762,0.0007463533685226176,0.005952380952380952,1.0404761904761906,1.685207730291163,"[[0.4553612172603607, 0.04580334201455116], 25.0]"
lfw_x_fing,1,0.001,face_S>li_V,2,S3-SPRT,rule,foldA,300,True,0.0007898624843732243,0.002380952380952381,0.0011691923491685113,0.0035714285714285713,1.026190476190476,1.1338640104432716,"[[5.476030342915877, -4.650485780476649], -0.6035969307092743]"
lfw_x_fing,1,0.001,face_S>li_V,2,S4-Direct,rule,foldA,300,True,0.0005284691442209342,0.0,0.000708042454168795,0.004761904761904762,1.0226190476190475,1.9521496679720756,"[[0.40372201800346375, -0.058930154889822006], 27.0]"
lfw_x_fing,1,0.001,face_S>ri_V,2,LR-P1-N2,GP,foldA,300,True,0.0007841800204568701,0.002380952380952381,0.0012344627958453941,0.0011904761904761906,1.0154761904761904,1.6825529258187184,"[[0.36848053336143494, 0.04627299681305885], 27.0]"
lfw_x_fing,1,0.001,face_S>ri_V,2,HYP,GP,foldA,300,False,,,,,,,
lfw_x_fing,1,0.001,face_S>ri_V,2,S1-Marcialis,rule,foldA,300,True,0.0006364359586316627,0.0,0.0007789885918610591,0.0035714285714285713,1.0404761904761906,1.685207730291163,"[[0.4553612172603607, 0.04580334201455116], 25.0]"
lfw_x_fing,1,0.001,face_S>ri_V,2,S2-Symmetric,rule,foldA,300,True,0.0006364359586316627,0.0,0.0007789885918610591,0.0035714285714285713,1.0404761904761906,1.685207730291163,"[[0.4553612172603607, 0.04580334201455116], 25.0]"
lfw_x_fing,1,0.001,face_S>ri_V,2,S3-SPRT,rule,foldA,300,True,0.0007841800204568701,0.002380952380952381,0.001137976048583915,0.0035714285714285713,1.026190476190476,1.1338640104432716,"[[5.476030342915877, -4.650485780476649], -1.0574964355809806]"
lfw_x_fing,1,0.001,face_S>ri_V,2,S4-Direct,rule,foldA,300,True,0.0005398340720536425,0.002380952380952381,0.0007591236733072252,0.0035714285714285713,1.0404761904761906,1.952321357625291,"[[0.4553612172603607, -0.058930154889822006], 26.0]"
lfw_x_fing,1,0.001,li_V>face_S,2,LR-P1-N2,GP,foldA,300,True,0.0006875781338788498,0.016666666666666666,0.0009747999318917078,0.01904761904761905,1.1952380952380952,1.687215505987854,"[[28.000001907348633, 5.000000476837158], 0.36214256286621094]"
lfw_x_fing,1,0.001,li_V>face_S,2,HYP,GP,foldA,300,False,,,,,,,
lfw_x_fing,1,0.001,li_V>face_S,2,S1-Marcialis,rule,foldA,300,True,0.0007898624843732243,0.0,0.0010712866791531869,0.007142857142857143,1.2964285714285715,1.8495473636415234,"[[38.000003814697266, 5.0], 0.3577174246311188]"
lfw_x_fing,1,0.001,li_V>face_S,2,S2-Symmetric,rule,foldA,300,True,0.0007898624843732243,0.0,0.0010712866791531869,0.007142857142857143,1.2964285714285715,1.8495473636415234,"[[38.000003814697266, 5.0], 0.3577174246311188]"
lfw_x_fing,1,0.001,li_V>face_S,2,S3-SPRT,rule,foldA,300,True,0.0007898624843732243,0.002380952380952381,0.0011393949713377604,0.009523809523809525,1.2583333333333333,1.8284806175151824,"[[6.972433406028208, -3.49389378032011], -0.44672425955572503]"
lfw_x_fing,1,0.001,li_V>face_S,2,S4-Direct,rule,foldA,300,True,0.0007898624843732243,0.0,0.0010712866791531869,0.007142857142857143,1.2964285714285715,1.8495473636415234,"[[38.000003814697266, 4.000000476837158], 0.3577174246311188]"
lfw_x_fing,1,0.001,li_V>ri_V,2,LR-P1-N2,GP,foldA,300,True,0.0006421184225480168,0.06428571428571428,0.0008641239570917759,0.0761904761904762,1.1857142857142857,1.687114762472331,"[[27.000001907348633, 5.000000476837158], 27.0]"
lfw_x_fing,1,0.001,li_V>ri_V,2,HYP,GP,foldA,300,False,,,,,,,
lfw_x_fing,1,0.001,li_V>ri_V,2,S1-Marcialis,rule,foldA,300,True,0.0005455165359699966,0.08333333333333333,0.0007577047505533799,0.08928571428571429,1.2964285714285715,1.8495473636415234,"[[38.000003814697266, 5.0], 26.0]"
lfw_x_fing,1,0.001,li_V>ri_V,2,S2-Symmetric,rule,foldA,300,True,0.0005455165359699966,0.08333333333333333,0.0007577047505533799,0.08928571428571429,1.2964285714285715,1.8495473636415234,"[[38.000003814697266, 5.0], 26.0]"
lfw_x_fing,1,0.001,li_V>ri_V,2,S3-SPRT,rule,foldA,300,True,0.0007103079895442664,0.05952380952380952,0.0008541914978148589,0.06904761904761905,1.2107142857142856,1.8283202792439979,"[[5.125802310393258, -3.49389378032011], 2.844436569513967]"
lfw_x_fing,1,0.001,li_V>ri_V,2,S4-Direct,rule,foldA,300,True,0.0006705307421297874,0.05476190476190476,0.0009308133265225041,0.07738095238095238,1.2166666666666666,1.8493714172200466,"[[29.000001907348633, 4.000000476837158], 26.0]"
lfw_x_fing,1,0.001,ri_V>face_S,2,LR-P1-N2,GP,foldA,300,True,0.0007273553812933288,0.004761904761904762,0.0009719620863840173,0.004761904761904762,1.1547619047619047,1.8109271241273626,"[[28.000001907348633, 4.000000476837158], 0.3679177165031433]"
lfw_x_fing,1,0.001,ri_V>face_S,2,HYP,GP,foldA,300,False,,,,,,,
lfw_x_fing,1,0.001,ri_V>face_S,2,S1-Marcialis,rule,foldA,300,True,0.0007841800204568701,0.0,0.0011450706623531415,0.0011904761904761906,1.2452380952380953,1.9419589647539588,"[[39.000003814697266, 4.0], 0.35887983441352844]"
lfw_x_fing,1,0.001,ri_V>face_S,2,S2-Symmetric,rule,foldA,300,True,0.0007841800204568701,0.0,0.0011450706623531415,0.0011904761904761906,1.2452380952380953,1.9419589647539588,"[[39.000003814697266, 4.0], 0.35887983441352844]"
lfw_x_fing,1,0.001,ri_V>face_S,2,S3-SPRT,rule,foldA,300,True,0.0007955449482895784,0.0,0.0011592598898915944,0.009523809523809525,1.2142857142857142,1.8290779839945512,"[[6.907666164897772, -3.8651595085518053], -0.8553501065958917]"
lfw_x_fing,1,0.001,ri_V>face_S,2,S4-Direct,rule,foldA,300,True,0.0007841800204568701,0.0,0.0011450706623531415,0.0011904761904761906,1.2452380952380953,1.9419589647539588,"[[39.000003814697266, 3.000000238418579], 0.35887983441352844]"
lfw_x_fing,1,0.001,ri_V>li_V,2,LR-P1-N2,GP,foldA,300,True,0.0006875781338788498,0.05476190476190476,0.0008854077983994551,0.07023809523809524,1.1428571428571428,1.8106546909586243,"[[26.000001907348633, 4.000000476837158], 28.0]"
lfw_x_fing,1,0.001,ri_V>li_V,2,HYP,GP,foldA,300,False,,,,,,,
lfw_x_fing,1,0.001,ri_V>li_V,2,S1-Marcialis,rule,foldA,300,True,0.0006818956699624957,0.1,0.0007662182870764515,0.0880952380952381,1.2452380952380953,1.9419589647539588,"[[39.000003814697266, 4.0], 26.0]"
lfw_x_fing,1,0.001,ri_V>li_V,2,S2-Symmetric,rule,foldA,300,True,0.0006818956699624957,0.1,0.0007662182870764515,0.0880952380952381,1.2452380952380953,1.9419589647539588,"[[39.000003814697266, 4.0], 26.0]"
lfw_x_fing,1,0.001,ri_V>li_V,2,S3-SPRT,rule,foldA,300,True,0.0007614501647914536,0.05238095238095238,0.000945002554060957,0.06666666666666667,1.1464285714285714,1.828632442249844,"[[4.350479264972304, -3.8651595085518053], 3.008054570296606]"
lfw_x_fing,1,0.001,ri_V>li_V,2,S4-Direct,rule,foldA,300,True,0.000738720309126037,0.05476190476190476,0.0009975026959532323,0.07738095238095238,1.130952380952381,1.6395283500766218,"[[25.000001907348633, 5.000000476837158], 29.0]"
lfw_x_fing,1,0.001,face_S>li_V>ri_V,3,LR-P1-N2,GP,foldA,300,True,0.0007614501647914536,0.002380952380952381,0.0011550031216300584,0.0011904761904761906,1.019047619047619,2.1520035189284297,"[[0.36449483036994934, 0.04627299681305885], [31.000001907348633, 5.000000476837158], 30.0]"
lfw_x_fing,1,0.001,face_S>li_V>ri_V,3,HYP,GP,foldA,300,False,,,,,,,
lfw_x_fing,1,0.001,face_S>li_V>ri_V,3,S1-Marcialis,rule,foldA,300,True,0.0006250710307989545,0.0,0.0007463533685226176,0.002380952380952381,1.0535714285714286,2.267597479993189,"[[0.4553612172603607, 0.04580334201455116], [38.000003814697266, 5.0], 25.0]"
lfw_x_fing,1,0.001,face_S>li_V>ri_V,3,S2-Symmetric,rule,foldA,300,True,0.0006250710307989545,0.0,0.0007463533685226176,0.002380952380952381,1.0535714285714286,2.267597479993189,"[[0.4553612172603607, 0.04580334201455116], [38.000003814697266, 5.0], 25.0]"
lfw_x_fing,1,0.001,face_S>li_V>ri_V,3,S3-SPRT,rule,foldA,300,True,0.0007671326287078077,0.002380952380952381,0.0010443271468301267,0.0035714285714285713,1.0309523809523808,1.1476474260741245,"[[5.476030342915877, -4.650485780476649], [5.476030342915877, -4.650485780476649], -3.075554361250327]"
lfw_x_fing,1,0.001,face_S>li_V>ri_V,3,S4-Direct,rule,foldA,300,True,0.0006137061029662462,0.0,0.0008726374936148476,0.0011904761904761906,1.0476190476190477,2.304879675350474,"[[0.4553612172603607, -0.058930154889822006], [27.000001907348633, 7.000000476837158], 26.0]"
lfw_x_fing,1,0.001,face_S>ri_V>li_V,3,LR-P1-N2,GP,foldA,300,True,0.0007159904534606205,0.002380952380952381,0.0010996651342300924,0.0011904761904761906,1.0166666666666666,2.23626198989727,"[[0.3676445186138153, 0.04627299681305885], [29.000001907348633, 4.000000476837158], 29.000001907348633]"
lfw_x_fing,1,0.001,face_S>ri_V>li_V,3,HYP,GP,foldA,300,False,,,,,,,
lfw_x_fing,1,0.001,face_S>ri_V>li_V,3,S1-Marcialis,rule,foldA,300,True,0.0006250710307989545,0.002380952380952381,0.0007307452182303195,0.002380952380952381,1.0452380952380953,2.3309736647936887,"[[0.4553612172603607, 0.04580334201455116], [39.000003814697266, 4.0], 25.0]"
lfw_x_fing,1,0.001,face_S>ri_V>li_V,3,S2-Symmetric,rule,foldA,300,True,0.0006250710307989545,0.002380952380952381,0.0007307452182303195,0.002380952380952381,1.0452380952380953,2.3309736647936887,"[[0.4553612172603607, 0.04580334201455116], [39.000003814697266, 4.0], 25.0]"
lfw_x_fing,1,0.001,face_S>ri_V>li_V,3,S3-SPRT,rule,foldA,300,True,0.0007841800204568701,0.002380952380952381,0.0010783812929224133,0.0035714285714285713,1.0285714285714285,1.144443498495942,"[[5.476030342915877, -4.650485780476649], [5.476030342915877, -4.650485780476649], -3.130159851823131]"
lfw_x_fing,1,0.001,face_S>ri_V>li_V,3,S4-Direct,rule,foldA,300,True,0.0007046255256279122,0.0,0.0008031102786764288,0.0011904761904761906,1.0440476190476191,2.4015097338100913,"[[0.4553612172603607, -0.058930154889822006], [28.000001907348633, 6.000000476837158], 26.0]"
lfw_x_fing,1,0.001,li_V>face_S>ri_V,3,LR-P1-N2,GP,foldA,300,True,0.0006591658142970792,0.016666666666666666,0.0009904080821840058,0.016666666666666666,1.1892857142857143,2.1567185992394573,"[[27.000001907348633, 5.000000476837158], [0.37464243173599243, 0.04627299681305885], 28.000001907348633]"
lfw_x_fing,1,0.001,li_V>face_S>ri_V,3,HYP,GP,foldA,300,False,,,,,,,
lfw_x_fing,1,0.001,li_V>face_S>ri_V,3,S1-Marcialis,rule,foldA,300,True,0.0006250710307989545,0.0,0.0007491912140303082,0.005952380952380952,1.3095238095238095,2.4319371133435497,"[[38.000003814697266, 5.0], [0.4553612172603607, 0.04580334201455116], 25.0]"
lfw_x_fing,1,0.001,li_V>face_S>ri_V,3,S2-Symmetric,rule,foldA,300,True,0.0006250710307989545,0.0,0.0007491912140303082,0.005952380952380952,1.3095238095238095,2.4319371133435497,"[[38.000003814697266, 5.0], [0.4553612172603607, 0.04580334201455116], 25.0]"
lfw_x_fing,1,0.001,li_V>face_S>ri_V,3,S3-SPRT,rule,foldA,300,True,0.0007500852369587453,0.002380952380952381,0.0009733810091378625,0.009523809523809525,1.263095238095238,1.8375574663715308,"[[6.972433406028208, -3.49389378032011], [6.972433406028208, -3.49389378032011], -2.5891243987515185]"
lfw_x_fing,1,0.001,li_V>face_S>ri_V,3,S4-Direct,rule,foldA,300,True,0.0007159904534606205,0.0,0.0010641920653839604,0.005952380952380952,1.3023809523809524,2.2771525058175834,"[[38.000003814697266, 4.000000476837158], [0.37652868032455444, 0.0876760333776474], 25.0]"
lfw_x_fing,1,0.001,li_V>ri_V>face_S,3,LR-P1-N2,GP,foldA,300,True,0.0006137061029662462,0.02142857142857143,0.0007023667631534139,0.017857142857142856,1.2404761904761905,2.2606873261819627,"[[26.000001907348633, 5.000000476837158], [32.000003814697266, 4.000000476837158], 0.4020962119102478]"
lfw_x_fing,1,0.001,li_V>ri_V>face_S,3,HYP,GP,foldA,300,False,,,,,,,
lfw_x_fing,1,0.001,li_V>ri_V>face_S,3,S1-Marcialis,rule,foldA,300,True,0.0007955449482895784,0.0,0.0011308814348146886,0.004761904761904762,1.4154761904761906,2.655475622907089,"[[38.000003814697266, 5.0], [39.000003814697266, 4.0], 0.3549741506576538]"
lfw_x_fing,1,0.001,li_V>ri_V>face_S,3,S2-Symmetric,rule,foldA,300,True,0.0007955449482895784,0.0,0.0011308814348146886,0.004761904761904762,1.4154761904761906,2.655475622907089,"[[38.000003814697266, 5.0], [39.000003814697266, 4.0], 0.3549741506576538]"
lfw_x_fing,1,0.001,li_V>ri_V>face_S,3,S3-SPRT,rule,foldA,300,True,0.0007159904534606205,0.016666666666666666,0.0008981781031840627,0.02976190476190476,1.3238095238095238,1.8874581417787615,"[[6.972433406028208, -3.49389378032011], [6.972433406028208, -3.49389378032011], -2.2502960666203493]"
lfw_x_fing,1,0.001,li_V>ri_V>face_S,3,S4-Direct,rule,foldA,300,True,0.0008069098761222867,0.0,0.0011039219024916284,0.004761904761904762,1.3142857142857143,2.655125148986889,"[[29.000001907348633, 4.000000476837158], [39.000003814697266, 3.000000238418579], 0.3599023222923279]"
lfw_x_fing,1,0.001,ri_V>face_S>li_V,3,LR-P1-N2,GP,foldA,300,True,0.0007444027730423912,0.004761904761904762,0.0010755434474147227,0.004761904761904762,1.1523809523809523,2.364583688064022,"[[27.000001907348633, 4.000000476837158], [0.375417023897171, 0.04627299681305885], 29.0]"
lfw_x_fing,1,0.001,ri_V>face_S>li_V,3,HYP,GP,foldA,300,False,,,,,,,
lfw_x_fing,1,0.001,ri_V>face_S>li_V,3,S1-Marcialis,rule,foldA,300,True,0.0006250710307989545,0.002380952380952381,0.0007307452182303195,0.002380952380952381,1.25,2.5877248992564845,"[[39.000003814697266, 4.0], [0.4553612172603607, 0.04580334201455116], 25.0]"
lfw_x_fing,1,0.001,ri_V>face_S>li_V,3,S2-Symmetric,rule,foldA,300,True,0.0006250710307989545,0.002380952380952381,0.0007307452182303195,0.002380952380952381,1.25,2.5877248992564845,"[[39.000003814697266, 4.0], [0.4553612172603607, 0.04580334201455116], 25.0]"
lfw_x_fing,1,0.001,ri_V>face_S>li_V,3,S3-SPRT,rule,foldA,300,True,0.0007728150926241619,0.0,0.0010116919234916851,0.009523809523809525,1.2178571428571427,1.8379051024462227,"[[6.907666164897772, -3.8651595085518053], [6.907666164897772, -3.8651595085518053], -2.4610658850109908]"
lfw_x_fing,1,0.001,ri_V>face_S>li_V,3,S4-Direct,rule,foldA,300,True,0.0007500852369587453,0.0,0.0010897326749531755,0.0011904761904761906,1.2476190476190476,2.41626936829559,"[[39.000003814697266, 3.000000238418579], [0.37652868032455444, 0.0876760333776474], 25.0]"
lfw_x_fing,1,0.001,ri_V>li_V>face_S,3,LR-P1-N2,GP,foldA,300,True,0.0006478008864643709,0.011904761904761904,0.0008683807253533118,0.011904761904761904,1.2142857142857142,2.384014416255179,"[[25.000001907348633, 4.000000476837158], [34.000003814697266, 5.000000476837158], 0.41041746735572815]"
lfw_x_fing,1,0.001,ri_V>li_V>face_S,3,HYP,GP,foldA,300,False,,,,,,,
lfw_x_fing,1,0.001,ri_V>li_V>face_S,3,S1-Marcialis,rule,foldA,300,True,0.0007955449482895784,0.0,0.0011308814348146886,0.0035714285714285713,1.3642857142857143,2.7478872240195242,"[[39.000003814697266, 4.0], [38.000003814697266, 5.0], 0.3549741506576538]"
lfw_x_fing,1,0.001,ri_V>li_V>face_S,3,S2-Symmetric,rule,foldA,300,True,0.0007955449482895784,0.0,0.0011308814348146886,0.0035714285714285713,1.3642857142857143,2.7478872240195242,"[[39.000003814697266, 4.0], [38.000003814697266, 5.0], 0.3549741506576538]"
lfw_x_fing,1,0.001,ri_V>li_V>face_S,3,S3-SPRT,rule,foldA,300,True,0.0007216729173769746,0.011904761904761904,0.000925137635507123,0.025,1.286904761904762,1.9078026562233952,"[[6.907666164897772, -3.8651595085518053], [6.907666164897772, -3.8651595085518053], -2.2454527551081935]"
lfw_x_fing,1,0.001,ri_V>li_V>face_S,3,S4-Direct,rule,foldA,300,True,0.0008069098761222867,0.0,0.0010698677563993416,0.0035714285714285713,1.275,2.747715534366309,"[[31.000001907348633, 3.000000238418579], [38.000003814697266, 4.000000476837158], 0.3584116995334625]"
lfw_x_fing,1,0.001,parallel,3,P0-Parallel,parallel,foldA,300,True,0.0007216729173769746,0.011904761904761904,0.0008031102786764288,0.01904761904761905,3.0,3.0,[8.650320053100586]
lfw_x_fing,1,0.001,parallel,3,P1-LLR,parallel,foldA,300,True,0.0007273553812933288,0.0,0.0009577728588455644,0.0011904761904761906,3.0,3.0,[-1.9942018641777999]
lfw_x_fing,1,0.001,parallel,3,P2-LogReg,parallel,foldA,300,True,0.0008069098761222867,0.0,0.0011947329587377264,0.0011904761904761906,3.0,3.0,[-2.920258925212595]
lfw_x_fing,1,0.0001,face_S,1,LR-P1-N2,GP,foldA,300,True,4.545971133083305e-05,0.030952380952380953,0.00010074351552301492,0.025,1.0,1.0,[0.41770026087760925]
lfw_x_fing,1,0.0001,face_S,1,HYP,GP,foldA,300,False,,,,,,,
lfw_x_fing,1,0.0001,li_V,1,LR-P1-N2,GP,foldA,300,True,2.2729855665416524e-05,0.27380952380952384,3.6891991599977296e-05,0.25595238095238093,1.0,1.0,[34.0]
lfw_x_fing,1,0.0001,li_V,1,HYP,GP,foldA,300,False,,,,,,,
lfw_x_fing,1,0.0001,ri_V,1,LR-P1-N2,GP,foldA,300,True,3.409478349812479e-05,0.1738095238095238,2.6959532323060334e-05,0.20714285714285716,1.0,1.0,[35.0]
lfw_x_fing,1,0.0001,ri_V,1,HYP,GP,foldA,300,False,,,,,,,
lfw_x_fing,1,0.0001,face_S>li_V,2,LR-P1-N2,GP,foldA,300,True,4.545971133083305e-05,0.004761904761904762,0.00010358136103070549,0.005952380952380952,1.0226190476190475,1.1824067767750723,"[[0.4196878671646118, 0.1687888652086258], 32.0]"
lfw_x_fing,1,0.0001,face_S>li_V,2,HYP,GP,foldA,300,False,,,,,,,
lfw_x_fing,1,0.0001,face_S>li_V,2,S1-Marcialis,rule,foldA,300,True,2.8412319581770656e-05,0.009523809523809525,4.824337363073954e-05,0.009523809523809525,1.0404761904761906,1.685207730291163,"[[0.4553612172603607, 0.04580334201455116], 33.0]"
lfw_x_fing,1,0.0001,face_S>li_V,2,S2-Symmetric,rule,foldA,300,True,2.8412319581770656e-05,0.009523809523809525,4.824337363073954e-05,0.009523809523809525,1.0404761904761906,1.685207730291163,"[[0.4553612172603607, 0.04580334201455116], 33.0]"
lfw_x_fing,1,0.0001,face_S>li_V,2,S3-SPRT,rule,foldA,300,True,3.409478349812479e-05,0.004761904761904762,7.804075146149044e-05,0.007142857142857143,1.0297619047619047,1.133876780748056,"[[6.476924178585808, -4.650485780476649], 3.1994871068492707]"
lfw_x_fing,1,0.0001,face_S>li_V,2,S4-Direct,rule,foldA,300,True,4.545971133083305e-05,0.004761904761904762,0.00011493274306146773,0.004761904761904762,1.025,1.952264600715137,"[[0.42121174931526184, -0.058930154889822006], 34.0]"
lfw_x_fing,1,0.0001,face_S>ri_V,2,LR-P1-N2,GP,foldA,300,True,3.977724741447892e-05,0.002380952380952381,0.00011351382030762246,0.004761904761904762,1.0226190476190475,1.2454566093421875,"[[0.42013123631477356, 0.14955037832260132], 31.000001907348633]"
lfw_x_fing,1,0.0001,face_S>ri_V,2,HYP,GP,foldA,300,False,,,,,,,
lfw_x_fing,1,0.0001,face_S>ri_V,2,S1-Marcialis,rule,foldA,300,True,4.545971133083305e-05,0.004761904761904762,9.081105624609796e-05,0.0035714285714285713,1.0404761904761906,1.685207730291163,"[[0.4553612172603607, 0.04580334201455116], 32.0]"
lfw_x_fing,1,0.0001,face_S>ri_V,2,S2-Symmetric,rule,foldA,300,True,4.545971133083305e-05,0.004761904761904762,9.081105624609796e-05,0.0035714285714285713,1.0404761904761906,1.685207730291163,"[[0.4553612172603607, 0.04580334201455116], 32.0]"
lfw_x_fing,1,0.0001,face_S>ri_V,2,S3-SPRT,rule,foldA,300,True,3.977724741447892e-05,0.002380952380952381,7.378398319995459e-05,0.004761904761904762,1.0297619047619047,1.133876780748056,"[[6.476924178585808, -4.650485780476649], 3.1209912353594333]"
lfw_x_fing,1,0.0001,face_S>ri_V,2,S4-Direct,rule,foldA,300,True,4.545971133083305e-05,0.0,9.222997899994325e-05,0.0035714285714285713,1.025,1.952264600715137,"[[0.42121174931526184, -0.058930154889822006], 37.0]"
lfw_x_fing,1,0.0001,li_V>face_S,2,LR-P1-N2,GP,foldA,300,True,4.545971133083305e-05,0.02142857142857143,7.094613769226404e-05,0.02142857142857143,1.2797619047619047,1.6874723310063,"[[37.000003814697266, 5.000000476837158], 0.41968783736228943]"
lfw_x_fing,1,0.0001,li_V>face_S,2,HYP,GP,foldA,300,False,,,,,,,
lfw_x_fing,1,0.0001,li_V>face_S,2,S1-Marcialis,rule,foldA,300,True,4.545971133083305e-05,0.004761904761904762,8.655428798456213e-05,0.010714285714285714,1.2964285714285715,1.8495473636415234,"[[38.000003814697266, 5.0], 0.41770026087760925]"
lfw_x_fing,1,0.0001,li_V>face_S,2,S2-Symmetric,rule,foldA,300,True,4.545971133083305e-05,0.004761904761904762,8.655428798456213e-05,0.010714285714285714,1.2964285714285715,1.8495473636415234,"[[38.000003814697266, 5.0], 0.41770026087760925]"
lfw_x_fing,1,0.0001,li_V>face_S,2,S3-SPRT,rule,foldA,300,True,3.977724741447892e-05,0.004761904761904762,8.371644247687156e-05,0.013095238095238096,1.263095238095238,1.8284834553606901,"[[7.387204129241244, -3.49389378032011], 3.1994871068492707]"
lfw_x_fing,1,0.0001,li_V>face_S,2,S4-Direct,rule,foldA,300,True,4.545971133083305e-05,0.004761904761904762,8.655428798456213e-05,0.010714285714285714,1.2964285714285715,1.8495473636415234,"[[38.000003814697266, 4.000000476837158], 0.41770026087760925]"
lfw_x_fing,1,0.0001,li_V>ri_V,2,LR-P1-N2,GP,foldA,300,True,3.409478349812479e-05,0.12142857142857143,4.39866053692037e-05,0.10952380952380952,1.2523809523809524,1.6874595607015155,"[[34.000003814697266, 5.000000476837158], 35.0]"
lfw_x_fing,1,0.0001,li_V>ri_V,2,HYP,GP,foldA,300,False,,,,,,,
lfw_x_fing,1,0.0001,li_V>ri_V,2,S1-Marcialis,rule,foldA,300,True,3.409478349812479e-05,0.11904761904761904,2.9797377830750894e-05,0.11190476190476191,1.2964285714285715,1.8495473636415234,"[[38.000003814697266, 5.0], 35.0]"
lfw_x_fing,1,0.0001,li_V>ri_V,2,S2-Symmetric,rule,foldA,300,True,3.409478349812479e-05,0.11904761904761904,2.9797377830750894e-05,0.11190476190476191,1.2964285714285715,1.8495473636415234,"[[38.000003814697266, 5.0], 35.0]"
lfw_x_fing,1,0.0001,li_V>ri_V,2,S3-SPRT,rule,foldA,300,True,3.977724741447892e-05,0.10476190476190476,5.108121913843011e-05,0.09642857142857143,1.263095238095238,1.8284834553606901,"[[7.387204129241244, -3.49389378032011], 6.917647010786972]"
lfw_x_fing,1,0.0001,li_V>ri_V,2,S4-Direct,rule,foldA,300,True,4.545971133083305e-05,0.11428571428571428,4.540552812304898e-05,0.10476190476190476,1.2642857142857142,1.8495317554912312,"[[34.000003814697266, 4.000000476837158], 35.0]"
lfw_x_fing,1,0.0001,ri_V>face_S,2,LR-P1-N2,GP,foldA,300,True,3.409478349812479e-05,0.004761904761904762,8.087859696918099e-05,0.007142857142857143,1.2202380952380953,1.8111995572961008,"[[37.000003814697266, 4.000000476837158], 0.42013123631477356]"
lfw_x_fing,1,0.0001,ri_V>face_S,2,HYP,GP,foldA,300,False,,,,,,,
lfw_x_fing,1,0.0001,ri_V>face_S,2,S1-Marcialis,rule,foldA,300,True,4.545971133083305e-05,0.0,0.00010216243827686021,0.0035714285714285713,1.2452380952380953,1.9419589647539588,"[[39.000003814697266, 4.0], 0.4169457256793976]"
lfw_x_fing,1,0.0001,ri_V>face_S,2,S2-Symmetric,rule,foldA,300,True,4.545971133083305e-05,0.0,0.00010216243827686021,0.0035714285714285713,1.2452380952380953,1.9419589647539588,"[[39.000003814697266, 4.0], 0.4169457256793976]"
lfw_x_fing,1,0.0001,ri_V>face_S,2,S3-SPRT,rule,foldA,300,True,3.977724741447892e-05,0.0,7.662182870764516e-05,0.010714285714285714,1.2214285714285715,1.829082240762813,"[[6.907668416844522, -3.8651595085518053], 3.1209912353594333]"
lfw_x_fing,1,0.0001,ri_V>face_S,2,S4-Direct,rule,foldA,300,True,4.545971133083305e-05,0.0,0.00010216243827686021,0.0035714285714285713,1.2452380952380953,1.9419589647539588,"[[39.000003814697266, 3.000000238418579], 0.4169457256793976]"
lfw_x_fing,1,0.0001,ri_V>li_V,2,LR-P1-N2,GP,foldA,300,True,4.545971133083305e-05,0.11666666666666667,5.5337987399965944e-05,0.10952380952380952,1.1988095238095238,1.6402846359044214,"[[35.000003814697266, 5.000000476837158], 34.0]"
lfw_x_fing,1,0.0001,ri_V>li_V,2,HYP,GP,foldA,300,False,,,,,,,
lfw_x_fing,1,0.0001,ri_V>li_V,2,S1-Marcialis,rule,foldA,300,True,2.2729855665416524e-05,0.13095238095238096,3.831091435382258e-05,0.10952380952380952,1.2452380952380953,1.9419589647539588,"[[39.000003814697266, 4.0], 34.0]"
lfw_x_fing,1,0.0001,ri_V>li_V,2,S2-Symmetric,rule,foldA,300,True,2.2729855665416524e-05,0.13095238095238096,3.831091435382258e-05,0.10952380952380952,1.2452380952380953,1.9419589647539588,"[[39.000003814697266, 4.0], 34.0]"
lfw_x_fing,1,0.0001,ri_V>li_V,2,S3-SPRT,rule,foldA,300,False,,,,,,,
lfw_x_fing,1,0.0001,ri_V>li_V,2,S4-Direct,rule,foldA,300,True,4.545971133083305e-05,0.1261904761904762,4.966229638458482e-05,0.11666666666666667,1.1535714285714285,1.1634826040070378,"[[33.000003814697266, 9.000000953674316], 37.0]"
lfw_x_fing,1,0.0001,face_S>li_V>ri_V,3,LR-P1-N2,GP,foldA,300,True,3.409478349812479e-05,0.002380952380952381,9.50678245076338e-05,0.002380952380952381,1.0309523809523808,2.0363230035756854,"[[0.4196878671646118, 0.04627299681305885], [38.000003814697266, 6.000000476837158], 37.000003814697266]"
lfw_x_fing,1,0.0001,face_S>li_V>ri_V,3,HYP,GP,foldA,300,False,,,,,,,
lfw_x_fing,1,0.0001,face_S>li_V>ri_V,3,S1-Marcialis,rule,foldA,300,True,4.545971133083305e-05,0.002380952380952381,8.79732107384074e-05,0.002380952380952381,1.0535714285714286,2.267597479993189,"[[0.4553612172603607, 0.04580334201455116], [38.000003814697266, 5.0], 32.0]"
lfw_x_fing,1,0.0001,face_S>li_V>ri_V,3,S2-Symmetric,rule,foldA,300,True,4.545971133083305e-05,0.002380952380952381,8.79732107384074e-05,0.002380952380952381,1.0535714285714286,2.267597479993189,"[[0.4553612172603607, 0.04580334201455116], [38.000003814697266, 5.0], 32.0]"
lfw_x_fing,1,0.0001,face_S>li_V>ri_V,3,S3-SPRT,rule,foldA,300,True,3.977724741447892e-05,0.002380952380952381,6.66893694307282e-05,0.0035714285714285713,1.0345238095238096,1.1476772234519552,"[[6.476924178585808, -4.650485780476649], [6.476924178585808, -4.650485780476649], 2.3454496987479443]"
lfw_x_fing,1,0.0001,face_S>li_V>ri_V,3,S4-Direct,rule,foldA,300,True,4.545971133083305e-05,0.0,0.00011635166581531301,0.0011904761904761906,1.0285714285714285,2.30511805437312,"[[0.42121174931526184, -0.058930154889822006], [33.000003814697266, 7.000000476837158], 38.000003814697266]"
lfw_x_fing,1,0.0001,face_S>ri_V>li_V,3,LR-P1-N2,GP,foldA,300,True,4.545971133083305e-05,0.002380952380952381,9.081105624609796e-05,0.0011904761904761906,1.0285714285714285,1.912096316476531,"[[0.42013123631477356, 0.04627299681305885], [38.000003814697266, 7.000000476837158], 37.0]"
lfw_x_fing,1,0.0001,face_S>ri_V>li_V,3,HYP,GP,foldA,300,False,,,,,,,
lfw_x_fing,1,0.0001,face_S>ri_V>li_V,3,S1-Marcialis,rule,foldA,300,True,2.8412319581770656e-05,0.004761904761904762,4.966229638458482e-05,0.002380952380952381,1.0452380952380953,2.3309736647936887,"[[0.4553612172603607, 0.04580334201455116], [39.000003814697266, 4.0], 33.0]"
lfw_x_fing,1,0.0001,face_S>ri_V>li_V,3,S2-Symmetric,rule,foldA,300,True,2.8412319581770656e-05,0.004761904761904762,4.966229638458482e-05,0.002380952380952381,1.0452380952380953,2.3309736647936887,"[[0.4553612172603607, 0.04580334201455116], [39.000003814697266, 4.0], 33.0]"
lfw_x_fing,1,0.0001,face_S>ri_V>li_V,3,S3-SPRT,rule,foldA,300,True,3.977724741447892e-05,0.002380952380952381,6.385152392303763e-05,0.0035714285714285713,1.0321428571428573,1.144470458028265,"[[6.476924178585808, -4.650485780476649], [6.476924178585808, -4.650485780476649], 2.3454496987479443]"
lfw_x_fing,1,0.0001,face_S>ri_V>li_V,3,S4-Direct,rule,foldA,300,True,4.545971133083305e-05,0.0,0.00010216243827686021,0.002380952380952381,1.0285714285714285,2.4016714910040298,"[[0.42121174931526184, -0.058930154889822006], [35.000003814697266, 6.000000476837158], 38.000003814697266]"
lfw_x_fing,1,0.0001,li_V>face_S>ri_V,3,LR-P1-N2,GP,foldA,300,True,2.8412319581770656e-05,0.01904761904761905,7.236506044610932e-05,0.016666666666666666,1.2857142857142858,1.8229070889380783,"[[37.000003814697266, 5.000000476837158], [0.4261198341846466, 0.16401918232440948], 31.000001907348633]"
lfw_x_fing,1,0.0001,li_V>face_S>ri_V,3,HYP,GP,foldA,300,False,,,,,,,
lfw_x_fing,1,0.0001,li_V>face_S>ri_V,3,S1-Marcialis,rule,foldA,300,True,4.545971133083305e-05,0.002380952380952381,9.081105624609796e-05,0.005952380952380952,1.3095238095238095,2.4319371133435497,"[[38.000003814697266, 5.0], [0.4553612172603607, 0.04580334201455116], 32.0]"
lfw_x_fing,1,0.0001,li_V>face_S>ri_V,3,S2-Symmetric,rule,foldA,300,True,4.545971133083305e-05,0.002380952380952381,9.081105624609796e-05,0.005952380952380952,1.3095238095238095,2.4319371133435497,"[[38.000003814697266, 5.0], [0.4553612172603607, 0.04580334201455116], 32.0]"
lfw_x_fing,1,0.0001,li_V>face_S>ri_V,3,S3-SPRT,rule,foldA,300,True,3.977724741447892e-05,0.002380952380952381,5.108121913843011e-05,0.009523809523809525,1.2678571428571428,1.8375645609853,"[[7.387204129241244, -3.49389378032011], [7.387204129241244, -3.49389378032011], 2.8366281853082675]"
lfw_x_fing,1,0.0001,li_V>face_S>ri_V,3,S4-Direct,rule,foldA,300,True,4.545971133083305e-05,0.0,7.804075146149044e-05,0.005952380952380952,1.3035714285714286,2.277595209716783,"[[38.000003814697266, 4.000000476837158], [0.42013123631477356, 0.0876760333776474], 37.0]"
lfw_x_fing,1,0.0001,li_V>ri_V>face_S,3,LR-P1-N2,GP,foldA,300,True,2.8412319581770656e-05,0.023809523809523808,6.243260116919235e-05,0.017857142857142856,1.3392857142857142,2.2617061127192235,"[[33.000003814697266, 5.000000476837158], [39.000003814697266, 4.000000476837158], 0.4369593858718872]"
lfw_x_fing,1,0.0001,li_V>ri_V>face_S,3,HYP,GP,foldA,300,False,,,,,,,
lfw_x_fing,1,0.0001,li_V>ri_V>face_S,3,S1-Marcialis,rule,foldA,300,True,4.545971133083305e-05,0.0,8.513536523071684e-05,0.005952380952380952,1.4154761904761906,2.655475622907089,"[[38.000003814697266, 5.0], [39.000003814697266, 4.0], 0.4169457256793976]"
lfw_x_fing,1,0.0001,li_V>ri_V>face_S,3,S2-Symmetric,rule,foldA,300,True,4.545971133083305e-05,0.0,8.513536523071684e-05,0.005952380952380952,1.4154761904761906,2.655475622907089,"[[38.000003814697266, 5.0], [39.000003814697266, 4.0], 0.4169457256793976]"
lfw_x_fing,1,0.0001,li_V>ri_V>face_S,3,S3-SPRT,rule,foldA,300,True,3.977724741447892e-05,0.016666666666666666,4.966229638458482e-05,0.02976190476190476,1.332142857142857,1.8874751688518077,"[[7.387204129241244, -3.49389378032011], [7.387204129241244, -3.49389378032011], 2.8366281853082667]"
lfw_x_fing,1,0.0001,li_V>ri_V>face_S,3,S4-Direct,rule,foldA,300,True,4.545971133083305e-05,0.0,8.513536523071684e-05,0.005952380952380952,1.4154761904761906,2.655475622907089,"[[38.000003814697266, 4.000000476837158], [39.000003814697266, 3.000000238418579], 0.4169457256793976]"
lfw_x_fing,1,0.0001,ri_V>face_S>li_V,3,LR-P1-N2,GP,foldA,300,True,2.8412319581770656e-05,0.007142857142857143,7.378398319995459e-05,0.004761904761904762,1.2226190476190477,1.907345763096657,"[[37.000003814697266, 4.000000476837158], [0.4261198341846466, 0.1934322565793991], 30.000001907348633]"
lfw_x_fing,1,0.0001,ri_V>face_S>li_V,3,HYP,GP,foldA,300,False,,,,,,,
lfw_x_fing,1,0.0001,ri_V>face_S>li_V,3,S1-Marcialis,rule,foldA,300,True,2.8412319581770656e-05,0.004761904761904762,4.966229638458482e-05,0.002380952380952381,1.25,2.5877248992564845,"[[39.000003814697266, 4.0], [0.4553612172603607, 0.04580334201455116], 33.0]"
lfw_x_fing,1,0.0001,ri_V>face_S>li_V,3,S2-Symmetric,rule,foldA,300,True,2.8412319581770656e-05,0.004761904761904762,4.966229638458482e-05,0.002380952380952381,1.25,2.5877248992564845,"[[39.000003814697266, 4.0], [0.4553612172603607, 0.04580334201455116], 33.0]"
lfw_x_fing,1,0.0001,ri_V>face_S>li_V,3,S3-SPRT,rule,foldA,300,True,3.977724741447892e-05,0.0,3.6891991599977296e-05,0.009523809523809525,1.225,1.8379136159827458,"[[6.907668416844522, -3.8651595085518053], [6.907668416844522, -3.8651595085518053], 3.216219211709103]"
lfw_x_fing,1,0.0001,ri_V>face_S>li_V,3,S4-Direct,rule,foldA,300,True,4.545971133083305e-05,0.0,0.00010074351552301492,0.0011904761904761906,1.2488095238095238,2.4167631534139282,"[[39.000003814697266, 3.000000238418579], [0.42013123631477356, 0.0876760333776474], 33.0]"
lfw_x_fing,1,0.0001,ri_V>li_V>face_S,3,LR-P1-N2,GP,foldA,300,True,3.409478349812479e-05,0.016666666666666666,6.1013678415347066e-05,0.016666666666666666,1.2916666666666667,2.385417730858732,"[[33.000003814697266, 4.000000476837158], [38.000003814697266, 5.000000476837158], 0.4553612172603607]"
lfw_x_fing,1,0.0001,ri_V>li_V>face_S,3,HYP,GP,foldA,300,False,,,,,,,
lfw_x_fing,1,0.0001,ri_V>li_V>face_S,3,S1-Marcialis,rule,foldA,300,True,4.545971133083305e-05,0.0,8.513536523071684e-05,0.004761904761904762,1.3642857142857143,2.7478872240195242,"[[39.000003814697266, 4.0], [38.000003814697266, 5.0], 0.4169457256793976]"
lfw_x_fing,1,0.0001,ri_V>li_V>face_S,3,S2-Symmetric,rule,foldA,300,True,4.545971133083305e-05,0.0,8.513536523071684e-05,0.004761904761904762,1.3642857142857143,2.7478872240195242,"[[39.000003814697266, 4.0], [38.000003814697266, 5.0], 0.4169457256793976]"
lfw_x_fing,1,0.0001,ri_V>li_V>face_S,3,S3-SPRT,rule,foldA,300,False,,,,,,,
lfw_x_fing,1,0.0001,ri_V>li_V>face_S,3,S4-Direct,rule,foldA,300,True,4.545971133083305e-05,0.0,8.513536523071684e-05,0.004761904761904762,1.3642857142857143,2.7478872240195242,"[[39.000003814697266, 3.000000238418579], [38.000003814697266, 4.000000476837158], 0.4169457256793976]"
lfw_x_fing,1,0.0001,parallel,3,P0-Parallel,parallel,foldA,300,True,4.545971133083305e-05,0.030952380952380953,6.243260116919235e-05,0.04047619047619048,3.0,3.0,[11.706964492797852]
lfw_x_fing,1,0.0001,parallel,3,P1-LLR,parallel,foldA,300,True,3.977724741447892e-05,0.0,4.540552812304898e-05,0.0011904761904761906,3.0,3.0,[2.8366281853082675]
lfw_x_fing,1,0.0001,parallel,3,P2-LogReg,parallel,foldA,300,True,3.977724741447892e-05,0.0,6.66893694307282e-05,0.0035714285714285713,3.0,3.0,[-0.15395391294449468]
