dataset,seed,alpha,order,n_stages,method,kind,calib,B,feasible,far_foldA,frr_foldA,far_test,frr_test,stages_gen,stages_imp,thr
fing_x_fing,27,0.01,li_V,1,LR-P1-N2,GP,foldA,300,True,0.006629753168779186,0.146,0.0070842503056574415,0.131,1.0,1.0,[19.0]
fing_x_fing,27,0.01,li_V,1,HYP,GP,foldA,300,False,,,,,,,
fing_x_fing,27,0.01,ri_V,1,LR-P1-N2,GP,foldA,300,True,0.007198132088058706,0.09,0.007229965544070246,0.08566666666666667,1.0,1.0,[19.0]
fing_x_fing,27,0.01,ri_V,1,HYP,GP,foldA,300,False,,,,,,,
fing_x_fing,27,0.01,li_V>ri_V,2,LR-P1-N2,GP,foldA,300,True,0.008006226373137647,0.044,0.008384128042680893,0.04466666666666667,1.1346666666666667,1.8324045793042125,"[[19.000001907348633, 4.000000476837158], 21.0]"
fing_x_fing,27,0.01,li_V>ri_V,2,HYP,GP,foldA,300,False,,,,,,,
fing_x_fing,27,0.01,li_V>ri_V,2,S1-Marcialis,rule,foldA,300,True,0.007052701801200801,0.07466666666666667,0.007105924196954541,0.06866666666666667,1.431,1.9548164943870179,"[[50.000003814697266, 4.0], 19.0]"
fing_x_fing,27,0.01,li_V>ri_V,2,S2-Symmetric,rule,foldA,300,True,0.007052701801200801,0.07466666666666667,0.007105924196954541,0.06866666666666667,1.431,1.9548164943870179,"[[50.000003814697266, 4.0], 19.0]"
fing_x_fing,27,0.01,li_V>ri_V,2,S3-SPRT,rule,foldA,300,True,0.008828107627307093,0.043333333333333335,0.009344670445704124,0.038,1.2426666666666666,1.9999030788040457,"[[5.6553413539258885, -3.4166618524160435], -0.7376524761311318]"
fing_x_fing,27,0.01,li_V>ri_V,2,S4-Direct,rule,foldA,300,True,0.008006226373137647,0.044,0.008384128042680893,0.04466666666666667,1.1346666666666667,1.8324045793042125,"[[19.000001907348633, 4.000000476837158], 21.0]"
fing_x_fing,27,0.01,ri_V>li_V,2,LR-P1-N2,GP,foldA,300,True,0.008281521014009339,0.043333333333333335,0.00859408691786151,0.043666666666666666,1.0926666666666667,1.9395023896854506,"[[19.000001907348633, 3.000000238418579], 21.0]"
fing_x_fing,27,0.01,ri_V>li_V,2,HYP,GP,foldA,300,False,,,,,,,
fing_x_fing,27,0.01,ri_V>li_V,2,S1-Marcialis,rule,foldA,300,True,0.006615966199688681,0.09,0.00707513615649661,0.08533333333333333,1.3093333333333332,1.9951209291986218,"[[49.000003814697266, 3.0], 19.0]"
fing_x_fing,27,0.01,ri_V>li_V,2,S2-Symmetric,rule,foldA,300,True,0.007855014454080498,0.04133333333333333,0.008212181838390575,0.04466666666666667,1.0943333333333334,1.811111370456819,"[[20.000001907348633, 5.0], 20.0]"
fing_x_fing,27,0.01,ri_V>li_V,2,S3-SPRT,rule,foldA,300,True,0.008828107627307093,0.043333333333333335,0.009344670445704124,0.038,1.1623333333333334,1.9998782927642547,"[[5.181667676627625, -3.8662395664351843], -0.7376524761311318]"
fing_x_fing,27,0.01,ri_V>li_V,2,S4-Direct,rule,foldA,300,True,0.008281521014009339,0.043333333333333335,0.00859408691786151,0.043666666666666666,1.0926666666666667,1.9395023896854506,"[[19.000001907348633, 3.000000238418579], 21.0]"
fing_x_fing,27,0.01,parallel,2,P0-Parallel,parallel,foldA,300,True,0.008799644207249277,0.04133333333333333,0.009343447815938646,0.03833333333333333,2.0,2.0,[4.974998474121094]
fing_x_fing,27,0.01,parallel,2,P1-LLR,parallel,foldA,300,True,0.008828107627307093,0.043333333333333335,0.009344670445704124,0.038,2.0,2.0,[-0.7376524761311318]
fing_x_fing,27,0.01,parallel,2,P2-LogReg,parallel,foldA,300,True,0.008799644207249277,0.04133333333333333,0.009343447815938646,0.03833333333333333,2.0,2.0,[0.17367317218815082]
fing_x_fing,27,0.001,li_V,1,LR-P1-N2,GP,foldA,300,True,0.0008076495441405381,0.192,0.0008825163943536735,0.186,1.0,1.0,[25.0]
fing_x_fing,27,0.001,li_V,1,HYP,GP,foldA,300,False,,,,,,,
fing_x_fing,27,0.001,ri_V,1,LR-P1-N2,GP,foldA,300,True,0.0006862352679564154,0.13333333333333333,0.0006801155940869179,0.12966666666666668,1.0,1.0,[26.0]
fing_x_fing,27,0.001,ri_V,1,HYP,GP,foldA,300,False,,,,,,,
fing_x_fing,27,0.001,li_V>ri_V,2,LR-P1-N2,GP,foldA,300,True,0.0008708027573938181,0.072,0.0008802934311437146,0.07033333333333333,1.2,1.8370036678892965,"[[26.000001907348633, 4.000000476837158], 27.0]"
fing_x_fing,27,0.001,li_V>ri_V,2,HYP,GP,foldA,300,False,,,,,,,
fing_x_fing,27,0.001,li_V>ri_V,2,S1-Marcialis,rule,foldA,300,True,0.0006768957082499444,0.10066666666666667,0.0006716683338890741,0.1,1.431,1.9548164943870179,"[[50.000003814697266, 4.0], 26.0]"
fing_x_fing,27,0.001,li_V>ri_V,2,S2-Symmetric,rule,foldA,300,True,0.0006768957082499444,0.10066666666666667,0.0006716683338890741,0.1,1.431,1.9548164943870179,"[[50.000003814697266, 4.0], 26.0]"
fing_x_fing,27,0.001,li_V>ri_V,2,S3-SPRT,rule,foldA,300,True,0.0008294418501223037,0.06666666666666667,0.0009439813271090364,0.06,1.23,1.9998570634655997,"[[5.4462486279759865, -3.4166618524160435], 2.521586271822935]"
fing_x_fing,27,0.001,li_V>ri_V,2,S4-Direct,rule,foldA,300,True,0.0007511674449633089,0.07333333333333333,0.000751028120484606,0.071,1.2076666666666667,1.8371331554962764,"[[27.000001907348633, 4.000000476837158], 27.0]"
fing_x_fing,27,0.001,ri_V>li_V,2,LR-P1-N2,GP,foldA,300,True,0.0007507227040249055,0.07266666666666667,0.00076269867733689,0.07,1.139,1.9443444481493832,"[[27.000001907348633, 3.000000238418579], 27.0]"
fing_x_fing,27,0.001,ri_V>li_V,2,HYP,GP,foldA,300,False,,,,,,,
fing_x_fing,27,0.001,ri_V>li_V,2,S1-Marcialis,rule,foldA,300,True,0.000806315321325328,0.114,0.0008818495053906858,0.111,1.3093333333333332,1.9951209291986218,"[[49.000003814697266, 3.0], 25.0]"
fing_x_fing,27,0.001,ri_V>li_V,2,S2-Symmetric,rule,foldA,300,True,0.000806315321325328,0.114,0.0008818495053906858,0.111,1.3093333333333332,1.9951209291986218,"[[49.000003814697266, 3.0], 25.0]"
fing_x_fing,27,0.001,ri_V>li_V,2,S3-SPRT,rule,foldA,300,True,0.0008401156326439848,0.06533333333333333,0.0008839613204401467,0.064,1.136,1.999515394020229,"[[3.7880489796121184, -3.8662395664351843], 3.184184046318401]"
fing_x_fing,27,0.001,ri_V>li_V,2,S4-Direct,rule,foldA,300,True,0.0007507227040249055,0.07266666666666667,0.00076269867733689,0.07,1.139,1.9443444481493832,"[[27.000001907348633, 3.000000238418579], 27.0]"
fing_x_fing,27,0.001,parallel,2,P0-Parallel,parallel,foldA,300,True,0.0008232154769846564,0.06866666666666667,0.0009457596976770034,0.059333333333333335,2.0,2.0,[7.9193010330200195]
fing_x_fing,27,0.001,parallel,2,P1-LLR,parallel,foldA,300,True,0.0008201022904158327,0.068,0.0009354229187506947,0.059666666666666666,2.0,2.0,[2.4617956278082866]
fing_x_fing,27,0.001,parallel,2,P2-LogReg,parallel,foldA,300,True,0.0008232154769846564,0.06866666666666667,0.0009457596976770034,0.059333333333333335,2.0,2.0,[2.6726467070960886]
fing_x_fing,27,0.0001,li_V,1,LR-P1-N2,GP,foldA,300,True,7.293751389815432e-05,0.258,6.724463710125597e-05,0.25033333333333335,1.0,1.0,[32.0]
fing_x_fing,27,0.0001,li_V,1,HYP,GP,foldA,300,False,,,,,,,
fing_x_fing,27,0.0001,ri_V,1,LR-P1-N2,GP,foldA,300,True,6.359795419168334e-05,0.18733333333333332,6.235411803934645e-05,0.173,1.0,1.0,[33.0]
fing_x_fing,27,0.0001,ri_V,1,HYP,GP,foldA,300,False,,,,,,,
fing_x_fing,27,0.0001,li_V>ri_V,2,LR-P1-N2,GP,foldA,300,True,6.6711140760507e-05,0.11466666666666667,6.435478492830943e-05,0.102,1.276,1.8374061353784594,"[[34.000003814697266, 4.000000476837158], 34.0]"
fing_x_fing,27,0.0001,li_V>ri_V,2,HYP,GP,foldA,300,False,,,,,,,
fing_x_fing,27,0.0001,li_V>ri_V,2,S1-Marcialis,rule,foldA,300,True,6.359795419168334e-05,0.138,6.168722907635879e-05,0.126,1.431,1.9548164943870179,"[[50.000003814697266, 4.0], 33.0]"
fing_x_fing,27,0.0001,li_V>ri_V,2,S2-Symmetric,rule,foldA,300,True,6.359795419168334e-05,0.138,6.168722907635879e-05,0.126,1.431,1.9548164943870179,"[[50.000003814697266, 4.0], 33.0]"
fing_x_fing,27,0.0001,li_V>ri_V,2,S3-SPRT,rule,foldA,300,True,7.516121859017123e-05,0.09533333333333334,7.735911970656885e-05,0.092,1.2886666666666666,1.9999858841836167,"[[7.204668837103375, -3.4166618524160435], 5.874995810198175]"
fing_x_fing,27,0.0001,li_V>ri_V,2,S4-Direct,rule,foldA,300,True,6.137424949966645e-05,0.116,5.457374680449039e-05,0.103,1.2846666666666666,1.8374159164165833,"[[35.000003814697266, 4.000000476837158], 34.0]"
fing_x_fing,27,0.0001,ri_V>li_V,2,LR-P1-N2,GP,foldA,300,True,5.915054480764954e-05,0.116,5.223963543403357e-05,0.10466666666666667,1.188,1.9446597754807158,"[[34.000003814697266, 3.000000238418579], 34.000003814697266]"
fing_x_fing,27,0.0001,ri_V>li_V,2,HYP,GP,foldA,300,False,,,,,,,
fing_x_fing,27,0.0001,ri_V>li_V,2,S1-Marcialis,rule,foldA,300,True,7.293751389815432e-05,0.14666666666666667,6.713348894075803e-05,0.139,1.3093333333333332,1.9951209291986218,"[[49.000003814697266, 3.0], 32.0]"
fing_x_fing,27,0.0001,ri_V>li_V,2,S2-Symmetric,rule,foldA,300,True,7.293751389815432e-05,0.14666666666666667,6.713348894075803e-05,0.139,1.3093333333333332,1.9951209291986218,"[[49.000003814697266, 3.0], 32.0]"
fing_x_fing,27,0.0001,ri_V>li_V,2,S3-SPRT,rule,foldA,300,True,7.605070046697799e-05,0.094,7.257974880515727e-05,0.092,1.1806666666666668,1.9999576525508502,"[[6.325360732626592, -3.8662395664351843], 6.573253288358378]"
fing_x_fing,27,0.0001,ri_V>li_V,2,S4-Direct,rule,foldA,300,True,7.071380920613743e-05,0.11266666666666666,6.602200733577859e-05,0.101,1.1793333333333333,1.944645993108814,"[[33.000003814697266, 3.000000238418579], 35.0]"
fing_x_fing,27,0.0001,parallel,2,P0-Parallel,parallel,foldA,300,True,7.293751389815432e-05,0.09533333333333334,7.891519395354006e-05,0.09,2.0,2.0,[10.87099838256836]
fing_x_fing,27,0.0001,parallel,2,P1-LLR,parallel,foldA,300,True,7.382699577496108e-05,0.09533333333333334,8.369456485495165e-05,0.092,2.0,2.0,[5.6319960788089]
fing_x_fing,27,0.0001,parallel,2,P2-LogReg,parallel,foldA,300,True,7.293751389815432e-05,0.09533333333333334,7.891519395354006e-05,0.09,2.0,2.0,[5.182902040119408]
