dataset,seed,matcher,method,terms_old,terms_new,sse_old,sse_new,max_rel_curve_diff,rounds_new,rounds_old,n_fit_new,n_fit_old,gap_new,complete_new,dominates_new
face_x_face,7,face_C,LR-P1-N2,"[[0.03894583045137993, -0.16], [0.031201736426379908, -0.14]]","[[0.03894583027901422, -0.16], [0.031201736637415507, -0.14]]",80.1243925941299,80.12439269656352,5.512650307935756e-10,1,1,141,141,1.9189733346056061e-13,True,True
face_x_face,7,face_G,LR-P1-N2,"[[0.06499359004006007, -0.18], [0.007896656806243544, -0.16]]","[[0.06499359004006017, -0.18], [0.007896656806243426, -0.16]]",3807.104803894949,3807.1048038949466,5.35764466450211e-16,1,1,141,141,1.1533678259101564e-14,True,True
face_x_face,7,face_C,LR-P1-N3,"[[0.03894583027901381, -0.16], [0.031201736637416, -0.14]]","[[0.03894583027901422, -0.16], [0.031201736637415507, -0.14]]",80.12439269656373,80.12439269656352,1.468227734688596e-15,1,1,141,141,2.062644500930081e-12,True,True
face_x_face,7,face_G,LR-P1-N3,"[[0.06499359004006007, -0.18], [0.007896656806243544, -0.16]]","[[0.06499359004006017, -0.18], [0.007896656806243426, -0.16]]",3807.104803894949,3807.1048038949466,5.35764466450211e-16,1,1,141,141,1.9184732153753093e-14,True,True
face_x_face,7,face_C,LR-P1-N2-rel,"[[0.025156879803669686, -0.3]]","[[0.025156879803669603, -0.3], [1.0476886943776094e-16, -0.26]]",51.65626823218752,51.65626823218741,1.069271103635469e-15,1,1,141,141,3.1031374827601358e-15,True,True
face_x_face,7,face_G,LR-P1-N2-rel,"[[0.01606571854451046, -0.3], [0.01606571854451046, -0.28]]","[[0.01599289630726837, -0.3], [0.016145100966105892, -0.28]]",473.5240634572911,473.6896128469447,0.0005158573258887,2,2,171,171,1.6278187204501746e-15,True,True
face_x_face,7,face_C,LR-P2-N2,"[[0.024126680062926273, -0.14], [0.0709667301975902, -0.12]]","[[0.02412668006292614, -0.14], [0.07096673019759031, -0.12]]",163.32290573810644,163.32290573810633,8.344615600357143e-16,1,1,113,113,2.7826453608028226e-15,True,True
face_x_face,7,face_G,LR-P2-N2,"[[0.010023301969390214, -0.18], [0.07980450222397607, -0.16]]","[[0.010023301969390436, -0.18], [0.07980450222397575, -0.16]]",6388.051114265007,6388.05111426499,1.3314965096627384e-15,0,0,111,111,3.0012001755859117e-13,True,True
face_x_face,7,face_C,LR-P2-N2-rel,"[[0.011159521259886557, -0.36], [0.00928899350040769, -0.34]]","[[0.011159521259886672, -0.36], [0.00928899350040757, -0.34]]",181.44871600395135,181.44871600395194,1.5897632303098857e-15,1,1,141,141,9.996001964155502e-15,True,True
face_x_face,7,face_G,LR-P2-N2-rel,"[[0.02111668742744159, -0.34], [0.005239148593998358, -0.32]]","[[0.021116687427441636, -0.34], [0.005239148593998307, -0.32]]",421.92330302252515,421.92330302252503,4.911033330737484e-16,1,1,141,141,3.5921859963379046e-15,True,True
