N,rho_g,rho_i,rep,alpha,calib,order,n_stages,feasible,selected,deployed,far_train,frr_train,frr_prod,frr_pred,far_pop,frr_pop,thr
500,0.8,0.26666666666666666,140,0.01,boot,m1,1,True,False,True,0.008709418837675351,0.062,0.062,0.11279248763087259,0.009461835344750466,0.04916860557548228,[2.347031188334253]
500,0.8,0.26666666666666666,140,0.01,boot,m2,1,True,False,True,0.004585170340681363,0.04,0.04,0.10432994210023008,0.004332448363012557,0.030396361765261375,[2.75]
500,0.8,0.26666666666666666,140,0.01,boot,m1>m2,2,True,False,True,0.007959919839679358,0.02,0.004256,0.057096686171087443,0.008231128792172434,0.013792379044420312,"[[2.578199780979992, 0.9681467979079995], 2.5]"
500,0.8,0.26666666666666666,140,0.01,boot,m2>m1,2,True,True,True,0.00868937875751503,0.012,0.00472,0.0502726390027413,0.008336596827210553,0.009712054698813947,"[[2.5000000000000004, 1.5000000000000002], 1.8569433998066467]"
500,0.8,0.26666666666666666,140,0.01,xfit,m2>m1,2,True,True,True,0.006763052208835342,0.016,,,0.007034677442297082,0.009237847296132577,"[[2.7500000000000004, 2.0000000000000004], 1.0372002384047563]"
500,0.8,0.26666666666666666,140,0.001,boot,m1,1,True,False,True,0.0007855711422845691,0.214,0.214,0.22149469360200758,0.0009121469234325284,0.18873688957698337,[3.1174395017239265]
500,0.8,0.26666666666666666,140,0.001,boot,m2,1,True,False,True,0.00042885771543086173,0.168,0.168,0.23,0.0003690784542750669,0.13029451713680879,[3.5]
500,0.8,0.26666666666666666,140,0.001,boot,m1>m2,2,True,False,True,0.0005771543086172345,0.134,0.046352000000000004,0.10068690417060847,0.0006671865333557611,0.10521802131828727,"[[3.2988174653744147, 0.9681467979079995], 3.5]"
500,0.8,0.26666666666666666,140,0.001,boot,m2>m1,2,True,True,True,0.0008056112224448898,0.102,0.030896000000000003,0.07958878793915988,0.0007182374729449964,0.08160495056901222,"[[3.2500000000000004, 1.5000000000000002], 2.935206668464692]"
500,0.8,0.26666666666666666,140,0.001,xfit,m2>m1,2,True,True,True,0.0006265060240963856,0.052,,,0.0007549450161534982,0.048601452773453,"[[3.5000000000000004, 2.0000000000000004], 2.3914351574248904]"
500,0.8,0.26666666666666666,141,0.01,boot,m1,1,True,False,True,0.008745490981963928,0.048,0.048,0.09062718647706956,0.010246168129267192,0.04620780251247482,[2.3172092432666713]
500,0.8,0.26666666666666666,141,0.01,boot,m2,1,True,False,True,0.008220440881763528,0.014,0.014,0.0682895311923485,0.00877447509573836,0.016793306448448803,[2.5]
500,0.8,0.26666666666666666,141,0.01,boot,m1>m2,2,True,True,True,0.00820440881763527,0.012,0.0031200000000000004,0.03900760325324997,0.009522344501509346,0.013230413159343144,"[[2.5177204249957614, 0.858733952044001], 2.5]"
500,0.8,0.26666666666666666,141,0.01,boot,m2>m1,2,True,True,True,0.00875751503006012,0.012,0.002416,0.03876103012629593,0.010153602042482683,0.009722518313595342,"[[2.5000000000000004, 1.2500000000000002], 1.8823869684040646]"
500,0.8,0.26666666666666666,141,0.01,xfit,m2>m1,2,True,True,True,0.007502008032128514,0.012,,,0.008125252023622208,0.009268381980588585,"[[2.5000000000000004, 2.0000000000000004], 1.1142202804158825]"
500,0.8,0.26666666666666666,141,0.001,boot,m1,1,True,False,True,0.0007855711422845691,0.176,0.176,0.1983406459302366,0.0010418667551263241,0.17827233059039904,[3.0780308377147785]
500,0.8,0.26666666666666666,141,0.001,boot,m2,1,True,False,True,0.00029659318637274547,0.1,0.1,0.1778111864944384,0.0003690784542750669,0.13029451713680879,[3.5]
500,0.8,0.26666666666666666,141,0.001,boot,m1>m2,2,True,False,True,0.0006012024048096192,0.088,0.025,0.07008159680376416,0.0007804974056415326,0.102331275552874,"[[3.247268323910437, 0.858733952044001], 3.5]"
500,0.8,0.26666666666666666,141,0.001,boot,m2>m1,2,True,True,True,0.000781563126252505,0.058,0.014740000000000001,0.0562631596216643,0.0010647102659843578,0.0722939458330496,"[[3.2500000000000004, 1.2500000000000002], 2.8110718470069944]"
500,0.8,0.26666666666666666,141,0.001,xfit,m2>m1,2,True,True,True,0.0006746987951807229,0.036,,,0.0010845844007302654,0.03830121149784557,"[[3.2500000000000004, 2.0000000000000004], 2.309466698730472]"
500,0.8,0.26666666666666666,142,0.01,boot,m1,1,True,False,True,0.008613226452905812,0.066,0.066,0.14816667875861103,0.008094473553556539,0.05531450807731614,[2.404627743177774]
500,0.8,0.26666666666666666,142,0.01,boot,m2,1,True,False,True,0.005450901803607215,0.048,0.048,0.10663148450589041,0.004332448363012557,0.030396361765261375,[2.75]
500,0.8,0.26666666666666666,142,0.01,boot,m1>m2,2,True,False,True,0.006821643286573146,0.034,0.00728,0.08113800189942752,0.005841903641937963,0.023112908863461838,"[[2.6546923030035012, 0.8831597337133258], 2.75]"
500,0.8,0.26666666666666666,142,0.01,boot,m2>m1,2,True,True,True,0.008673346693386774,0.024,0.004176000000000001,0.05259472546920103,0.0076066318156826785,0.01729695838019625,"[[2.7500000000000004, 1.0000000000000002], 2.085831254181147]"
500,0.8,0.26666666666666666,142,0.01,xfit,m2>m1,2,True,True,True,0.007951807228915662,0.028,,,0.005823559615684349,0.013404639794113606,"[[2.7500000000000004, 1.5000000000000002], 1.9190235864793428]"
500,0.8,0.26666666666666666,142,0.001,boot,m1,1,True,False,True,0.0007214428857715431,0.24,0.24,0.26987892609759817,0.000603512378771642,0.22279578665207678,[3.2372149078767487]
500,0.8,0.26666666666666666,142,0.001,boot,m2,1,True,False,True,0.0005050100200400801,0.138,0.138,0.21400000000000005,0.0003690784542750669,0.13029451713680879,[3.5]
500,0.8,0.26666666666666666,142,0.001,boot,m1>m2,2,True,True,True,0.0006733466933867736,0.126,0.043952000000000005,0.12235230061303234,0.0004991831149856878,0.11164243859319788,"[[3.42837238280755, 0.8831597337133258], 3.5]"
500,0.8,0.26666666666666666,142,0.001,boot,m2>m1,2,True,False,True,0.0007334669338677354,0.144,0.041856,0.09924135477185755,0.0005522099736306738,0.11796762414883825,"[[3.5000000000000004, 1.0000000000000002], 3.087815252107466]"
500,0.8,0.26666666666666666,142,0.001,xfit,m1>m2,2,True,True,True,0.0004497991967871486,0.14,,,0.0003597023607695947,0.1152952584004601,"[[3.5141055007712447, 1.2613170159723073], 3.5]"
500,0.8,0.26666666666666666,143,0.01,boot,m1,1,True,False,True,0.00884569138276553,0.066,0.066,0.14019144516086002,0.00712494283266046,0.06067904761743566,[2.4509017154635906]
500,0.8,0.26666666666666666,143,0.01,boot,m2,1,True,False,True,0.006104208416833667,0.03,0.03,0.127269501890106,0.004332448363012557,0.030396361765261375,[2.75]
500,0.8,0.26666666666666666,143,0.01,boot,m1>m2,2,True,False,True,0.008,0.028,0.004399999999999999,0.08799748174944716,0.006215148212584627,0.02306369755474643,"[[2.5524972670219275, 1.485191680088222], 2.75]"
500,0.8,0.26666666666666666,143,0.01,boot,m2>m1,2,True,True,True,0.008733466933867735,0.012,0.01016,0.09418634559122346,0.006176409931390316,0.011450574119525412,"[[2.5000000000000004, 2.0000000000000004], 1.6285754157160728]"
500,0.8,0.26666666666666666,143,0.01,xfit,m2>m1,2,True,True,True,0.007967871485943774,0.024,,,0.004631630346553935,0.022266038831465065,"[[2.5000000000000004, 2.0000000000000004], 2.5275589057644545]"
500,0.8,0.26666666666666666,143,0.001,boot,m1,1,True,False,True,0.0007735470941883768,0.204,0.204,0.265294216848475,0.0005693963211684823,0.22776814673663687,[3.2537829223343437]
500,0.8,0.26666666666666666,143,0.001,boot,m2,1,True,False,True,0.0005531062124248497,0.136,0.136,0.24115416924660393,0.0003690784542750669,0.13029451713680879,[3.5]
500,0.8,0.26666666666666666,143,0.001,boot,m1>m2,2,True,False,True,0.0006012024048096192,0.116,0.03790400000000001,0.1348434252705495,0.0004221376748544031,0.11140576518362982,"[[3.418555008593033, 1.485191680088222], 3.5]"
500,0.8,0.26666666666666666,143,0.001,boot,m2>m1,2,True,True,True,0.0007655310621242485,0.07,0.025664,0.12608609091971518,0.0005240876341978719,0.06621037143470616,"[[3.5000000000000004, 2.0000000000000004], 2.5929974998057213]"
500,0.8,0.26666666666666666,143,0.001,xfit,m2>m1,2,True,True,True,0.0006746987951807229,0.096,,,0.0003414685300179351,0.09234595324552299,"[[3.5000000000000004, 2.0000000000000004], 2.847950691791521]"
500,0.8,0.26666666666666666,144,0.01,boot,m1,1,True,False,True,0.008745490981963928,0.042,0.042,0.10584771457265071,0.00941567915840167,0.04935424352260814,[2.348852631686496]
500,0.8,0.26666666666666666,144,0.01,boot,m2,1,True,False,True,0.004348697394789579,0.024,0.024,0.12099123093638937,0.004332448363012557,0.030396361765261375,[2.75]
500,0.8,0.26666666666666666,144,0.01,boot,m1>m2,2,True,False,True,0.007042084168336673,0.02,0.003392,0.05381115845614993,0.007555191048812016,0.021206977777793706,"[[2.5342052082717017, 0.8357320499754726], 2.75]"
500,0.8,0.26666666666666666,144,0.01,boot,m2>m1,2,True,True,True,0.008709418837675351,0.01,0.002308,0.07078472998498733,0.008754207494342393,0.008951934989401656,"[[2.5000000000000004, 1.5000000000000002], 1.8040942540828933]"
500,0.8,0.26666666666666666,144,0.01,xfit,m2>m1,2,True,True,True,0.007983935742971888,0.008,,,0.00783759196449253,0.006734340595925944,"[[2.7500000000000004, 1.7500000000000002], 1.3822164878357865]"
500,0.8,0.26666666666666666,144,0.001,boot,m1,1,True,False,True,0.0007615230460921844,0.198,0.198,0.20923402095965382,0.000893670308509413,0.19037010303572394,[3.1234667450786433]
500,0.8,0.26666666666666666,144,0.001,boot,m2,1,True,False,True,0.0004008016032064128,0.14,0.14,0.21441610245291304,0.0003690784542750669,0.13029451713680879,[3.5]
500,0.8,0.26666666666666666,144,0.001,boot,m1>m2,2,True,False,True,0.0006452905811623246,0.098,0.03336000000000001,0.08655194202990121,0.0007593235896346061,0.103036956169435,"[[3.259611119943219, 0.8357320499754726], 3.5]"
500,0.8,0.26666666666666666,144,0.001,boot,m2>m1,2,True,True,True,0.0007695390781563127,0.076,0.0232,0.09651240864625077,0.0008032710984529164,0.07716163803750103,"[[3.5000000000000004, 1.5000000000000002], 2.7105105825748614]"
500,0.8,0.26666666666666666,144,0.001,xfit,m2>m1,2,True,True,True,0.000642570281124498,0.048,,,0.0006530219639805947,0.07194866810531733,"[[3.5000000000000004, 1.7500000000000002], 2.6582357886342285]"
500,0.8,0.26666666666666666,145,0.01,boot,m1,1,True,False,True,0.008673346693386774,0.05,0.05,0.1306920445024063,0.008041511323268014,0.055583017452460096,[2.407026049183903]
500,0.8,0.26666666666666666,145,0.01,boot,m2,1,True,False,True,0.008525050100200401,0.018,0.018,0.08996624355719397,0.00877447509573836,0.016793306448448803,[2.5]
500,0.8,0.26666666666666666,145,0.01,boot,m1>m2,2,True,False,True,0.007110220440881764,0.03,0.005108,0.0629044705484994,0.006816924039881279,0.02227878503842251,"[[2.6034156126940093, 0.69047241802473], 2.75]"
500,0.8,0.26666666666666666,145,0.01,boot,m2>m1,2,True,True,True,0.008633266533066132,0.016,0.00296,0.05631883690260729,0.008328050925292837,0.012816871847858364,"[[2.5000000000000004, 1.2500000000000002], 2.06598491286012]"
500,0.8,0.26666666666666666,145,0.01,xfit,m2>m1,2,True,True,True,0.008096385542168674,0.012,,,0.008369610418357475,0.011723343893019456,"[[2.7500000000000004, 1.2500000000000002], 1.8608759736586622]"
500,0.8,0.26666666666666666,145,0.001,boot,m1,1,True,False,True,0.0007935871743486974,0.222,0.222,0.2508084031514795,0.0006671065662555292,0.21433116421535275,[3.2085172328998]
500,0.8,0.26666666666666666,145,0.001,boot,m2,1,True,False,True,0.00032064128256513024,0.134,0.134,0.20728634001855603,0.0003690784542750669,0.13029451713680879,[3.5]
500,0.8,0.26666666666666666,145,0.001,boot,m1>m2,2,True,False,True,0.0006292585170340682,0.126,0.03791200000000001,0.1023284002040109,0.0005780266893416846,0.10969261006791726,"[[3.3865356686765837, 0.69047241802473], 3.5]"
500,0.8,0.26666666666666666,145,0.001,boot,m2>m1,2,True,True,True,0.0007695390781563127,0.092,0.021272,0.08330292482160018,0.0007856080480603554,0.08542196981037195,"[[3.2500000000000004, 1.2500000000000002], 2.9880451896681532]"
500,0.8,0.26666666666666666,145,0.001,xfit,m2>m1,2,True,True,True,0.0005943775100401606,0.08,,,0.0006952779960762467,0.09107486432677062,"[[3.2500000000000004, 1.2500000000000002], 3.068915017121399]"
500,0.8,0.26666666666666666,146,0.01,boot,m1,1,True,False,True,0.00871743486973948,0.052,0.052,0.12220929403945005,0.008200322972465085,0.054785490796142415,[2.3998755664129883]
500,0.8,0.26666666666666666,146,0.01,boot,m2,1,True,False,True,0.007623246492985972,0.016,0.016,0.09452995342120632,0.00877447509573836,0.016793306448448803,[2.5]
500,0.8,0.26666666666666666,146,0.01,boot,m1>m2,2,True,False,True,0.008472945891783568,0.012,0.003184,0.05927294493928695,0.008682514950952404,0.01394277310528425,"[[2.628259185231592, 0.6618909007768661], 2.5]"
500,0.8,0.26666666666666666,146,0.01,boot,m2>m1,2,True,True,True,0.008781563126252504,0.006,0.004264,0.06291146013262117,0.009437476814528823,0.00789610386048117,"[[2.5000000000000004, 1.5000000000000002], 1.725069800717597]"
500,0.8,0.26666666666666666,146,0.01,xfit,m2>m1,2,True,True,True,0.007823293172690763,0.0,,,0.008097682046085682,0.01019379038660668,"[[2.5000000000000004, 1.5000000000000002], 1.889063404544101]"
500,0.8,0.26666666666666666,146,0.001,boot,m1,1,True,False,True,0.0007975951903807615,0.19,0.19,0.22747473681334676,0.0007192545907159391,0.20805475093348563,[3.1868106453416045]
500,0.8,0.26666666666666666,146,0.001,boot,m2,1,True,False,True,0.0007414829659318637,0.078,0.078,0.17491947613674366,0.0008890252991084321,0.08456572235133569,[3.25]
500,0.8,0.26666666666666666,146,0.001,boot,m1>m2,2,True,False,True,0.0006132264529058116,0.1,0.029816000000000002,0.09944924139769072,0.0006469449331512058,0.10737826930268889,"[[3.3399335888390356, 0.6618909007768661], 3.5]"
500,0.8,0.26666666666666666,146,0.001,boot,m2>m1,2,True,True,True,0.0007855711422845691,0.072,0.017924,0.08591360492155416,0.0008442253167574554,0.07348256945963565,"[[3.2500000000000004, 1.5000000000000002], 2.8264164561679435]"
500,0.8,0.26666666666666666,146,0.001,xfit,m2>m1,2,True,True,True,0.0006265060240963856,0.088,,,0.000576124529947986,0.0939123174352026,"[[3.2500000000000004, 1.5000000000000002], 3.111167862046937]"
500,0.8,0.26666666666666666,147,0.01,boot,m1,1,True,False,True,0.008753507014028055,0.038,0.038,0.13233288103905858,0.009441241911247305,0.04925126429818791,[2.3478428966077844]
500,0.8,0.26666666666666666,147,0.01,boot,m2,1,True,False,True,0.004404809619238477,0.022,0.022,0.1322571297623903,0.004332448363012557,0.030396361765261375,[2.75]
500,0.8,0.26666666666666666,147,0.01,boot,m1>m2,2,True,False,True,0.007983967935871743,0.008,0.00282,0.07172285885872574,0.008182185018907598,0.013806792665618947,"[[2.576367501847567, 0.9894093933810136], 2.5]"
500,0.8,0.26666666666666666,147,0.01,boot,m2>m1,2,True,True,True,0.008813627254509017,0.006,0.00232,0.07187724044440816,0.008963917934403194,0.008605099939243892,"[[2.5000000000000004, 1.5000000000000002], 1.7789422310369498]"
500,0.8,0.26666666666666666,147,0.01,xfit,m1>m2,2,True,True,True,0.006473895582329317,0.012,,,0.006106284998486437,0.022611106227478205,"[[2.6168045361155445, 0.9929385138752755], 2.75]"
500,0.8,0.26666666666666666,147,0.01,xfit,m2>m1,2,True,True,True,0.008144578313253012,0.008,,,0.007876449567740581,0.008230686354752142,"[[2.5000000000000004, 1.7500000000000002], 1.6340307225910893]"
500,0.8,0.26666666666666666,147,0.001,boot,m1,1,True,False,True,0.0007735470941883768,0.224,0.224,0.25097094453845087,0.0008380392597027639,0.19553791483368954,[3.1423320270345707]
500,0.8,0.26666666666666666,147,0.001,boot,m2,1,True,False,True,0.0004088176352705411,0.154,0.154,0.25939254225539643,0.0003690784542750669,0.13029451713680879,[3.5]
500,0.8,0.26666666666666666,147,0.001,boot,m1>m2,2,True,False,True,0.0005971943887775551,0.124,0.044504,0.1224993440116249,0.0006431935337549479,0.10588062557645862,"[[3.3111228651705678, 0.9894093933810136], 3.5]"
500,0.8,0.26666666666666666,147,0.001,boot,m2>m1,2,True,True,True,0.0007775551102204409,0.082,0.023280000000000002,0.10393154951216851,0.0008138106172019168,0.07527190131261928,"[[3.2500000000000004, 1.5000000000000002], 2.85011825590522]"
500,0.8,0.26666666666666666,147,0.001,xfit,m1>m2,2,True,True,True,0.0006265060240963856,0.104,,,0.0006913001883343738,0.07738635297667854,"[[3.44807892453953, 0.9929385138752755], 3.25]"
500,0.8,0.26666666666666666,148,0.01,boot,m1,1,True,False,True,0.008697394789579158,0.048,0.048,0.11916048093212168,0.008343511149169718,0.05408556827524821,[2.3935320732673047]
500,0.8,0.26666666666666666,148,0.01,boot,m2,1,True,False,True,0.007987975951903807,0.012,0.012,0.06811193314869689,0.00877447509573836,0.016793306448448803,[2.5]
500,0.8,0.26666666666666666,148,0.01,boot,m1>m2,2,True,False,True,0.008124248496993988,0.01,0.002744,0.0616087628122314,0.008196051739847764,0.013788368615130817,"[[2.56693161222748, 1.023619400670951], 2.5]"
500,0.8,0.26666666666666666,148,0.01,boot,m2>m1,2,True,True,True,0.007867735470941883,0.004,0.00206,0.05640510678062711,0.008533137400633682,0.009121895210640016,"[[2.5000000000000004, 2.0000000000000004], 1.0259774953088912]"
500,0.8,0.26666666666666666,148,0.01,xfit,m2>m1,2,True,True,True,0.007020080321285141,0.0,,,0.008317764386892398,0.009193002173308805,"[[2.5000000000000004, 2.0000000000000004], 1.0721018842753425]"
500,0.8,0.26666666666666666,148,0.001,boot,m1,1,True,False,True,0.0007374749498997996,0.204,0.204,0.2273896157026449,0.0006338759525877055,0.2186329344252531,[3.223181514310637]
500,0.8,0.26666666666666666,148,0.001,boot,m2,1,True,False,True,0.000717434869739479,0.07,0.07,0.14828786090280427,0.0008890252991084321,0.08456572235133569,[3.25]
500,0.8,0.26666666666666666,148,0.001,boot,m1>m2,2,True,False,True,0.0006973947895791583,0.058,0.020340000000000004,0.08805047216374318,0.0007104028132892376,0.07680279669687663,"[[3.4201516548049966, 1.023619400670951], 3.25]"
500,0.8,0.26666666666666666,148,0.001,boot,m2>m1,2,True,True,True,0.0007855711422845691,0.042,0.008612000000000002,0.07259065850514929,0.0008407669539903448,0.049811835441606174,"[[3.2500000000000004, 2.0000000000000004], 2.492427028815152]"
500,0.8,0.26666666666666666,148,0.001,xfit,m1>m2,2,True,True,True,0.0006104417670682731,0.064,,,0.000618671642238699,0.07862745931101287,"[[3.5124793950132327, 1.028535748888998], 3.25]"
500,0.8,0.26666666666666666,149,0.01,boot,m1,1,True,False,True,0.008725450901803607,0.052,0.052,0.1300184365894909,0.008769159372866047,0.05210511349186786,[2.3752236731087892]
500,0.8,0.26666666666666666,149,0.01,boot,m2,1,True,True,True,0.008681362725450902,0.014,0.014,0.06483393459419805,0.00877447509573836,0.016793306448448803,[2.5]
500,0.8,0.26666666666666666,149,0.01,boot,m1>m2,2,True,False,True,0.0068376753507014025,0.016,0.00336,0.06222520594229146,0.006776955786213229,0.02281256338697849,"[[2.6397487526618133, 0.4515362654533234], 2.75]"
500,0.8,0.26666666666666666,149,0.01,boot,m2>m1,2,True,False,True,0.008929859719438878,0.016,0.0028280000000000002,0.03171537426733811,0.008911776871313084,0.01664682045467434,"[[2.5000000000000004, 0.7500000000000001], 2.279554107514858]"
500,0.8,0.26666666666666666,149,0.01,xfit,m1>m2,2,True,True,True,0.0078714859437751,0.008,,,0.008844741004684385,0.014239159974706091,"[[2.679098152224662, 0.45485513901791347], 2.5]"
500,0.8,0.26666666666666666,149,0.01,xfit,m2>m1,2,True,True,True,0.008385542168674699,0.016,,,0.008927404188129697,0.016620826689335018,"[[2.5000000000000004, 0.7500000000000001], 2.2781434330006647]"
500,0.8,0.26666666666666666,149,0.001,boot,m1,1,True,False,True,0.0007975951903807615,0.174,0.174,0.23166356551697787,0.0007999109004642892,0.19931772839848766,[3.155939245648386]
500,0.8,0.26666666666666666,149,0.001,boot,m2,1,True,False,True,0.00039278557114228455,0.1,0.1,0.16911283869275104,0.0003690784542750669,0.13029451713680879,[3.5]
500,0.8,0.26666666666666666,149,0.001,boot,m1>m2,2,True,False,True,0.0006613226452905812,0.088,0.027200000000000002,0.0922951120161237,0.0006289688300420656,0.10904327142701085,"[[3.3731635700114326, 0.4515362654533234], 3.5]"
500,0.8,0.26666666666666666,149,0.001,boot,m2>m1,2,True,True,True,0.0008096192384769539,0.082,0.019052,0.058322041959540834,0.0007802665224967719,0.0966699173882906,"[[3.2500000000000004, 0.7500000000000001], 3.1539302606557484]"
500,0.8,0.26666666666666666,149,0.001,xfit,m2>m1,2,True,True,True,0.000642570281124498,0.1,,,0.0006761662037213602,0.09843428513466493,"[[3.5000000000000004, 1.2500000000000002], 2.908037521182088]"
