dataset,seed,matcher,obj,N,method,value,lb,rel_to_exact,cert_gap,root_gap,root_gap_nocaps,nodes,time,complete,n_fit,root_lb,root_ub,n_open_leaves,ref_value
fing_x_face,1,face_C,P1,2,LR-BB exact dual,0.07699448224789472,0.07699448224789276,-1.081463559671686e-15,2.5414393652284644e-14,2.5414393652284644e-14,5.499242200930529e-13,1.0,0.7489619255065918,True,100,0.07699448224789276,0.07699448224789472,0.0,0.0769944822478948
fing_x_face,1,face_C,P2,2,LR-BB exact dual,0.04728016354335021,0.04728016354334983,2.935224154859406e-16,8.071866425863364e-15,8.071866425863364e-15,inf,1.0,0.03530263900756836,True,100,0.04728016354334983,0.04728016354335021,0.0,0.0472801635433502
fing_x_face,1,face_C,P2,2,MILP (HiGHS),0.04728016354335021,,2.935224154859406e-16,,,,,0.0971686840057373,True,100,,,,0.0472801635433502
fing_x_face,1,face_G,P1,2,LR-BB exact dual,0.12663108227583805,0.12663108227578299,4.3836908153670344e-16,4.348621288844096e-13,4.348621288844096e-13,5.749868057976168e-12,1.0,1.0751962661743164,True,99,0.12663108227578299,0.12663108227583805,0.0,0.126631082275838
fing_x_face,1,face_G,P2,2,LR-BB exact dual,0.07507534139660528,0.07507534139660459,1.1091088671446515e-15,9.242573892872085e-15,9.242573892872085e-15,8.872870937157201e-15,1.0,0.03756237030029297,True,99,0.07507534139660459,0.07507534139660528,0.0,0.0750753413966052
fing_x_face,1,face_G,P2,2,MILP (HiGHS),0.07507534139660527,,9.242573892872096e-16,,,,,0.14368867874145508,True,99,,,,0.0750753413966052
fing_x_face,1,li_V,P1,2,LR-BB exact dual,0.03980345003761494,0.03980345003761439,1.0459737380578612e-15,1.3946316507438134e-14,1.3946316507438134e-14,1.5794203444673686e-13,1.0,0.6155941486358643,True,29,0.03980345003761439,0.03980345003761494,0.0,0.0398034500376149
fing_x_face,1,li_V,P2,2,LR-BB exact dual,0.07867661744872825,0.07867661744872811,7.055609789965006e-16,1.7639024474912502e-15,1.7639024474912502e-15,1.2417873230338402e-13,1.0,0.015653133392333984,True,29,0.07867661744872811,0.07867661744872825,0.0,0.0786766174487282
fing_x_face,1,li_V,P2,2,MILP (HiGHS),0.07867661744872828,,1.058341468494751e-15,,,,,0.061171531677246094,True,29,,,,0.0786766174487282
fing_x_face,1,ri_V,P1,2,LR-BB exact dual,0.014552753999168288,0.01455275399916821,-7.748157217866517e-15,5.364108843138399e-15,5.364108843138399e-15,2.297030609050599e-13,1.0,0.6133430004119873,True,33,0.01455275399916821,0.014552753999168288,0.0,0.0145527539991684
fing_x_face,1,ri_V,P2,2,LR-BB exact dual,0.04904967864635798,0.049049678646357904,1.6975998445826632e-15,1.5561331908674387e-15,1.5561331908674387e-15,1.0185599067495962e-14,1.0,0.017945528030395508,True,33,0.049049678646357904,0.04904967864635798,0.0,0.0490496786463579
fing_x_face,1,ri_V,P2,2,MILP (HiGHS),0.04904967864635793,,7.073332685761097e-16,,,,,0.03760123252868652,True,33,,,,0.0490496786463579
