dataset,seed,alpha,order,method,param,frr_pred_cal,feasible,far_train,frr_train,stages_gen_train,stages_imp_train,far_test,frr_test,stages_gen,stages_imp,spoof_worst,thr,backoff
face_x_face,0,0.001,face_C>face_G,GP stage cap,inf,0.11828166271243636,True,0.0008694685345786079,0.16666666666666666,1.21,1.7027956415388037,0.0009050478096508783,0.16933333333333334,1.2203333333333333,1.7135992884144986,0.7760691572159217,"[[0.6520400643348694, 0.5137300491333008], 75.17423248291016]",1.0
face_x_face,0,0.001,face_C>face_G,GP stage cap,1.8,0.11828166271243636,True,0.0008694685345786079,0.16666666666666666,1.21,1.7027956415388037,0.0009050478096508783,0.16933333333333334,1.2203333333333333,1.7135992884144986,0.7760233488992662,"[[0.6520400643348694, 0.5137300491333008], 75.17423248291016]",1.0
face_x_face,0,0.001,face_C>face_G,GP stage cap,1.6,0.11947257032193091,True,0.0008703580164554147,0.166,1.2086666666666666,1.5991427618412275,0.0009079386257505003,0.16933333333333334,1.218,1.611964865465866,0.7763875917278186,"[[0.6520400643348694, 0.5220800638198853], 75.16847229003906]",1.0
face_x_face,0,0.001,face_C>face_G,GP stage cap,1.4,0.12266955537406521,True,0.000866577718478986,0.16666666666666666,1.2013333333333334,1.3992045808316655,0.0009097175895041138,0.16933333333333334,1.214,1.4124816544362908,0.7760400266844563,"[[0.6520400643348694, 0.5375900864601135], 75.14836883544922]",1.0
face_x_face,0,0.001,face_C>face_G,GP stage cap,1.2,0.12831652991247205,True,0.0008614631976873471,0.16766666666666666,1.191,1.1992245941738937,0.0009215032243718034,0.171,1.202,1.209007782966422,0.7761856793417834,"[[0.6520400643348694, 0.5565000772476196], 75.0947036743164]",1.0
face_x_face,0,0.001,face_C>face_G,GP stage cap,1.1,0.1343789106680528,True,0.0008683566822325995,0.167,1.1766666666666667,1.0993222148098734,0.0009339559706470981,0.17,1.1896666666666667,1.1056804536357572,0.7757974205025573,"[[0.6520400643348694, 0.5713600516319275], 75.01001739501953]",1.0
face_x_face,0,0.001,face_C>face_G,SPRT stage cap,inf,,True,0.0008639092728485657,0.14033333333333334,1.2483333333333333,1.9248149877696241,0.000945519235045586,0.147,1.2606666666666666,1.9278932621747833,0.7403900378029797,"[[5.44398412061995, -3.974604092614885], 5.538172797395685]",
face_x_face,0,0.001,face_C>face_G,SPRT stage cap,1.8,,True,0.0008639092728485657,0.14033333333333334,1.2463333333333333,1.7486893484545252,0.000945519235045586,0.147,1.2593333333333334,1.7579539693128752,0.7400466977985324,"[[5.44398412061995, -3.817297143869996], 5.538172797395685]",
face_x_face,0,0.001,face_C>face_G,SPRT stage cap,1.6,,True,0.0008654658661329776,0.14033333333333334,1.2413333333333334,1.5179915499221703,0.0009495219034912163,0.14666666666666667,1.2553333333333334,1.5311959083833666,0.7403286635534801,"[[5.44398412061995, -3.422677587727498], 5.530143161553035]",
face_x_face,0,0.001,face_C>face_G,SPRT stage cap,1.4,,True,0.0008652434956637759,0.14133333333333334,1.2356666666666667,1.381245941738937,0.0009499666444296197,0.14733333333333334,1.2503333333333333,1.3944171670002223,0.740149877696242,"[[5.44398412061995, -3.0755715905526633], 5.529255000763384]",
face_x_face,0,0.001,face_C>face_G,SPRT stage cap,1.2,,True,0.0008659106070713809,0.14766666666666667,1.186,1.0345748276628863,0.0009604180564820992,0.152,1.202,1.0373904825439182,0.740424505225706,"[[5.44398412061995, -0.3249566231883659], 5.485174421008972]",
face_x_face,0,0.001,face_C>face_G,SPRT stage cap,1.1,,True,0.0008659106070713809,0.14766666666666667,1.186,1.0345748276628863,0.0009604180564820992,0.152,1.202,1.0373904825439182,0.7405403602401601,"[[5.44398412061995, -0.3249566231883659], 5.485174421008972]",
face_x_face,0,0.001,face_C>face_G,Marcialis,inf,,True,0.0008503446742272626,0.231,1.5466666666666666,2.0,0.0007967533911496553,0.246,1.5853333333333333,1.9999997776295309,0.7476606626639982,"[[0.7255900502204895, -1.0], 74.926513671875]",
