dataset,seed,alpha,order,n_stages,method,kind,calib,B,feasible,far_train,frr_train,far_test,frr_test,stages_gen,stages_imp,thr,far_foldA,frr_foldA,far_foldB,frr_foldB,feasible_foldA,fit_time_full,fit_time_foldA
face_x_face,24,0.01,face_C,1,LR-P1-N2,GP,boot,300,True,0.009043362241494329,0.10033333333333333,0.00832777407160329,0.10033333333333333,1.0,1.0,[0.6126499772071838],,,,,,4.312159061431885,3.930246353149414
face_x_face,24,0.01,face_C,1,HYP,GP,boot,300,True,0.009043362241494329,0.10033333333333333,0.00832777407160329,0.10033333333333333,1.0,1.0,[0.6126499772071838],,,,,,4.312159061431885,3.930246353149414
face_x_face,24,0.01,face_G,1,LR-P1-N2,GP,boot,300,True,0.008951967978652435,0.128,0.008198799199466311,0.131,1.0,1.0,[73.77828216552734],,,,,,4.312159061431885,3.930246353149414
face_x_face,24,0.01,face_G,1,HYP,GP,boot,300,True,0.008951967978652435,0.128,0.008198799199466311,0.131,1.0,1.0,[73.77828216552734],,,,,,4.312159061431885,3.930246353149414
face_x_face,24,0.01,face_C>face_G,2,LR-P1-N2,GP,boot,300,True,0.009064042695130087,0.07466666666666667,0.008277963086502112,0.081,1.1246666666666667,1.9960231265287969,"[[0.6230500340461731, -Infinity], 74.06133270263672]",,,,,,4.312159061431885,3.930246353149414
face_x_face,24,0.01,face_C>face_G,2,HYP,GP,boot,300,True,0.009112741827885257,0.08333333333333333,0.008294196130753835,0.08633333333333333,1.0643333333333334,1.0420651545474762,"[[0.6186900734901428, 0.5853200554847717], 73.65049743652344]",,,,,,4.312159061431885,3.930246353149414
face_x_face,24,0.01,face_C>face_G,2,S1-Marcialis,rule,boot,300,True,0.008951967978652435,0.12633333333333333,0.008198799199466311,0.12866666666666668,1.6553333333333333,2.0,"[[0.7420300841331482, -1.0], 73.77828216552734]",,,,,,4.312159061431885,3.930246353149414
face_x_face,24,0.01,face_C>face_G,2,S2-Symmetric,rule,boot,300,True,0.009068712474983321,0.07866666666666666,0.008261062930842784,0.08333333333333333,1.1246666666666667,1.763168556815655,"[[0.6244200468063354, 0.5085499882698059], 74.01233673095703]",,,,,,4.312159061431885,3.930246353149414
face_x_face,24,0.01,face_C>face_G,2,S3-SPRT,rule,boot,300,True,0.00912119190571492,0.06833333333333333,0.008285078941516567,0.07466666666666667,1.1236666666666666,1.8010037802979764,"[[2.0978194309773475, -3.950386189971473], 1.5700274723178171]",,,,,,4.312159061431885,3.930246353149414
face_x_face,24,0.01,face_C>face_G,2,S4-Direct,rule,boot,300,True,0.009083388925950633,0.07433333333333333,0.008362908605737159,0.082,1.1176666666666666,1.9466602179230599,"[[0.619450032711029, 0.4820000231266022], 74.19660186767578]",,,,,,4.312159061431885,3.930246353149414
face_x_face,24,0.01,face_G>face_C,2,LR-P1-N2,GP,boot,300,True,0.00904603068712475,0.076,0.008265510340226817,0.081,1.1483333333333334,1.9947247053591284,"[[74.04100799560547, 49.5178337097168], 0.6238200068473816]",,,,,,4.312159061431885,3.930246353149414
face_x_face,24,0.01,face_G>face_C,2,HYP,GP,boot,300,False,,,,,,,,,,,,,4.312159061431885,3.930246353149414
face_x_face,24,0.01,face_G>face_C,2,S1-Marcialis,rule,boot,300,True,0.009043362241494329,0.09966666666666667,0.00832777407160329,0.10033333333333333,1.973,1.9997898599066044,"[[81.55670928955078, 49.43918991088867], 0.6126499772071838]",,,,,,4.312159061431885,3.930246353149414
face_x_face,24,0.01,face_G>face_C,2,S2-Symmetric,rule,boot,300,True,0.009043362241494329,0.09966666666666667,0.00832777407160329,0.10033333333333333,1.973,1.9997898599066044,"[[81.55670928955078, 49.43918991088867], 0.6126499772071838]",,,,,,4.312159061431885,3.930246353149414
face_x_face,24,0.01,face_G>face_C,2,S3-SPRT,rule,boot,300,True,0.009106960195686013,0.07,0.008294863242161441,0.07766666666666666,1.1593333333333333,1.9227802979764288,"[[2.2903151410503817, -3.9658946905097157], 1.6390600919090117]",,,,,,4.312159061431885,3.930246353149414
face_x_face,24,0.01,face_G>face_C,2,S4-Direct,rule,boot,300,True,0.009107404936624416,0.07566666666666666,0.008343117633978207,0.081,1.1713333333333333,1.943420057816322,"[[74.30142974853516, 63.55063247680664], 0.617680013179779]",,,,,,4.312159061431885,3.930246353149414
face_x_face,24,0.01,parallel,2,P0-Parallel,parallel,boot,300,True,0.009173226595508116,0.088,0.008303090949521903,0.089,1.0,1.0,[3.070624828338623],,,,,,4.312159061431885,3.930246353149414
face_x_face,24,0.01,parallel,2,P1-LLR,parallel,boot,300,True,0.00916321992439404,0.07066666666666667,0.008290638203246608,0.07666666666666666,1.0,1.0,[1.240947025480596],,,,,,4.312159061431885,3.930246353149414
face_x_face,24,0.01,parallel,2,P2-LogReg,parallel,boot,300,True,0.009152768512341562,0.087,0.008244385145652657,0.087,1.0,1.0,[0.8387388504691868],,,,,,4.312159061431885,3.930246353149414
face_x_face,24,0.001,face_C,1,LR-P1-N2,GP,boot,300,True,0.000834334000444741,0.192,0.0007058038692461642,0.20166666666666666,1.0,1.0,[0.6454700231552124],,,,,,4.312159061431885,3.930246353149414
face_x_face,24,0.001,face_C,1,HYP,GP,boot,300,False,,,,,,,,,,,,,4.312159061431885,3.930246353149414
face_x_face,24,0.001,face_G,1,LR-P1-N2,GP,boot,300,True,0.0008203246608850345,0.24066666666666667,0.0007756281965754948,0.25233333333333335,1.0,1.0,[74.93357849121094],,,,,,4.312159061431885,3.930246353149414
face_x_face,24,0.001,face_G,1,HYP,GP,boot,300,False,,,,,,,,,,,,,4.312159061431885,3.930246353149414
face_x_face,24,0.001,face_C>face_G,2,LR-P1-N2,GP,boot,300,True,0.0008390037802979765,0.16433333333333333,0.000727373804758728,0.186,1.2306666666666666,1.7560086724482988,"[[0.6539900302886963, 0.5095200538635254], 75.20319366455078]",,,,,,4.312159061431885,3.930246353149414
face_x_face,24,0.001,face_C>face_G,2,HYP,GP,boot,300,False,,,,,,,,,,,,,4.312159061431885,3.930246353149414
face_x_face,24,0.001,face_C>face_G,2,S1-Marcialis,rule,boot,300,True,0.0008203246608850345,0.237,0.0007756281965754948,0.24766666666666667,1.6553333333333333,2.0,"[[0.7420300841331482, -1.0], 74.93357849121094]",,,,,,4.312159061431885,3.930246353149414
face_x_face,24,0.001,face_C>face_G,2,S2-Symmetric,rule,boot,300,True,0.0008203246608850345,0.237,0.0007756281965754948,0.24766666666666667,1.6553333333333333,2.0,"[[0.7420300841331482, -1.0], 74.93357849121094]",,,,,,4.312159061431885,3.930246353149414
face_x_face,24,0.001,face_C>face_G,2,S3-SPRT,rule,boot,300,True,0.0008341116299755393,0.14766666666666667,0.0007436068490104514,0.15133333333333332,1.289,1.8047858572381588,"[[5.856085441251263, -3.950386189971473], 5.598338565912518]",,,,,,4.312159061431885,3.930246353149414
face_x_face,24,0.001,face_C>face_G,2,S4-Direct,rule,boot,300,True,0.0008438959306204136,0.16266666666666665,0.00073026462085835,0.17966666666666667,1.2126666666666666,1.9512915276851235,"[[0.6489200592041016, 0.4820000231266022], 75.4966812133789]",,,,,,4.312159061431885,3.930246353149414
face_x_face,24,0.001,face_G>face_C,2,LR-P1-N2,GP,boot,300,True,0.0008381142984211697,0.164,0.0007327106960195686,0.18666666666666668,1.278,1.9992819657549477,"[[75.12271881103516, 49.5178337097168], 0.6574299931526184]",,,,,,4.312159061431885,3.930246353149414
face_x_face,24,0.001,face_G>face_C,2,HYP,GP,boot,300,False,,,,,,,,,,,,,4.312159061431885,3.930246353149414
face_x_face,24,0.001,face_G>face_C,2,S1-Marcialis,rule,boot,300,True,0.000834334000444741,0.19133333333333333,0.0007058038692461642,0.20166666666666666,1.973,1.9997898599066044,"[[81.55670928955078, 49.43918991088867], 0.6454700231552124]",,,,,,4.312159061431885,3.930246353149414
face_x_face,24,0.001,face_G>face_C,2,S2-Symmetric,rule,boot,300,True,0.000834334000444741,0.19133333333333333,0.0007058038692461642,0.20166666666666666,1.973,1.9997898599066044,"[[81.55670928955078, 49.43918991088867], 0.6454700231552124]",,,,,,4.312159061431885,3.930246353149414
face_x_face,24,0.001,face_G>face_C,2,S3-SPRT,rule,boot,300,True,0.0008367800756059595,0.15133333333333332,0.0007391594396264176,0.15333333333333332,1.4966666666666666,1.9268207694018233,"[[8.258701828348574, -3.9658946905097157], 5.573953451600896]",,,,,,4.312159061431885,3.930246353149414
face_x_face,24,0.001,face_G>face_C,2,S4-Direct,rule,boot,300,True,0.0008485657104736491,0.16233333333333333,0.0007338225483655771,0.18,1.321,1.9461981320880588,"[[75.41646575927734, 63.55063247680664], 0.6497099995613098]",,,,,,4.312159061431885,3.930246353149414
face_x_face,24,0.001,parallel,2,P0-Parallel,parallel,boot,300,True,0.0008336668890371358,0.16166666666666665,0.0007351567711807872,0.15933333333333333,1.0,1.0,[3.7704293727874756],,,,,,4.312159061431885,3.930246353149414
face_x_face,24,0.001,parallel,2,P1-LLR,parallel,boot,300,True,0.0008365577051367578,0.15166666666666667,0.0007389370691572159,0.15333333333333332,1.0,1.0,[5.573784791511423],,,,,,4.312159061431885,3.930246353149414
face_x_face,24,0.001,parallel,2,P2-LogReg,parallel,boot,300,True,0.000841449855459195,0.15933333333333333,0.0007324883255503669,0.15966666666666668,1.0,1.0,[1.9112858215889448],,,,,,4.312159061431885,3.930246353149414
face_x_face,24,0.0001,face_C,1,LR-P1-N2,GP,boot,300,True,7.271514342895263e-05,0.30333333333333334,6.181899043806983e-05,0.31666666666666665,1.0,1.0,[0.6743999719619751],,,,,,4.312159061431885,3.930246353149414
face_x_face,24,0.0001,face_C,1,HYP,GP,boot,300,False,,,,,,,,,,,,,4.312159061431885,3.930246353149414
face_x_face,24,0.0001,face_G,1,LR-P1-N2,GP,boot,300,True,7.315988436735602e-05,0.36866666666666664,6.648877029130531e-05,0.3933333333333333,1.0,1.0,[75.92878723144531],,,,,,4.312159061431885,3.930246353149414
face_x_face,24,0.0001,face_G,1,HYP,GP,boot,300,False,,,,,,,,,,,,,4.312159061431885,3.930246353149414
face_x_face,24,0.0001,face_C>face_G,2,LR-P1-N2,GP,boot,300,True,7.516121859017123e-05,0.2773333333333333,6.448743606849011e-05,0.29233333333333333,1.2953333333333332,1.0727878585723816,"[[0.6812400817871094, 0.577690064907074], 76.06832122802734]",,,,,,4.312159061431885,3.930246353149414
face_x_face,24,0.0001,face_C>face_G,2,HYP,GP,boot,300,False,,,,,,,,,,,,,4.312159061431885,3.930246353149414
face_x_face,24,0.0001,face_C>face_G,2,S1-Marcialis,rule,boot,300,True,7.315988436735602e-05,0.3586666666666667,6.648877029130531e-05,0.37733333333333335,1.6553333333333333,2.0,"[[0.7420300841331482, -1.0], 75.92878723144531]",,,,,,4.312159061431885,3.930246353149414
face_x_face,24,0.0001,face_C>face_G,2,S2-Symmetric,rule,boot,300,True,7.315988436735602e-05,0.3586666666666667,6.648877029130531e-05,0.37733333333333335,1.6553333333333333,2.0,"[[0.7420300841331482, -1.0], 75.92878723144531]",,,,,,4.312159061431885,3.930246353149414
face_x_face,24,0.0001,face_C>face_G,2,S3-SPRT,rule,boot,300,True,7.471647765176785e-05,0.24766666666666667,6.00400266844563e-05,0.256,1.3786666666666667,1.8048790304647542,"[[7.929911980123575, -3.950386189971473], 9.853385461633552]",,,,,,4.312159061431885,3.930246353149414
face_x_face,24,0.0001,face_C>face_G,2,S4-Direct,rule,boot,300,True,7.582832999777629e-05,0.26366666666666666,6.626639982210363e-05,0.273,1.1526666666666667,1.0009181676673338,"[[0.6815000772476196, 0.6418600678443909], 75.24207305908203]",,,,,,4.312159061431885,3.930246353149414
face_x_face,24,0.0001,face_G>face_C,2,LR-P1-N2,GP,boot,300,True,7.605070046697799e-05,0.2886666666666667,5.78163219924394e-05,0.3016666666666667,1.3783333333333334,1.1668327774071603,"[[76.09381103515625, 71.03118896484375], 0.6851999759674072]",,,,,,4.312159061431885,3.930246353149414
face_x_face,24,0.0001,face_G>face_C,2,HYP,GP,boot,300,False,,,,,,,,,,,,,4.312159061431885,3.930246353149414
face_x_face,24,0.0001,face_G>face_C,2,S1-Marcialis,rule,boot,300,True,7.271514342895263e-05,0.30266666666666664,6.181899043806983e-05,0.31666666666666665,1.973,1.9997898599066044,"[[81.55670928955078, 49.43918991088867], 0.6743999719619751]",,,,,,4.312159061431885,3.930246353149414
face_x_face,24,0.0001,face_G>face_C,2,S2-Symmetric,rule,boot,300,True,7.271514342895263e-05,0.30266666666666664,6.181899043806983e-05,0.31666666666666665,1.973,1.9997898599066044,"[[81.55670928955078, 49.43918991088867], 0.6743999719619751]",,,,,,4.312159061431885,3.930246353149414
face_x_face,24,0.0001,face_G>face_C,2,S3-SPRT,rule,boot,300,True,7.56059595285746e-05,0.24733333333333332,6.159661996886814e-05,0.25566666666666665,1.4813333333333334,1.9268183233266623,"[[8.063712013422002, -3.9658946905097157], 9.878514054286278]",,,,,,4.312159061431885,3.930246353149414
face_x_face,24,0.0001,face_G>face_C,2,S4-Direct,rule,boot,300,True,7.649544140538137e-05,0.261,5.937291527685123e-05,0.279,1.3426666666666667,1.007030909495219,"[[76.47354125976562, 73.86290740966797], 0.6680700182914734]",,,,,,4.312159061431885,3.930246353149414
face_x_face,24,0.0001,parallel,2,P0-Parallel,parallel,boot,300,True,7.427173671336446e-05,0.25233333333333335,6.270847231487658e-05,0.258,1.0,1.0,[4.3530778884887695],,,,,,4.312159061431885,3.930246353149414
face_x_face,24,0.0001,parallel,2,P1-LLR,parallel,boot,300,True,7.382699577496108e-05,0.25,6.137424949966645e-05,0.256,1.0,1.0,[9.681181164345993],,,,,,4.312159061431885,3.930246353149414
face_x_face,24,0.0001,parallel,2,P2-LogReg,parallel,boot,300,True,7.538358905937291e-05,0.25,6.315321325327997e-05,0.25966666666666666,1.0,1.0,[2.8039330090279524],,,,,,4.312159061431885,3.930246353149414
face_x_face,24,0.01,face_C,1,LR-P1-N2,GP,xfit,300,True,0.008146986880142317,0.106,0.007482321547698466,0.10533333333333333,1.0,1.0,[0.6141700148582458],0.008526924788607032,0.106,0.00870315976858033,0.102,,4.312159061431885,3.930246353149414
face_x_face,24,0.01,face_C,1,HYP,GP,xfit,300,True,0.008146986880142317,0.106,0.007482321547698466,0.10533333333333333,1.0,1.0,[0.6141700148582458],0.008526924788607032,0.106,0.00870315976858033,0.102,,4.312159061431885,3.930246353149414
face_x_face,24,0.01,face_G,1,LR-P1-N2,GP,xfit,300,True,0.008028463420057816,0.13333333333333333,0.007372025794974427,0.13533333333333333,1.0,1.0,[73.8373794555664],0.008906987093902983,0.12866666666666668,0.008677347574543836,0.12866666666666668,,4.312159061431885,3.930246353149414
face_x_face,24,0.01,face_G,1,HYP,GP,xfit,300,False,,,,,,,,,,,,,4.312159061431885,3.930246353149414
face_x_face,24,0.01,face_C>face_G,2,LR-P1-N2,GP,xfit,300,True,0.008099177229263954,0.07933333333333334,0.0074416277518345566,0.08466666666666667,1.1186666666666667,1.993886368690238,"[[0.6205600500106812, -0.9999999403953552], 74.2883529663086]",0.008842011570983533,0.07533333333333334,0.008766355140186916,0.07533333333333334,,4.312159061431885,3.930246353149414
face_x_face,24,0.01,face_C>face_G,2,HYP,GP,xfit,300,True,0.008151434289526352,0.08833333333333333,0.007399154992217033,0.08966666666666667,1.0603333333333333,1.040992217033578,"[[0.6180400848388672, 0.5856200456619263], 73.9510269165039]",0.008723631508678237,0.08533333333333333,0.008721851357365376,0.08533333333333333,,4.312159061431885,3.930246353149414
face_x_face,24,0.01,face_C>face_G,2,S1-Marcialis,rule,xfit,300,True,0.008029130531465421,0.12766666666666668,0.0073724705359128305,0.12933333333333333,1.4626666666666666,1.9999982210362464,"[[0.7066500782966614, -1.0], 73.8373794555664]",0.008906987093902983,0.12333333333333334,0.008677347574543836,0.12266666666666666,,4.312159061431885,3.930246353149414
face_x_face,24,0.01,face_C>face_G,2,S2-Symmetric,rule,xfit,300,True,0.008174560818323327,0.08133333333333333,0.007515677118078719,0.087,1.1086666666666667,1.6118592394929954,"[[0.6178500652313232, 0.5211700201034546], 74.46304321289062]",0.008767245215843347,0.076,0.008842011570983533,0.07866666666666666,,4.312159061431885,3.930246353149414
face_x_face,24,0.01,face_C>face_G,2,S3-SPRT,rule,xfit,300,True,0.008185012230375805,0.069,0.007453191016233044,0.07833333333333334,1.121,1.7389003780297976,"[[2.0880950451590263, -3.721359107597992], 2.1246487288394746]",0.008743213173119714,0.06866666666666667,0.008774365821094794,0.066,,4.312159061431885,3.930246353149414
face_x_face,24,0.01,face_C>face_G,2,S4-Direct,rule,xfit,300,True,0.008169891038470092,0.07966666666666666,0.007515677118078719,0.08633333333333333,1.111,1.9458756949077163,"[[0.6175100803375244, 0.48201003670692444], 74.51793670654297]",0.008787716955941254,0.076,0.008834890965732088,0.07533333333333334,,4.312159061431885,3.930246353149414
face_x_face,24,0.01,face_G>face_C,2,LR-P1-N2,GP,xfit,300,True,0.008156104069379586,0.08266666666666667,0.007424505225706026,0.08633333333333333,1.1473333333333333,1.978962641761174,"[[74.03770446777344, 60.0455436706543], 0.6277099847793579]",0.008904316866933689,0.074,0.008818869603916334,0.07933333333333334,,4.312159061431885,3.930246353149414
face_x_face,24,0.01,face_G>face_C,2,HYP,GP,xfit,300,False,,,,,,,,,,,,,4.312159061431885,3.930246353149414
face_x_face,24,0.01,face_G>face_C,2,S1-Marcialis,rule,xfit,300,True,0.008148988214365133,0.099,0.007472537247053592,0.10133333333333333,1.6243333333333334,1.984235935067823,"[[77.35295104980469, 60.02309036254883], 0.6141499876976013]",0.008528704939919893,0.09933333333333333,0.008704939919893191,0.09466666666666666,,4.312159061431885,3.930246353149414
face_x_face,24,0.01,face_G>face_C,2,S2-Symmetric,rule,xfit,300,True,0.008148988214365133,0.099,0.007472537247053592,0.10133333333333333,1.6243333333333334,1.984235935067823,"[[77.35295104980469, 60.02309036254883], 0.6141499876976013]",0.008528704939919893,0.09933333333333333,0.008704939919893191,0.09466666666666666,,4.312159061431885,3.930246353149414
face_x_face,24,0.01,face_G>face_C,2,S3-SPRT,rule,xfit,300,True,0.00821836780075606,0.07566666666666666,0.007480542583944852,0.08366666666666667,1.154,1.9308383366688904,"[[2.244380884264841, -3.6624582847286695], 2.2726130613749373]",0.008814419225634178,0.07533333333333334,0.008869603916332888,0.068,,4.312159061431885,3.930246353149414
face_x_face,24,0.01,face_G>face_C,2,S4-Direct,rule,xfit,300,True,0.008192795196797865,0.07733333333333334,0.007508783633533467,0.08366666666666667,1.1576666666666666,1.939779630865021,"[[74.16873931884766, 63.611324310302734], 0.6227399706840515]",0.008785046728971962,0.07333333333333333,0.00884913217623498,0.076,,4.312159061431885,3.930246353149414
face_x_face,24,0.01,parallel,2,P0-Parallel,parallel,xfit,300,True,0.008215254614187236,0.08866666666666667,0.007400489215032243,0.091,1.0,1.0,[3.25087833404541],0.008790387182910548,0.08933333333333333,0.00882599020916778,0.08466666666666667,,4.312159061431885,3.930246353149414
face_x_face,24,0.01,parallel,2,P1-LLR,parallel,xfit,300,True,0.008211029575272404,0.072,0.007416055147876362,0.07866666666666666,1.0,1.0,[1.6283638162322558],0.00878237650200267,0.076,0.008812639074321317,0.06533333333333333,,4.312159061431885,3.930246353149414
face_x_face,24,0.01,parallel,2,P2-LogReg,parallel,xfit,300,True,0.008190349121636646,0.089,0.0073773626862352676,0.09033333333333333,1.0,1.0,[1.0050163699362158],0.008729862038273254,0.08666666666666667,0.008741433021806853,0.08466666666666667,,4.312159061431885,3.930246353149414
face_x_face,24,0.001,face_C,1,LR-P1-N2,GP,xfit,300,True,0.0007451634422948632,0.19533333333333333,0.0006317545030020014,0.20666666666666667,1.0,1.0,[0.6468899846076965],0.0007556742323097463,0.19733333333333333,0.0007983978638184246,0.188,,4.312159061431885,3.930246353149414
face_x_face,24,0.001,face_C,1,HYP,GP,xfit,300,False,,,,,,,,,,,,,4.312159061431885,3.930246353149414
face_x_face,24,0.001,face_G,1,LR-P1-N2,GP,xfit,300,True,0.0006486546586613298,0.25266666666666665,0.0006084056037358239,0.26566666666666666,1.0,1.0,[75.03903198242188],0.000831330663106364,0.23866666666666667,0.0007930574098798398,0.24533333333333332,,4.312159061431885,3.930246353149414
face_x_face,24,0.001,face_G,1,HYP,GP,xfit,300,False,,,,,,,,,,,,,4.312159061431885,3.930246353149414
face_x_face,24,0.001,face_C>face_G,2,LR-P1-N2,GP,xfit,300,True,0.000720925061151879,0.16733333333333333,0.0006124082721814543,0.188,1.2226666666666666,1.9995726039581943,"[[0.6514800786972046, -Infinity], 75.51344299316406]",0.0008286604361370716,0.16266666666666665,0.0008188696039163329,0.15733333333333333,,4.312159061431885,3.930246353149414
face_x_face,24,0.001,face_C>face_G,2,HYP,GP,xfit,300,False,,,,,,,,,,,,,4.312159061431885,3.930246353149414
face_x_face,24,0.001,face_C>face_G,2,S1-Marcialis,rule,xfit,300,True,0.0006415388036468757,0.236,0.0005999555259061597,0.24333333333333335,1.4626666666666666,1.9999982210362464,"[[0.7066500782966614, -1.0], 75.04493713378906]",0.000831330663106364,0.228,0.0007886070315976858,0.22666666666666666,,4.312159061431885,3.930246353149414
face_x_face,24,0.001,face_C>face_G,2,S2-Symmetric,rule,xfit,300,True,0.0006415388036468757,0.236,0.0005999555259061597,0.24333333333333335,1.4626666666666666,1.9999982210362464,"[[0.7066500782966614, -1.0], 75.04493713378906]",0.000831330663106364,0.228,0.0007886070315976858,0.22666666666666666,,4.312159061431885,3.930246353149414
face_x_face,24,0.001,face_C>face_G,2,S3-SPRT,rule,xfit,300,True,0.0007066933511229709,0.15466666666666667,0.0006130753835890594,0.15866666666666668,1.2446666666666666,1.742874138314432,"[[5.205043517152258, -3.721359107597992], 6.428571641764028]",0.0008108589230084557,0.14933333333333335,0.0008099688473520249,0.14533333333333334,,4.312159061431885,3.930246353149414
face_x_face,24,0.001,face_C>face_G,2,S4-Direct,rule,xfit,300,False,,,,,,,,0.0007770360480640854,0.16733333333333333,,,True,4.312159061431885,3.930246353149414
face_x_face,24,0.001,face_G>face_C,2,LR-P1-N2,GP,xfit,300,True,0.0006435401378696909,0.22366666666666668,0.000600400266844563,0.23233333333333334,1.2663333333333333,1.9834534133867023,"[[75.04943084716797, 60.0455436706543], 0.6929100155830383]",0.000831330663106364,0.168,0.0007983978638184246,0.214,,4.312159061431885,3.930246353149414
face_x_face,24,0.001,face_G>face_C,2,HYP,GP,xfit,300,False,,,,,,,,,,,,,4.312159061431885,3.930246353149414
face_x_face,24,0.001,face_G>face_C,2,S1-Marcialis,rule,xfit,300,True,0.0007438292194796531,0.183,0.0006279742050255726,0.199,1.6243333333333334,1.984235935067823,"[[77.35295104980469, 60.02309036254883], 0.6469699740409851]",0.0007547841566533155,0.186,0.0007983978638184246,0.17533333333333334,,4.312159061431885,3.930246353149414
face_x_face,24,0.001,face_G>face_C,2,S2-Symmetric,rule,xfit,300,True,0.0007438292194796531,0.183,0.0006279742050255726,0.199,1.6243333333333334,1.984235935067823,"[[77.35295104980469, 60.02309036254883], 0.6469699740409851]",0.0007547841566533155,0.186,0.0007983978638184246,0.17533333333333334,,4.312159061431885,3.930246353149414
face_x_face,24,0.001,face_G>face_C,2,S3-SPRT,rule,xfit,300,True,0.0006573271069601957,0.169,0.000597509450744941,0.17933333333333334,1.295,1.9349713142094729,"[[4.970536047515513, -3.6624582847286695], 7.147804306197665]",0.0008420115709835336,0.15066666666666667,0.0008028482421005785,0.16133333333333333,,4.312159061431885,3.930246353149414
face_x_face,24,0.001,face_G>face_C,2,S4-Direct,rule,xfit,300,True,0.0006680008894818768,0.17866666666666667,0.0005908383366688904,0.19966666666666666,1.2773333333333334,1.6530471425394708,"[[75.18106079101562, 65.59807586669922], 0.6623200178146362]",0.0008144192256341789,0.162,0.0008117489986648865,0.16933333333333334,,4.312159061431885,3.930246353149414
face_x_face,24,0.001,parallel,2,P0-Parallel,parallel,xfit,300,True,0.0006993551256393151,0.16866666666666666,0.0006148543473426729,0.16566666666666666,1.0,1.0,[4.01327657699585],0.0008170894526034713,0.15866666666666668,0.0008072986203827325,0.16066666666666668,,4.312159061431885,3.930246353149414
face_x_face,24,0.001,parallel,2,P1-LLR,parallel,xfit,300,True,0.0006889037135868357,0.161,0.0005990660440293528,0.161,1.0,1.0,[6.171171230000642],0.0008135291499777481,0.14866666666666667,0.0008010680907877169,0.152,,4.312159061431885,3.930246353149414
face_x_face,24,0.001,parallel,2,P2-LogReg,parallel,xfit,300,True,0.000710918390037803,0.16666666666666666,0.0006050700466977985,0.16866666666666666,1.0,1.0,[2.2101087144961205],0.000792167334223409,0.16333333333333333,0.0007983978638184246,0.16066666666666668,,4.312159061431885,3.930246353149414
face_x_face,24,0.0001,face_C,1,LR-P1-N2,GP,xfit,300,True,6.0484767622859685e-05,0.31566666666666665,4.9366244162775184e-05,0.3253333333333333,1.0,1.0,[0.6769499778747559],5.518469069870939e-05,0.32133333333333336,6.408544726301736e-05,0.30266666666666664,,4.312159061431885,3.930246353149414
face_x_face,24,0.0001,face_C,1,HYP,GP,xfit,300,False,,,,,,,,,,,,,4.312159061431885,3.930246353149414
face_x_face,24,0.0001,face_G,1,LR-P1-N2,GP,xfit,300,True,4.3362241494329555e-05,0.4,3.33555703802535e-05,0.42733333333333334,1.0,1.0,[76.15603637695312],6.853582554517133e-05,0.3446666666666667,6.230529595015576e-05,0.39466666666666667,,4.312159061431885,3.930246353149414
face_x_face,24,0.0001,face_G,1,HYP,GP,xfit,300,False,,,,,,,,,,,,,4.312159061431885,3.930246353149414
face_x_face,24,0.0001,face_C>face_G,2,LR-P1-N2,GP,xfit,300,True,5.692684011563264e-05,0.2936666666666667,4.6475428063153213e-05,0.30533333333333335,1.3043333333333333,1.1599817656215254,"[[0.6789400577545166, 0.5619300603866577], 76.74890899658203]",7.209612817089452e-05,0.27066666666666667,6.497552291944815e-05,0.2826666666666667,,4.312159061431885,3.930246353149414
face_x_face,24,0.0001,face_C>face_G,2,HYP,GP,xfit,300,False,,,,,,,,,,,,,4.312159061431885,3.930246353149414
face_x_face,24,0.0001,face_C>face_G,2,S1-Marcialis,rule,xfit,300,True,4.4696464309539696e-05,0.3446666666666667,3.402268178785857e-05,0.35333333333333333,1.4626666666666666,1.9999982210362464,"[[0.7066500782966614, -1.0], 76.16442108154297]",6.853582554517133e-05,0.31266666666666665,6.319537160658656e-05,0.338,,4.312159061431885,3.930246353149414
face_x_face,24,0.0001,face_C>face_G,2,S2-Symmetric,rule,xfit,300,True,4.4696464309539696e-05,0.3446666666666667,3.402268178785857e-05,0.35333333333333333,1.4626666666666666,1.9999982210362464,"[[0.7066500782966614, -1.0], 76.16442108154297]",6.853582554517133e-05,0.31266666666666665,6.319537160658656e-05,0.338,,4.312159061431885,3.930246353149414
face_x_face,24,0.0001,face_C>face_G,2,S3-SPRT,rule,xfit,300,True,5.403602401601067e-05,0.2633333333333333,4.825439181676673e-05,0.2793333333333333,1.3386666666666667,1.7430862797420503,"[[7.221899247814601, -3.721359107597992], 11.657513376055226]",6.853582554517133e-05,0.24733333333333332,6.319537160658656e-05,0.25133333333333335,,4.312159061431885,3.930246353149414
face_x_face,24,0.0001,face_C>face_G,2,S4-Direct,rule,xfit,300,True,5.6704469646430955e-05,0.283,4.7809650878363355e-05,0.29433333333333334,1.1266666666666667,1.0006221925728263,"[[0.6792700886726379, 0.6462500691413879], 75.84474182128906]",6.675567423230975e-05,0.2673333333333333,6.408544726301736e-05,0.276,,4.312159061431885,3.930246353149414
face_x_face,24,0.0001,face_G>face_C,2,LR-P1-N2,GP,xfit,300,False,,,,,,,,7.120605251446373e-05,0.27466666666666667,,,True,4.312159061431885,3.930246353149414
face_x_face,24,0.0001,face_G>face_C,2,HYP,GP,xfit,300,False,,,,,,,,,,,,,4.312159061431885,3.930246353149414
face_x_face,24,0.0001,face_G>face_C,2,S1-Marcialis,rule,xfit,300,True,6.159661996886814e-05,0.29433333333333334,4.9366244162775184e-05,0.30933333333333335,1.6243333333333334,1.984235935067823,"[[77.35295104980469, 60.02309036254883], 0.6773099899291992]",5.518469069870939e-05,0.29933333333333334,6.497552291944815e-05,0.2813333333333333,,4.312159061431885,3.930246353149414
face_x_face,24,0.0001,face_G>face_C,2,S2-Symmetric,rule,xfit,300,True,6.159661996886814e-05,0.29433333333333334,4.9366244162775184e-05,0.30933333333333335,1.6243333333333334,1.984235935067823,"[[77.35295104980469, 60.02309036254883], 0.6773099899291992]",5.518469069870939e-05,0.29933333333333334,6.497552291944815e-05,0.2813333333333333,,4.312159061431885,3.930246353149414
face_x_face,24,0.0001,face_G>face_C,2,S3-SPRT,rule,xfit,300,True,5.247943073159884e-05,0.2653333333333333,4.291750055592617e-05,0.27366666666666667,1.4816666666666667,1.9353529019346232,"[[8.611373140850066, -3.6624582847286695], 10.987434905213904]",7.031597685803293e-05,0.24266666666666667,6.853582554517133e-05,0.25666666666666665,,4.312159061431885,3.930246353149414
face_x_face,24,0.0001,face_G>face_C,2,S4-Direct,rule,xfit,300,True,5.247943073159884e-05,0.281,4.136090727151434e-05,0.29933333333333334,1.2873333333333334,1.0031087391594395,"[[76.36038970947266, 74.28651428222656], 0.6721699833869934]",6.942590120160213e-05,0.258,6.853582554517133e-05,0.27266666666666667,,4.312159061431885,3.930246353149414
face_x_face,24,0.0001,parallel,2,P0-Parallel,parallel,xfit,300,True,5.270180120080053e-05,0.2613333333333333,4.580831665554814e-05,0.2703333333333333,1.0,1.0,[4.674346923828125],6.853582554517133e-05,0.25266666666666665,6.764574988874055e-05,0.24866666666666667,,4.312159061431885,3.930246353149414
face_x_face,24,0.0001,parallel,2,P1-LLR,parallel,xfit,300,True,5.11452079163887e-05,0.2633333333333333,4.291750055592617e-05,0.271,1.0,1.0,[10.712876708520803],6.764574988874055e-05,0.248,6.586559857587895e-05,0.25133333333333335,,4.312159061431885,3.930246353149414
face_x_face,24,0.0001,parallel,2,P2-LogReg,parallel,xfit,300,True,5.5814987769624196e-05,0.26166666666666666,4.536357571714476e-05,0.2723333333333333,1.0,1.0,[3.2280369323865794],6.764574988874055e-05,0.254,6.675567423230975e-05,0.254,,4.312159061431885,3.930246353149414
