dataset,seed,alpha,order,n_stages,method,kind,calib,B,feasible,far_train,frr_train,far_test,frr_test,stages_gen,stages_imp,thr,far_foldA,frr_foldA,far_foldB,frr_foldB,fit_time_full,fit_time_foldA
fing_x_fing,16,0.01,li_V,1,LR-P1-N2,GP,boot,300,True,0.007139490941424919,0.13933333333333334,0.007026675558519506,0.13566666666666666,1.0,1.0,[19.0],,,,,0.746424674987793,1.29697585105896
fing_x_fing,16,0.01,li_V,1,HYP,GP,boot,300,False,,,,,,,,,,,,0.746424674987793,1.29697585105896
fing_x_fing,16,0.01,ri_V,1,LR-P1-N2,GP,boot,300,True,0.007370345670779149,0.09266666666666666,0.0071588307213515615,0.08,1.0,1.0,[19.0],,,,,0.746424674987793,1.29697585105896
fing_x_fing,16,0.01,ri_V,1,HYP,GP,boot,300,False,,,,,,,,,,,,0.746424674987793,1.29697585105896
fing_x_fing,16,0.01,li_V>ri_V,2,LR-P1-N2,GP,boot,300,True,0.008689007446926753,0.04533333333333334,0.008515838612870957,0.04,1.1496666666666666,1.9516856730021117,"[[20.000001907348633, 3.000000238418579], 20.0]",,,,,0.746424674987793,1.29697585105896
fing_x_fing,16,0.01,li_V>ri_V,2,HYP,GP,boot,300,False,,,,,,,,,,,,0.746424674987793,1.29697585105896
fing_x_fing,16,0.01,li_V>ri_V,2,S1-Marcialis,rule,boot,300,True,0.007364121373791264,0.074,0.007153606757808158,0.064,1.4243333333333332,1.9969075247304657,"[[50.000003814697266, 3.0], 19.0]",,,,,0.746424674987793,1.29697585105896
fing_x_fing,16,0.01,li_V>ri_V,2,S2-Symmetric,rule,boot,300,True,0.007364121373791264,0.074,0.007153606757808158,0.064,1.4243333333333332,1.9969075247304657,"[[50.000003814697266, 3.0], 19.0]",,,,,0.746424674987793,1.29697585105896
fing_x_fing,16,0.01,li_V>ri_V,2,S3-SPRT,rule,boot,300,True,0.009288318328331666,0.042,0.009038012670890296,0.037333333333333336,1.1616666666666666,1.9974712682005114,"[[2.5560539027531783, -3.3753741303791798], -0.5918230602779877]",,,,,0.746424674987793,1.29697585105896
fing_x_fing,16,0.01,li_V>ri_V,2,S4-Direct,rule,boot,300,True,0.008887518061576082,0.04566666666666667,0.008728465043903523,0.043333333333333335,1.1326666666666667,1.8295713015449595,"[[18.000001907348633, 4.000000476837158], 23.0]",,,,,0.746424674987793,1.29697585105896
fing_x_fing,16,0.01,ri_V>li_V,2,LR-P1-N2,GP,boot,300,True,0.008695231743914638,0.04533333333333334,0.008508836278759587,0.04,1.088,1.9377922640880294,"[[19.000001907348633, 3.000000238418579], 21.0]",,,,,0.746424674987793,1.29697585105896
fing_x_fing,16,0.01,ri_V>li_V,2,HYP,GP,boot,300,False,,,,,,,,,,,,0.746424674987793,1.29697585105896
fing_x_fing,16,0.01,ri_V>li_V,2,S1-Marcialis,rule,boot,300,True,0.007130599088585084,0.092,0.0070165610759141935,0.08833333333333333,1.3236666666666668,1.99467855951984,"[[52.000003814697266, 3.0], 19.0]",,,,,0.746424674987793,1.29697585105896
fing_x_fing,16,0.01,ri_V>li_V,2,S2-Symmetric,rule,boot,300,True,0.008300211181504947,0.04733333333333333,0.008123152161831721,0.03966666666666667,1.094,1.8092226297654774,"[[20.000001907348633, 5.0], 20.0]",,,,,0.746424674987793,1.29697585105896
fing_x_fing,16,0.01,ri_V>li_V,2,S3-SPRT,rule,boot,300,True,0.009263976881182617,0.042333333333333334,0.009017672557519172,0.037,1.1633333333333333,1.9998889629876626,"[[5.136757455803338, -3.959731851804234], -0.7232455806000169]",,,,,0.746424674987793,1.29697585105896
fing_x_fing,16,0.01,ri_V>li_V,2,S4-Direct,rule,boot,300,True,0.007605201733911304,0.04666666666666667,0.007445704123596754,0.041666666666666664,1.0996666666666666,1.9402806491052573,"[[21.000001907348633, 3.000000238418579], 20.0]",,,,,0.746424674987793,1.29697585105896
fing_x_fing,16,0.01,parallel,2,P0-Parallel,parallel,boot,300,True,0.009170390130043348,0.042666666666666665,0.008879181949538736,0.03666666666666667,1.0,1.0,[4.87861442565918],,,,,0.746424674987793,1.29697585105896
fing_x_fing,16,0.01,parallel,2,P1-LLR,parallel,boot,300,True,0.009263976881182617,0.042333333333333334,0.009017672557519172,0.037,1.0,1.0,[-0.7232455806000169],,,,,0.746424674987793,1.29697585105896
fing_x_fing,16,0.01,parallel,2,P2-LogReg,parallel,boot,300,True,0.00917405801933978,0.042666666666666665,0.00887084583750139,0.03666666666666667,1.0,1.0,[0.10346523561270704],,,,,0.746424674987793,1.29697585105896
fing_x_fing,16,0.001,li_V,1,LR-P1-N2,GP,boot,300,True,0.0008871846170945871,0.192,0.0008997443592308548,0.18466666666666667,1.0,1.0,[25.0],,,,,0.746424674987793,1.29697585105896
fing_x_fing,16,0.001,li_V,1,HYP,GP,boot,300,False,,,,,,,,,,,,0.746424674987793,1.29697585105896
fing_x_fing,16,0.001,ri_V,1,LR-P1-N2,GP,boot,300,True,0.000705346226519951,0.133,0.0006760031121484939,0.126,1.0,1.0,[26.0],,,,,0.746424674987793,1.29697585105896
fing_x_fing,16,0.001,ri_V,1,HYP,GP,boot,300,False,,,,,,,,,,,,0.746424674987793,1.29697585105896
fing_x_fing,16,0.001,li_V>ri_V,2,LR-P1-N2,GP,boot,300,True,0.0007738134933866844,0.07133333333333333,0.0007718128264977215,0.06766666666666667,1.2036666666666667,1.9548034900522397,"[[26.000001907348633, 3.000000238418579], 28.0]",,,,,0.746424674987793,1.29697585105896
fing_x_fing,16,0.001,li_V>ri_V,2,HYP,GP,boot,300,False,,,,,,,,,,,,0.746424674987793,1.29697585105896
fing_x_fing,16,0.001,li_V>ri_V,2,S1-Marcialis,rule,boot,300,True,0.000705346226519951,0.102,0.0006755585195065022,0.095,1.4243333333333332,1.9969075247304657,"[[50.000003814697266, 3.0], 26.0]",,,,,0.746424674987793,1.29697585105896
fing_x_fing,16,0.001,li_V>ri_V,2,S2-Symmetric,rule,boot,300,True,0.000705346226519951,0.102,0.0006755585195065022,0.095,1.4243333333333332,1.9969075247304657,"[[50.000003814697266, 3.0], 26.0]",,,,,0.746424674987793,1.29697585105896
fing_x_fing,16,0.001,li_V>ri_V,2,S3-SPRT,rule,boot,300,True,0.0008942980993664555,0.06433333333333334,0.000867622540846949,0.061,1.2216666666666667,1.9997867066800044,"[[4.820960037957696, -3.3753741303791798], 2.5941745130949108]",,,,,0.746424674987793,1.29697585105896
fing_x_fing,16,0.001,li_V>ri_V,2,S4-Direct,rule,boot,300,True,0.0008495053906857841,0.072,0.0008462820940313438,0.06966666666666667,1.1926666666666668,1.835971657219073,"[[25.000001907348633, 4.000000476837158], 29.0]",,,,,0.746424674987793,1.29697585105896
fing_x_fing,16,0.001,ri_V>li_V,2,LR-P1-N2,GP,boot,300,True,0.0007843725686339892,0.07033333333333333,0.0007770367900411248,0.06766666666666667,1.132,1.9424455929754363,"[[26.000001907348633, 3.000000238418579], 28.0]",,,,,0.746424674987793,1.29697585105896
fing_x_fing,16,0.001,ri_V>li_V,2,HYP,GP,boot,300,False,,,,,,,,,,,,0.746424674987793,1.29697585105896
fing_x_fing,16,0.001,ri_V>li_V,2,S1-Marcialis,rule,boot,300,True,0.0008857396910081138,0.12033333333333333,0.0008988551739468712,0.11133333333333334,1.3236666666666668,1.99467855951984,"[[52.000003814697266, 3.0], 25.0]",,,,,0.746424674987793,1.29697585105896
fing_x_fing,16,0.001,ri_V>li_V,2,S2-Symmetric,rule,boot,300,True,0.0008857396910081138,0.12033333333333333,0.0008988551739468712,0.11133333333333334,1.3236666666666668,1.99467855951984,"[[52.000003814697266, 3.0], 25.0]",,,,,0.746424674987793,1.29697585105896
fing_x_fing,16,0.001,ri_V>li_V,2,S3-SPRT,rule,boot,300,True,0.0008955207291319329,0.06466666666666666,0.0008788485050572413,0.059666666666666666,1.1383333333333334,1.9996608869623207,"[[4.301120248425136, -3.959731851804234], 2.8094943301978184]",,,,,0.746424674987793,1.29697585105896
fing_x_fing,16,0.001,ri_V>li_V,2,S4-Direct,rule,boot,300,True,0.0007703679004112482,0.07133333333333333,0.0007659219739913304,0.06766666666666667,1.1376666666666666,1.9425843058797376,"[[27.000001907348633, 3.000000238418579], 27.0]",,,,,0.746424674987793,1.29697585105896
fing_x_fing,16,0.001,parallel,2,P0-Parallel,parallel,boot,300,True,0.0008821829498721796,0.065,0.0008475047237968212,0.060333333333333336,1.0,1.0,[7.811344146728516],,,,,0.746424674987793,1.29697585105896
fing_x_fing,16,0.001,parallel,2,P1-LLR,parallel,boot,300,True,0.0008768478381682783,0.06566666666666666,0.0008390574635989774,0.06166666666666667,1.0,1.0,[2.5057998103284946],,,,,0.746424674987793,1.29697585105896
fing_x_fing,16,0.001,parallel,2,P2-LogReg,parallel,boot,300,True,0.0008787373568967434,0.06433333333333334,0.000841725019450928,0.06,1.0,1.0,[2.5294645770616055],,,,,0.746424674987793,1.29697585105896
fing_x_fing,16,0.0001,li_V,1,LR-P1-N2,GP,boot,300,True,6.691119261976214e-05,0.255,6.891185950872513e-05,0.24933333333333332,1.0,1.0,[32.0],,,,,0.746424674987793,1.29697585105896
fing_x_fing,16,0.0001,li_V,1,HYP,GP,boot,300,False,,,,,,,,,,,,0.746424674987793,1.29697585105896
fing_x_fing,16,0.0001,ri_V,1,LR-P1-N2,GP,boot,300,True,6.613315549627654e-05,0.17933333333333334,5.4018006002000665e-05,0.175,1.0,1.0,[33.0],,,,,0.746424674987793,1.29697585105896
fing_x_fing,16,0.0001,ri_V,1,HYP,GP,boot,300,False,,,,,,,,,,,,0.746424674987793,1.29697585105896
fing_x_fing,16,0.0001,li_V>ri_V,2,LR-P1-N2,GP,boot,300,True,8.058241636100922e-05,0.105,7.069023007669222e-05,0.099,1.2683333333333333,1.9552054018006002,"[[33.000003814697266, 3.000000238418579], 34.0]",,,,,0.746424674987793,1.29697585105896
fing_x_fing,16,0.0001,li_V>ri_V,2,HYP,GP,boot,300,False,,,,,,,,,,,,0.746424674987793,1.29697585105896
fing_x_fing,16,0.0001,li_V>ri_V,2,S1-Marcialis,rule,boot,300,True,6.613315549627654e-05,0.13333333333333333,5.4018006002000665e-05,0.125,1.4243333333333332,1.9969075247304657,"[[50.000003814697266, 3.0], 33.0]",,,,,0.746424674987793,1.29697585105896
fing_x_fing,16,0.0001,li_V>ri_V,2,S2-Symmetric,rule,boot,300,True,6.613315549627654e-05,0.13333333333333333,5.4018006002000665e-05,0.125,1.4243333333333332,1.9969075247304657,"[[50.000003814697266, 3.0], 33.0]",,,,,0.746424674987793,1.29697585105896
fing_x_fing,16,0.0001,li_V>ri_V,2,S3-SPRT,rule,boot,300,True,8.191619428698455e-05,0.094,8.136045348449484e-05,0.08633333333333333,1.286,1.9999839946648883,"[[7.552888104179423, -3.3753741303791798], 5.659042500822351]",,,,,0.746424674987793,1.29697585105896
fing_x_fing,16,0.0001,li_V>ri_V,2,S4-Direct,rule,boot,300,True,7.791486050905858e-05,0.106,6.946760031121485e-05,0.10066666666666667,1.266,1.83656252084028,"[[33.000003814697266, 4.000000476837158], 34.0]",,,,,0.746424674987793,1.29697585105896
fing_x_fing,16,0.0001,ri_V>li_V,2,LR-P1-N2,GP,boot,300,True,8.024897187951539e-05,0.105,7.002334111370457e-05,0.099,1.1836666666666666,1.9428880738023786,"[[33.000003814697266, 3.000000238418579], 34.0]",,,,,0.746424674987793,1.29697585105896
fing_x_fing,16,0.0001,ri_V>li_V,2,HYP,GP,boot,300,False,,,,,,,,,,,,0.746424674987793,1.29697585105896
fing_x_fing,16,0.0001,ri_V>li_V,2,S1-Marcialis,rule,boot,300,True,6.691119261976214e-05,0.15033333333333335,6.880071134822718e-05,0.14133333333333334,1.3236666666666668,1.99467855951984,"[[52.000003814697266, 3.0], 32.0]",,,,,0.746424674987793,1.29697585105896
fing_x_fing,16,0.0001,ri_V>li_V,2,S2-Symmetric,rule,boot,300,True,6.691119261976214e-05,0.15033333333333335,6.880071134822718e-05,0.14133333333333334,1.3236666666666668,1.99467855951984,"[[52.000003814697266, 3.0], 32.0]",,,,,0.746424674987793,1.29697585105896
fing_x_fing,16,0.0001,ri_V>li_V,2,S3-SPRT,rule,boot,300,True,8.347226853395576e-05,0.09266666666666666,7.658108258308325e-05,0.08366666666666667,1.1896666666666667,1.9999742136267644,"[[6.40020029980012, -3.959731851804234], 5.9110541848472185]",,,,,0.746424674987793,1.29697585105896
fing_x_fing,16,0.0001,ri_V>li_V,2,S4-Direct,rule,boot,300,True,8.680671334889407e-05,0.10233333333333333,7.858174947204623e-05,0.096,1.1743333333333332,1.942869400911415,"[[32.000003814697266, 3.000000238418579], 35.0]",,,,,0.746424674987793,1.29697585105896
fing_x_fing,16,0.0001,parallel,2,P0-Parallel,parallel,boot,300,True,8.236078692897633e-05,0.09433333333333334,8.147160164499277e-05,0.08733333333333333,1.0,1.0,[10.717044830322266],,,,,0.746424674987793,1.29697585105896
fing_x_fing,16,0.0001,parallel,2,P1-LLR,parallel,boot,300,True,8.247193508947427e-05,0.09433333333333334,8.024897187951539e-05,0.08633333333333333,1.0,1.0,[5.502768433787331],,,,,0.746424674987793,1.29697585105896
fing_x_fing,16,0.0001,parallel,2,P2-LogReg,parallel,boot,300,True,8.08047126820051e-05,0.09633333333333334,7.735911970656885e-05,0.087,1.0,1.0,[4.864674341330092],,,,,0.746424674987793,1.29697585105896
fing_x_fing,16,0.01,li_V,1,LR-P1-N2,GP,xfit,300,True,0.007139490941424919,0.13933333333333334,0.007026675558519506,0.13566666666666666,1.0,1.0,[19.0],0.006607071380920614,0.132,0.007662886368690238,0.14666666666666667,0.746424674987793,1.29697585105896
fing_x_fing,16,0.01,li_V,1,HYP,GP,xfit,300,False,,,,,,,,,,,,0.746424674987793,1.29697585105896
fing_x_fing,16,0.01,ri_V,1,LR-P1-N2,GP,xfit,300,True,0.007370345670779149,0.09266666666666666,0.0071588307213515615,0.08,1.0,1.0,[19.0],0.007745608183233266,0.07866666666666666,0.006981987991994663,0.10666666666666667,0.746424674987793,1.29697585105896
fing_x_fing,16,0.01,ri_V,1,HYP,GP,xfit,300,False,,,,,,,,,,,,0.746424674987793,1.29697585105896
fing_x_fing,16,0.01,li_V>ri_V,2,LR-P1-N2,GP,xfit,300,True,0.007263198844059131,0.04633333333333333,0.0071097032344114705,0.041666666666666664,1.1496666666666666,1.9516856730021117,"[[20.000001907348633, 3.000000238418579], 20.000001907348633]",0.007192350455859462,0.042,0.007359573048699133,0.050666666666666665,0.746424674987793,1.29697585105896
fing_x_fing,16,0.01,li_V>ri_V,2,HYP,GP,xfit,300,False,,,,,,,,,,,,0.746424674987793,1.29697585105896
fing_x_fing,16,0.01,li_V>ri_V,2,S1-Marcialis,rule,xfit,300,True,0.00736434367011226,0.071,0.0071540513504501505,0.061,1.3766666666666667,1.9969070801378237,"[[45.000003814697266, 3.0], 19.0]",0.007738937069157216,0.06266666666666666,0.006977985323549033,0.07933333333333334,0.746424674987793,1.29697585105896
fing_x_fing,16,0.01,li_V>ri_V,2,S2-Symmetric,rule,xfit,300,True,0.00736434367011226,0.071,0.0071540513504501505,0.061,1.3766666666666667,1.9969070801378237,"[[45.000003814697266, 3.0], 19.0]",0.007738937069157216,0.06266666666666666,0.006977985323549033,0.07933333333333334,0.746424674987793,1.29697585105896
fing_x_fing,16,0.01,li_V>ri_V,2,S3-SPRT,rule,xfit,300,True,0.008953317772590863,0.042333333333333334,0.008712570856952317,0.038,1.1616666666666666,1.9974712682005114,"[[2.5703618271590147, -3.439681484460307], -0.7295682305406981]",0.009142539470758283,0.038,0.008975316877918612,0.04666666666666667,0.746424674987793,1.29697585105896
fing_x_fing,16,0.01,li_V>ri_V,2,S4-Direct,rule,xfit,300,True,0.008494387017894853,0.04666666666666667,0.00832533066577748,0.041666666666666664,1.1383333333333334,1.8316045348449483,"[[19.000001907348633, 4.000000476837158], 21.0]",0.008331331999110517,0.042,0.008670224594173893,0.051333333333333335,0.746424674987793,1.29697585105896
fing_x_fing,16,0.01,ri_V>li_V,2,LR-P1-N2,GP,xfit,300,True,0.0072399688785150604,0.04633333333333333,0.007078359453151051,0.041666666666666664,1.0953333333333333,1.939245081693898,"[[20.000001907348633, 3.000000238418579], 20.000001907348633]",0.007178563486768957,0.042,0.007327106960195686,0.050666666666666665,0.746424674987793,1.29697585105896
fing_x_fing,16,0.01,ri_V>li_V,2,HYP,GP,xfit,300,False,,,,,,,,,,,,0.746424674987793,1.29697585105896
fing_x_fing,16,0.01,ri_V>li_V,2,S1-Marcialis,rule,xfit,300,True,0.007131154829387574,0.08533333333333333,0.007016672224074692,0.079,1.2726666666666666,1.9946784483716795,"[[46.000003814697266, 3.0], 19.0]",0.006598176562152546,0.07933333333333334,0.007653102068045364,0.09133333333333334,0.746424674987793,1.29697585105896
fing_x_fing,16,0.01,ri_V>li_V,2,S2-Symmetric,rule,xfit,300,True,0.006975325108369457,0.08533333333333333,0.006858063799044126,0.079,1.2726666666666666,1.9429233077692565,"[[46.000003814697266, 4.0], 19.0]",0.006457193684678675,0.07933333333333334,0.007497442739604181,0.09133333333333334,0.746424674987793,1.29697585105896
fing_x_fing,16,0.01,ri_V>li_V,2,S3-SPRT,rule,xfit,300,True,0.009090919195287319,0.042666666666666665,0.008848393909080805,0.037,1.1633333333333333,1.9998889629876626,"[[5.0850410450212955, -4.095299971731472], -0.8700021896988388]",0.009094952190349122,0.04,0.009030464754280631,0.04533333333333334,0.746424674987793,1.29697585105896
fing_x_fing,16,0.01,ri_V>li_V,2,S4-Direct,rule,xfit,300,True,0.009052128487273535,0.04733333333333333,0.00883894631543848,0.03966666666666667,1.0793333333333333,1.9357645881960654,"[[18.000001907348633, 3.000000238418579], 23.0]",0.008816544362908605,0.046,0.008836557705136758,0.050666666666666665,0.746424674987793,1.29697585105896
fing_x_fing,16,0.01,parallel,2,P0-Parallel,parallel,xfit,300,True,0.00910381238190508,0.042666666666666665,0.00881027009003001,0.03666666666666667,1.0,1.0,[4.952588081359863],0.009062486101845674,0.04066666666666666,0.009034912163664666,0.04533333333333334,0.746424674987793,1.29697585105896
fing_x_fing,16,0.01,parallel,2,P1-LLR,parallel,xfit,300,True,0.009090919195287319,0.042666666666666665,0.008848393909080805,0.037,1.0,1.0,[-0.8700021896988388],0.009094952190349122,0.04,0.009030464754280631,0.04533333333333334,0.746424674987793,1.29697585105896
fing_x_fing,16,0.01,parallel,2,P2-LogReg,parallel,xfit,300,True,0.009101478270534622,0.042666666666666665,0.008800822496387684,0.03666666666666667,1.0,1.0,[-0.004124699705530865],0.009090060040026684,0.04,0.00901979097175895,0.04533333333333334,0.746424674987793,1.29697585105896
fing_x_fing,16,0.001,li_V,1,LR-P1-N2,GP,xfit,300,True,0.0006187618094920529,0.19966666666666666,0.000626319884405913,0.19566666666666666,1.0,1.0,[26.0],0.0007849677562819658,0.184,0.0006822325995107849,0.20933333333333334,0.746424674987793,1.29697585105896
fing_x_fing,16,0.001,li_V,1,HYP,GP,xfit,300,False,,,,,,,,,,,,0.746424674987793,1.29697585105896
fing_x_fing,16,0.001,ri_V,1,LR-P1-N2,GP,xfit,300,True,0.000705346226519951,0.133,0.0006760031121484939,0.126,1.0,1.0,[26.0],0.0007409384033800311,0.12133333333333333,0.0006502112519457417,0.14466666666666667,0.746424674987793,1.29697585105896
fing_x_fing,16,0.001,ri_V,1,HYP,GP,xfit,300,False,,,,,,,,,,,,0.746424674987793,1.29697585105896
fing_x_fing,16,0.001,li_V>ri_V,2,LR-P1-N2,GP,xfit,300,True,0.0007738134933866844,0.07133333333333333,0.0007718128264977215,0.06766666666666667,1.2036666666666667,1.9548034900522397,"[[26.000001907348633, 3.000000238418579], 28.0]",0.0007249277295975095,0.06933333333333333,0.0008036468756949077,0.07333333333333333,0.746424674987793,1.29697585105896
fing_x_fing,16,0.001,li_V>ri_V,2,HYP,GP,xfit,300,False,,,,,,,,,,,,0.746424674987793,1.29697585105896
fing_x_fing,16,0.001,li_V>ri_V,2,S1-Marcialis,rule,xfit,300,True,0.0007056796710014449,0.09733333333333333,0.0006760031121484939,0.09066666666666667,1.3766666666666667,1.9969070801378237,"[[45.000003814697266, 3.0], 26.0]",0.0007409384033800311,0.09133333333333334,0.000650655992884145,0.10333333333333333,0.746424674987793,1.29697585105896
fing_x_fing,16,0.001,li_V>ri_V,2,S2-Symmetric,rule,xfit,300,True,0.0007056796710014449,0.09733333333333333,0.0006760031121484939,0.09066666666666667,1.3766666666666667,1.9969070801378237,"[[45.000003814697266, 3.0], 26.0]",0.0007409384033800311,0.09133333333333334,0.000650655992884145,0.10333333333333333,0.746424674987793,1.29697585105896
fing_x_fing,16,0.001,li_V>ri_V,2,S3-SPRT,rule,xfit,300,True,0.0008566188729576525,0.06466666666666666,0.0008443925753028787,0.06233333333333333,1.2126666666666666,1.9996930087807048,"[[4.518458447989859, -3.439681484460307], 2.694493131407503]",0.0008641316433177674,0.06533333333333333,0.0008712474983322215,0.06333333333333334,0.746424674987793,1.29697585105896
fing_x_fing,16,0.001,li_V>ri_V,2,S4-Direct,rule,xfit,300,True,0.0007840391241524953,0.07466666666666667,0.0007762587529176392,0.07233333333333333,1.1926666666666668,1.835971657219073,"[[25.000001907348633, 4.000000476837158], 30.0]",0.0008774738714698688,0.06666666666666667,0.000841449855459195,0.078,0.746424674987793,1.29697585105896
fing_x_fing,16,0.001,ri_V>li_V,2,LR-P1-N2,GP,xfit,300,True,0.0007843725686339892,0.07033333333333333,0.0007770367900411248,0.06766666666666667,1.132,1.9424455929754363,"[[26.000001907348633, 3.000000238418579], 28.0]",0.0008756949077162552,0.068,0.0007694018234378475,0.07266666666666667,0.746424674987793,1.29697585105896
fing_x_fing,16,0.001,ri_V>li_V,2,HYP,GP,xfit,300,False,,,,,,,,,,,,0.746424674987793,1.29697585105896
fing_x_fing,16,0.001,ri_V>li_V,2,S1-Marcialis,rule,xfit,300,True,0.0006184283650105591,0.11433333333333333,0.0006258752917639213,0.10466666666666667,1.2726666666666666,1.9946784483716795,"[[46.000003814697266, 3.0], 26.0]",0.0007836335334667556,0.10466666666666667,0.0006813431176339782,0.12133333333333333,0.746424674987793,1.29697585105896
fing_x_fing,16,0.001,ri_V>li_V,2,S2-Symmetric,rule,xfit,300,True,0.0006096476603312215,0.11433333333333333,0.0006143158830721352,0.10466666666666667,1.2726666666666666,1.9429233077692565,"[[46.000003814697266, 4.0], 26.0]",0.000771180787191461,0.10466666666666667,0.0006715588169891038,0.12133333333333333,0.746424674987793,1.29697585105896
fing_x_fing,16,0.001,ri_V>li_V,2,S3-SPRT,rule,xfit,300,True,0.0008630654662665333,0.06466666666666666,0.0008450594642658664,0.059,1.1383333333333334,1.9996608869623207,"[[4.208936347157801, -4.095299971731472], 2.710005636728779]",0.0008619079386257504,0.06333333333333334,0.0008627974205025573,0.06533333333333333,0.746424674987793,1.29697585105896
fing_x_fing,16,0.001,ri_V>li_V,2,S4-Direct,rule,xfit,300,True,0.0007703679004112482,0.07133333333333333,0.0007659219739913304,0.06766666666666667,1.1376666666666666,1.9425843058797376,"[[27.000001907348633, 3.000000238418579], 27.0]",0.000720925061151879,0.06933333333333333,0.0008000889481876807,0.07333333333333333,0.746424674987793,1.29697585105896
fing_x_fing,16,0.001,parallel,2,P0-Parallel,parallel,xfit,300,True,0.0008571746137601423,0.06566666666666666,0.0008211626097588085,0.060333333333333336,1.0,1.0,[7.895135402679443],0.0008534578607960863,0.066,0.0008561263064265066,0.06533333333333333,0.746424674987793,1.29697585105896
fing_x_fing,16,0.001,parallel,2,P1-LLR,parallel,xfit,300,True,0.0008509503167722575,0.06566666666666666,0.0008133822385239524,0.06166666666666667,1.0,1.0,[2.367568650315405],0.0008561263064265066,0.06533333333333333,0.0008636869023793641,0.066,0.746424674987793,1.29697585105896
fing_x_fing,16,0.001,parallel,2,P2-LogReg,parallel,xfit,300,True,0.000853729020784706,0.065,0.000818272757585862,0.06,1.0,1.0,[2.3809680023493276],0.0008498999332888593,0.064,0.0008539026017344896,0.06533333333333333,0.746424674987793,1.29697585105896
fing_x_fing,16,0.0001,li_V,1,LR-P1-N2,GP,xfit,300,True,4.657107924863843e-05,0.2653333333333333,4.8905190619095256e-05,0.25866666666666666,1.0,1.0,[33.0],5.33689126084056e-05,0.242,6.137424949966645e-05,0.278,0.746424674987793,1.29697585105896
fing_x_fing,16,0.0001,li_V,1,HYP,GP,xfit,300,False,,,,,,,,,,,,0.746424674987793,1.29697585105896
fing_x_fing,16,0.0001,ri_V,1,LR-P1-N2,GP,xfit,300,True,6.613315549627654e-05,0.17933333333333334,5.4018006002000665e-05,0.175,1.0,1.0,[33.0],7.071380920613743e-05,0.166,6.537691794529686e-05,0.19266666666666668,0.746424674987793,1.29697585105896
fing_x_fing,16,0.0001,ri_V,1,HYP,GP,xfit,300,False,,,,,,,,,,,,0.746424674987793,1.29697585105896
fing_x_fing,16,0.0001,li_V>ri_V,2,LR-P1-N2,GP,xfit,300,True,6.357674780482383e-05,0.10866666666666666,6.113148827386907e-05,0.10066666666666667,1.2683333333333333,1.9552054018006002,"[[33.000003814697266, 3.000000238418579], 35.0]",5.7371581054036026e-05,0.10266666666666667,7.293751389815432e-05,0.11466666666666667,0.746424674987793,1.29697585105896
fing_x_fing,16,0.0001,li_V>ri_V,2,HYP,GP,xfit,300,False,,,,,,,,,,,,0.746424674987793,1.29697585105896
fing_x_fing,16,0.0001,li_V>ri_V,2,S1-Marcialis,rule,xfit,300,True,6.646659997777037e-05,0.12566666666666668,5.4462598643992445e-05,0.11833333333333333,1.3766666666666667,1.9969070801378237,"[[45.000003814697266, 3.0], 33.0]",7.071380920613743e-05,0.116,6.582165888370025e-05,0.13533333333333333,0.746424674987793,1.29697585105896
fing_x_fing,16,0.0001,li_V>ri_V,2,S2-Symmetric,rule,xfit,300,True,6.646659997777037e-05,0.12566666666666668,5.4462598643992445e-05,0.11833333333333333,1.3766666666666667,1.9969070801378237,"[[45.000003814697266, 3.0], 33.0]",7.071380920613743e-05,0.116,6.582165888370025e-05,0.13533333333333333,0.746424674987793,1.29697585105896
fing_x_fing,16,0.0001,li_V>ri_V,2,S3-SPRT,rule,xfit,300,True,6.179837723685674e-05,0.10433333333333333,6.635545181727242e-05,0.09566666666666666,1.2586666666666666,1.9999510948093808,"[[6.829143538918256, -3.439681484460307], 7.138491460726939]",7.471647765176785e-05,0.09066666666666667,7.738492328218812e-05,0.11066666666666666,0.746424674987793,1.29697585105896
fing_x_fing,16,0.0001,li_V>ri_V,2,S4-Direct,rule,xfit,300,True,5.9908858508391686e-05,0.11533333333333333,6.068689563187729e-05,0.10433333333333333,1.2556666666666667,1.8365490719128599,"[[32.000003814697266, 4.000000476837158], 37.0]",6.626639982210363e-05,0.09733333333333333,7.427173671336446e-05,0.12333333333333334,0.746424674987793,1.29697585105896
fing_x_fing,16,0.0001,ri_V>li_V,2,LR-P1-N2,GP,xfit,300,True,6.324330332333e-05,0.10866666666666666,6.046459931088141e-05,0.10066666666666667,1.189,1.9428976325441814,"[[34.000003814697266, 3.000000238418579], 34.0]",5.692684011563264e-05,0.10266666666666667,7.249277295975094e-05,0.11466666666666667,0.746424674987793,1.29697585105896
fing_x_fing,16,0.0001,ri_V>li_V,2,HYP,GP,xfit,300,False,,,,,,,,,,,,0.746424674987793,1.29697585105896
fing_x_fing,16,0.0001,ri_V>li_V,2,S1-Marcialis,rule,xfit,300,True,4.7126820051128154e-05,0.14266666666666666,4.8905190619095256e-05,0.12766666666666668,1.2726666666666666,1.9946784483716795,"[[46.000003814697266, 3.0], 33.0]",5.33689126084056e-05,0.12933333333333333,6.137424949966645e-05,0.152,0.746424674987793,1.29697585105896
fing_x_fing,16,0.0001,ri_V>li_V,2,S2-Symmetric,rule,xfit,300,True,4.645993108814049e-05,0.14266666666666666,4.779370901411582e-05,0.12766666666666668,1.2726666666666666,1.9429233077692565,"[[46.000003814697266, 4.0], 33.0]",5.247943073159884e-05,0.12933333333333333,6.0484767622859685e-05,0.152,0.746424674987793,1.29697585105896
fing_x_fing,16,0.0001,ri_V>li_V,2,S3-SPRT,rule,xfit,300,True,6.991219295320663e-05,0.09466666666666666,6.491052573079916e-05,0.08633333333333333,1.1896666666666667,1.9999742136267644,"[[6.32649180445849, -4.095299971731472], 6.145813252887109]",7.605070046697799e-05,0.08933333333333333,7.738492328218812e-05,0.098,0.746424674987793,1.29697585105896
fing_x_fing,16,0.0001,ri_V>li_V,2,S4-Direct,rule,xfit,300,True,7.402467489163054e-05,0.11266666666666666,6.524397021229299e-05,0.10233333333333333,1.1466666666666667,1.1600732466377681,"[[32.000003814697266, 9.000000953674316], 35.0]",7.649544140538137e-05,0.104,7.471647765176785e-05,0.12333333333333334,0.746424674987793,1.29697585105896
fing_x_fing,16,0.0001,parallel,2,P0-Parallel,parallel,xfit,300,True,7.29131932866511e-05,0.09466666666666666,7.235745248416138e-05,0.08766666666666667,1.0,1.0,[10.777627944946289],7.338225483655771e-05,0.08866666666666667,7.605070046697799e-05,0.10066666666666667,0.746424674987793,1.29697585105896
fing_x_fing,16,0.0001,parallel,2,P1-LLR,parallel,xfit,300,True,7.21351561631655e-05,0.09633333333333334,7.224630432366345e-05,0.08766666666666667,1.0,1.0,[5.582060646675969],7.338225483655771e-05,0.08866666666666667,7.694018234378474e-05,0.10266666666666667,0.746424674987793,1.29697585105896
fing_x_fing,16,0.0001,parallel,2,P2-LogReg,parallel,xfit,300,True,7.458041569412026e-05,0.09666666666666666,7.146826720017784e-05,0.08733333333333333,1.0,1.0,[4.715564631294869],7.56059595285746e-05,0.09,7.516121859017123e-05,0.10266666666666667,0.746424674987793,1.29697585105896
