feasible,frr_pred_gp,far_model_gp,frr_pred_exact,frr_emp_model,far_emp_model,far_train,frr_train,far_test,frr_test,stages_gen,stages_imp,dataset,seed,alpha,order,n_stages,method,kind,tag,time
True,0.09973604631327071,0.010000000000000031,0.09973604631327071,0.07751937984496124,0.009999095104515465,0.009999095104515429,0.07751937984496124,0.010131393852324085,0.08494208494208494,1.0,1.0,fing_x_face,1,0.01,face_C,1,LR-P1-N2,GP,sens_nb60,0.0038199424743652344
True,0.14009902940176105,0.010000000000000014,0.14009902940176105,0.10852713178294573,0.009999095104515465,0.009999095104515429,0.10852713178294573,0.010924545808266739,0.10810810810810811,1.0,1.0,fing_x_face,1,0.01,face_G,1,LR-P1-N2,GP,sens_nb60,0.003611326217651367
True,0.1707791545307007,0.010000000000000004,0.1707791545307007,0.14728682170542637,0.008053569812686678,0.008053569812686635,0.14728682170542637,0.007557391278321511,0.10424710424710425,1.0,1.0,fing_x_face,1,0.01,li_V,1,LR-P1-N2,GP,sens_nb60,0.003321409225463867
True,0.0885861081722768,0.009999999999999995,0.0885861081722768,0.08139534883720931,0.008309956866648593,0.00830995686664857,0.08139534883720931,0.0069138906348208675,0.06563706563706563,1.0,1.0,fing_x_face,1,0.01,ri_V,1,LR-P1-N2,GP,sens_nb60,0.0033178329467773438
True,0.060900247388709625,0.009999999999999986,0.054405496965654956,0.011642930112373056,0.00995639281556382,0.011959701987753748,0.04263565891472868,0.012540779982640448,0.06177606177606178,1.0888030888030888,1.6364221364221365,fing_x_face,1,0.01,face_C>face_G,2,LR-P1-N2,GP,sens_nb60,0.01170802116394043
True,0.06409749979462354,0.0100000000000017,0.0560798043391373,0.014512349017486931,0.009700994960785077,0.009938768738877326,0.011627906976744186,0.009697405046242256,0.011583011583011582,1.0888030888030888,1.6354643680225076,fing_x_face,1,0.01,face_C>li_V,2,LR-P1-N2,GP,sens_nb60,0.011069536209106445
True,0.054783109598540054,0.010000000000006302,0.05067822068195516,0.007887146205155942,0.008781013790624863,0.009260097125448678,0.007751937984496124,0.008754601777857592,0.003861003861003861,1.0926640926640927,1.6364520666846247,fing_x_face,1,0.01,face_C>ri_V,2,LR-P1-N2,GP,sens_nb60,0.011326789855957031
True,0.0836855229842329,0.010000000000001168,0.07685930491845874,0.011357490535424555,0.009949207531085361,0.012804271106687177,0.046511627906976744,0.01272036155757086,0.06563706563706563,1.1467181467181466,1.586513423722726,fing_x_face,1,0.01,face_G>face_C,2,LR-P1-N2,GP,sens_nb60,0.011321306228637695
True,0.09481854468349488,0.010000000000000174,0.08281304247029604,0.021453037678024162,0.00915936052884211,0.009094199619943897,0.011627906976744186,0.010161324114812487,0.019305019305019305,1.138996138996139,1.5850468408607943,fing_x_face,1,0.01,face_G>li_V,2,LR-P1-N2,GP,sens_nb60,0.010965108871459961
True,0.0818578368561825,0.010000000000000174,0.07576120951441706,0.011042004687218316,0.00957744241337043,0.009516484179410612,0.007751937984496124,0.009577683996288647,0.007722007722007722,1.1467181467181466,1.5864535631977492,fing_x_face,1,0.01,face_G>ri_V,2,LR-P1-N2,GP,sens_nb60,0.011344432830810547
True,0.12061245309164426,0.010000000000201337,0.10998687699193375,0.016194940207920196,0.009140851199633097,0.0092148523512201,0.011627906976744186,0.008919218221543804,0.011583011583011582,1.1158301158301158,1.854748436143785,fing_x_face,1,0.01,li_V>face_C,2,LR-P1-N2,GP,sens_nb60,0.029007911682128906
True,0.12869939756117488,0.010000000000003895,0.11375859999764253,0.023556276666065742,0.008950352453738847,0.009033873254305795,0.011627906976744186,0.009862021489928466,0.019305019305019305,1.1158301158301158,1.854748436143785,fing_x_face,1,0.01,li_V>face_G,2,LR-P1-N2,GP,sens_nb60,0.02059340476989746
True,0.11825954137912756,0.010000000000001523,0.10881326544456316,0.015458806562105644,0.00792165922591001,0.008430609597924773,0.046511627906976744,0.007273053784681692,0.04247104247104247,1.1158301158301158,1.854748436143785,fing_x_face,1,0.01,li_V>ri_V,2,LR-P1-N2,GP,sens_nb60,0.016005516052246094
True,0.04961306754174536,0.010000000000000129,0.045285637380295764,0.008262724595877652,0.009328961219424343,0.00935058667390583,0.007751937984496124,0.008739636646613392,0.0,1.0694980694980696,1.9964831941576127,fing_x_face,1,0.01,ri_V>face_C,2,LR-P1-N2,GP,sens_nb60,0.024428606033325195
True,0.05409798855230306,0.01000000000000966,0.04803661930948143,0.011567814434228711,0.009148740910386609,0.009139444394172472,0.007751937984496124,0.0088743228278112,0.003861003861003861,1.0694980694980696,1.9964831941576127,fing_x_face,1,0.01,ri_V>face_G,2,LR-P1-N2,GP,sens_nb60,0.02014923095703125
True,0.056659755051971857,0.010000000000004757,0.04938433707434946,0.015458806562105644,0.008835462962035762,0.008792567791753386,0.046511627906976744,0.007587321540809913,0.03861003861003861,1.0694980694980696,1.9952261231330999,fing_x_face,1,0.01,ri_V>li_V,2,LR-P1-N2,GP,sens_nb60,0.01928544044494629
True,0.05510182111241148,0.01000000000001283,0.0498334756401119,0.002636385615242823,0.00964455525566076,0.010572195578077398,0.003875968992248062,0.010774894495824729,0.011583011583011582,1.1544401544401544,2.041767681302565,fing_x_face,1,0.01,face_C>face_G>li_V,3,LR-P1-N2,GP,sens_nb60,0.0649724006652832
True,0.05347490289114949,0.010000000000007695,0.04921095327453136,0.0012400492106681498,0.009945142092079187,0.010979398546134589,0.003875968992248062,0.011029301726976146,0.007722007722007722,1.1544401544401544,2.0419771931399837,fing_x_face,1,0.01,face_C>face_G>ri_V,3,LR-P1-N2,GP,sens_nb60,0.027950525283813477
True,0.0587638408491879,0.010000000000013665,0.05166912534717943,0.002797796979441363,0.009632213423659153,0.010391216481163092,0.003875968992248062,0.010266080033521894,0.007722007722007722,1.0965250965250966,2.182769147885427,fing_x_face,1,0.01,face_C>li_V>face_G,3,LR-P1-N2,GP,sens_nb60,0.030819416046142578
True,0.05733157911819116,0.010000000000000368,0.05113239395688673,0.0016653553449055732,0.009704113660587732,0.010119747835791632,0.003875968992248062,0.009353207027625631,0.003861003861003861,1.0965250965250966,2.181736553829577,fing_x_face,1,0.01,face_C>li_V>ri_V,3,LR-P1-N2,GP,sens_nb60,0.03312277793884277
True,0.05052203929268235,0.010000000000009642,0.047558607282344116,0.001439717164433227,0.009457402548063123,0.010496787621029771,0.003875968992248062,0.010355870820987101,0.003861003861003861,1.0888030888030888,2.269656699889258,fing_x_face,1,0.01,face_C>ri_V>face_G,3,LR-P1-N2,GP,sens_nb60,0.03015923500061035
True,0.05078349298628207,0.01000000000001584,0.04762689758620355,0.0015709657989583029,0.009571849157873376,0.009953850330286852,0.003875968992248062,0.009398102421358235,0.003861003861003861,1.0888030888030888,2.2687887222770944,fing_x_face,1,0.01,face_C>ri_V>li_V,3,LR-P1-N2,GP,sens_nb60,0.030280590057373047
True,0.07768128159130841,0.010000000000002554,0.07245460348909144,0.002248229715622524,0.009927040632235736,0.011296111965734624,0.003875968992248062,0.011717697764209393,0.011583011583011582,1.1891891891891893,1.990557002184909,fing_x_face,1,0.01,face_G>face_C>li_V,3,LR-P1-N2,GP,sens_nb60,0.027251243591308594
True,0.07609876572036656,0.01000000000047954,0.0718594777141137,0.001106820783075704,0.00984598140486451,0.01106988809459174,0.0,0.011657837239232588,0.007722007722007722,1.1853281853281854,1.9903624554787345,fing_x_face,1,0.01,face_G>face_C>ri_V,3,LR-P1-N2,GP,sens_nb60,0.02885890007019043
True,0.08616629404425986,0.010000000000001053,0.07666289604668357,0.002519228449020794,0.009705924541632681,0.010391216481163092,0.003875968992248062,0.011208883301906558,0.011583011583011582,1.1274131274131274,2.0839244560174794,fing_x_face,1,0.01,face_G>li_V>face_C,3,LR-P1-N2,GP,sens_nb60,0.02979111671447754
True,0.08568133607792984,0.010000000000004205,0.07646372200860789,0.0023466370769123987,0.009413370957353461,0.009561728953639189,0.003875968992248062,0.01050552213342911,0.007722007722007722,1.1235521235521235,2.083400676423932,fing_x_face,1,0.01,face_G>li_V>ri_V,3,LR-P1-N2,GP,sens_nb60,0.0354619026184082
True,0.07534855590855496,0.01000000000000068,0.07145625926181277,0.0012490165086791799,0.009525091171574936,0.010481706029620246,0.003875968992248062,0.010670138577115322,0.007722007722007722,1.1274131274131274,2.167983598216156,fing_x_face,1,0.01,face_G>ri_V>face_C,3,LR-P1-N2,GP,sens_nb60,0.03531622886657715
True,0.07650213053473413,0.010000000000076725,0.07186491241552978,0.0022539944072010433,0.009135870123501906,0.00918468916840105,0.003875968992248062,0.01005656819610308,0.007722007722007722,1.1312741312741312,2.16763940019754,fing_x_face,1,0.01,face_G>ri_V>li_V,3,LR-P1-N2,GP,sens_nb60,0.034325361251831055
True,0.11226084099552171,0.010000000000385091,0.10517496409281593,0.002546945551963978,0.008993097866118007,0.010134829427201158,0.003875968992248062,0.010400766214719703,0.011583011583011582,1.1196911196911197,2.4031157403250427,fing_x_face,1,0.01,li_V>face_C>face_G,3,LR-P1-N2,GP,sens_nb60,0.036087989807128906
True,0.11085139365322323,0.010000000000009552,0.10466261347609586,0.0016312330290973683,0.009503186092710485,0.01002925828733448,0.003875968992248062,0.009218520846427823,0.007722007722007722,1.1158301158301158,2.4012450989195173,fing_x_face,1,0.01,li_V>face_C>ri_V,3,LR-P1-N2,GP,sens_nb60,0.02990579605102539
True,0.11643043488813588,0.010000000000000751,0.10691837802185171,0.002797796979441363,0.009920403553187353,0.0112810303743251,0.003875968992248062,0.011583011583011582,0.011583011583011582,1.1196911196911197,2.3547783664062734,fing_x_face,1,0.01,li_V>face_G>face_C,3,LR-P1-N2,GP,sens_nb60,0.030516624450683594
True,0.1159607749859279,0.010000000000000626,0.10673056348047436,0.0023673666749119224,0.009605398039817378,0.009833197599010647,0.003875968992248062,0.009951812277393673,0.007722007722007722,1.1196911196911197,2.354793331537518,fing_x_face,1,0.01,li_V>face_G>ri_V,3,LR-P1-N2,GP,sens_nb60,0.030522584915161133
True,0.10995224141940094,0.010000000000009562,0.10427537751744229,0.001834220047710684,0.00838910949418372,0.008656833469067655,0.003875968992248062,0.007901589296938134,0.007722007722007722,1.1467181467181466,2.7057256592140315,fing_x_face,1,0.01,li_V>ri_V>face_C,3,LR-P1-N2,GP,sens_nb60,0.03199362754821777
True,0.11094501098760529,0.01000000000000084,0.10462003659492386,0.002816837930412836,0.00849034185969012,0.008807649383162912,0.007751937984496124,0.008395438627996767,0.007722007722007722,1.1467181467181466,2.7057256592140315,fing_x_face,1,0.01,li_V>ri_V>face_G,3,LR-P1-N2,GP,sens_nb60,0.028768062591552734
True,0.04471069423683385,0.010000000000001985,0.04168481513822639,0.001721721218117762,0.008315347689006203,0.009245015534039152,0.003875968992248062,0.008904253090299602,0.003861003861003861,1.0772200772200773,2.6334291101732963,fing_x_face,1,0.01,ri_V>face_C>face_G,3,LR-P1-N2,GP,sens_nb60,0.04227638244628906
True,0.04500180027562889,0.010000000000004552,0.041769999297212417,0.0018085409670427343,0.00956552389929476,0.009637136910686815,0.003875968992248062,0.008365508365508366,0.003861003861003861,1.0772200772200773,2.630974828649247,fing_x_face,1,0.01,ri_V>face_C>li_V,3,LR-P1-N2,GP,sens_nb60,0.0418550968170166
True,0.046895816429836076,0.010000000000006391,0.04292191076902067,0.001494277932201637,0.009372967546466575,0.010542032395258348,0.003875968992248062,0.009607614258777049,0.003861003861003861,1.0733590733590734,2.581978988955733,fing_x_face,1,0.01,ri_V>face_G>face_C,3,LR-P1-N2,GP,sens_nb60,0.026897192001342773
True,0.048178796937490706,0.010000000000009472,0.04340979383860955,0.006489295841176808,0.009174128781855105,0.009154525985581998,0.007751937984496124,0.008814462302834395,0.003861003861003861,1.0733590733590734,2.576007901589297,fing_x_face,1,0.01,ri_V>face_G>li_V,3,LR-P1-N2,GP,sens_nb60,0.04350161552429199
True,0.050414178454037444,0.010000000000008327,0.04467653113659937,0.0020347614395937186,0.008630420868663809,0.008686996651886707,0.003875968992248062,0.007617251803298315,0.003861003861003861,1.1158301158301158,2.847325731046661,fing_x_face,1,0.01,ri_V>li_V>face_C,3,LR-P1-N2,GP,sens_nb60,0.03539705276489258
True,0.05145979021715953,0.01000000000000521,0.045062991302284555,0.0027977969794413635,0.008782276633223387,0.008822730974572437,0.003875968992248062,0.008275717578043159,0.003861003861003861,1.1158301158301158,2.847325731046661,fing_x_face,1,0.01,ri_V>li_V>face_G,3,LR-P1-N2,GP,sens_nb60,0.024451732635498047
True,0.05377183844006961,0.01000000000000504,0.04915347303412546,0.00039281333347098904,0.009833032434547195,0.010843664223448858,0.003875968992248062,0.010565382658405915,0.007722007722007722,1.1583011583011582,2.3927598695040557,fing_x_face,1,0.01,face_C>face_G>li_V>ri_V,4,LR-P1-N2,GP,sens_nb60,0.05099320411682129
True,0.05260406270551193,0.010000000000007484,0.048724242678026254,0.0004017409092316933,0.00973749545712087,0.01036105329834404,0.003875968992248062,0.010325940558498697,0.007722007722007722,1.1583011583011582,2.447143156445482,fing_x_face,1,0.01,face_C>face_G>ri_V>li_V,4,LR-P1-N2,GP,sens_nb60,0.052156925201416016
True,0.05676510248364917,0.010000000000005494,0.05077925402404021,0.0004482258726753605,0.009828272114398458,0.010164992610020209,0.0,0.010011672802370477,0.003861003861003861,1.0965250965250966,2.532833497949777,fing_x_face,1,0.01,face_C>li_V>face_G>ri_V,4,LR-P1-N2,GP,sens_nb60,0.05284595489501953
True,0.05617123024471456,0.01000000000000925,0.05059523147140658,0.0004515824028278833,0.00977728465883257,0.010059421470153531,0.0,0.009891951752416868,0.003861003861003861,1.0926640926640927,2.7273951692556344,fing_x_face,1,0.01,face_C>li_V>ri_V>face_G,4,LR-P1-N2,GP,sens_nb60,0.05502653121948242
True,0.049663454385336654,0.01000000000000068,0.04707601317412225,0.00030983355254057175,0.009604290318895266,0.010134829427201158,0.0,0.009832091227440064,0.003861003861003861,1.0888030888030888,2.6755858848882106,fing_x_face,1,0.01,face_C>ri_V>face_G>li_V,4,LR-P1-N2,GP,sens_nb60,0.053566694259643555
True,0.05007338206999798,0.010000000000006453,0.04721713221781043,0.00034558357783371463,0.009431745470812894,0.009953850330286852,0.003875968992248062,0.009532788602556044,0.003861003861003861,1.0888030888030888,2.8159139205650834,fing_x_face,1,0.01,face_C>ri_V>li_V>face_G,4,LR-P1-N2,GP,sens_nb60,0.059186697006225586
True,0.07640263816135448,0.01000000000000139,0.07181263137960348,0.0003376246833139079,0.009794087556549551,0.011054806503182215,0.0,0.011268743826883362,0.007722007722007722,1.1776061776061777,2.340007781868247,fing_x_face,1,0.01,face_G>face_C>li_V>ri_V,4,LR-P1-N2,GP,sens_nb60,0.06296944618225098
True,0.0752648432290507,0.010000000000029253,0.07140104090325895,0.0003688711984763729,0.009780173924764246,0.010542032395258348,0.0,0.011104127383197151,0.007722007722007722,1.1737451737451738,2.3931339977851604,fing_x_face,1,0.01,face_G>face_C>ri_V>li_V,4,LR-P1-N2,GP,sens_nb60,0.05835866928100586
True,0.08401503058619822,0.010000000000000484,0.07572054915808073,0.0004365836422162602,0.009777841991106253,0.009999095104515429,0.0,0.011104127383197151,0.007722007722007722,1.1274131274131274,2.4333453054383285,fing_x_face,1,0.01,face_G>li_V>face_C>ri_V,4,LR-P1-N2,GP,sens_nb60,0.0649864673614502
True,0.08388208708777295,0.010000000000003895,0.07568459816096847,0.00046475032881085766,0.009775348747494519,0.009908605556058275,0.0,0.01107419712070875,0.007722007722007722,1.1235521235521235,2.5812456975247673,fing_x_face,1,0.01,face_G>li_V>ri_V>face_C,4,LR-P1-N2,GP,sens_nb60,0.05813002586364746
True,0.07442519393872579,0.010000000000019793,0.07095844048057368,0.00032743773166219516,0.009747300465221473,0.010119747835791632,0.0,0.010744964233336327,0.007722007722007722,1.1158301158301158,2.5714435365598156,fing_x_face,1,0.01,face_G>ri_V>face_C>li_V,4,LR-P1-N2,GP,sens_nb60,0.05410337448120117
True,0.07535311371424219,0.010000000000004996,0.07128501296054279,0.0003588002538511796,0.009603852299483814,0.009863360781829698,0.0,0.010685103708359522,0.007722007722007722,1.1196911196911197,2.6656939331357936,fing_x_face,1,0.01,face_G>ri_V>li_V>face_C,4,LR-P1-N2,GP,sens_nb60,0.052904605865478516
True,0.1103712681209689,0.010000000000001088,0.1043582081969196,0.0003185002253389094,0.009006272704924718,0.00965221850209634,0.0,0.00945796294633504,0.007722007722007722,1.1235521235521235,2.7556942324384184,fing_x_face,1,0.01,li_V>face_C>face_G>ri_V,4,LR-P1-N2,GP,sens_nb60,0.054177045822143555
True,0.10974214433119392,0.010000000000031838,0.10415864971065825,0.00045136031933742596,0.008737907476891453,0.009275178716858203,0.0,0.009128730058962618,0.007722007722007722,1.1196911196911197,2.950405555056718,fing_x_face,1,0.01,li_V>face_C>ri_V>face_G,4,LR-P1-N2,GP,sens_nb60,0.056000709533691406
True,0.11435190018834988,0.010000000000009028,0.10601502272190515,0.0004892675336567802,0.008165339387852265,0.008807649383162912,0.0,0.008799497171590195,0.007722007722007722,1.1274131274131274,2.710035617012361,fing_x_face,1,0.01,li_V>face_G>face_C>ri_V,4,LR-P1-N2,GP,sens_nb60,0.058064937591552734
True,0.11420281665551626,0.010000000000001053,0.1059712421994605,0.00048662284428566236,0.008314857215335595,0.008883057340210538,0.0,0.008844392565322799,0.007722007722007722,1.1235521235521235,2.8578611834425787,fing_x_face,1,0.01,li_V>face_G>ri_V>face_C,4,LR-P1-N2,GP,sens_nb60,0.05748558044433594
True,0.10871528905913322,0.010000000000097518,0.10372532406918696,0.00044362531386490966,0.008733786361346916,0.00935058667390583,0.0,0.008934183352788004,0.007722007722007722,1.1467181467181466,3.252820927239532,fing_x_face,1,0.01,li_V>ri_V>face_C>face_G,4,LR-P1-N2,GP,sens_nb60,0.10746502876281738
True,0.10917819696047056,0.010000000000446145,0.10386988716587009,0.0004350940578290461,0.0090512573959009,0.009787952824782072,0.0,0.009218520846427823,0.007722007722007722,1.1505791505791505,3.2061297177576247,fing_x_face,1,0.01,li_V>ri_V>face_G>face_C,4,LR-P1-N2,GP,sens_nb60,0.11273455619812012
True,0.04378511145499206,0.010000000000001941,0.04114609859720193,0.0003785602678313895,0.008964172763999733,0.009335505082496306,0.0,0.008649845859148185,0.003861003861003861,1.0810810810810811,3.041842506958786,fing_x_face,1,0.01,ri_V>face_C>face_G>li_V,4,LR-P1-N2,GP,sens_nb60,0.05872964859008789
True,0.04423260886884656,0.010000000000034901,0.041307792113171315,0.0004222402987350114,0.009156742133545054,0.009501402588001086,0.003875968992248062,0.008515159677950376,0.003861003861003861,1.0810810810810811,3.180404657148843,fing_x_face,1,0.01,ri_V>face_C>li_V>face_G,4,LR-P1-N2,GP,sens_nb60,0.0750277042388916
True,0.04586669351459215,0.010000000000007997,0.04233812575064152,0.00042588030131031324,0.008263627980287494,0.00874732301752481,0.0,0.008081170871868546,0.003861003861003861,1.0772200772200773,2.992861632396516,fing_x_face,1,0.01,ri_V>face_G>face_C>li_V,4,LR-P1-N2,GP,sens_nb60,0.05205941200256348
True,0.04689900193043299,0.010000000000000146,0.04272578647724105,0.0004606878259366369,0.008604817582875157,0.008973546888667692,0.003875968992248062,0.008500194546706174,0.003861003861003861,1.0772200772200773,3.084732573104666,fing_x_face,1,0.01,ri_V>face_G>li_V>face_C,4,LR-P1-N2,GP,sens_nb60,0.051767826080322266
True,0.04905775464372736,0.010000000000096886,0.04403611560622838,0.0005792059306215293,0.007679495921072145,0.007902753898591379,0.003875968992248062,0.007422705097123701,0.003861003861003861,1.1196911196911197,3.397997665439526,fing_x_face,1,0.01,ri_V>li_V>face_C>face_G,4,LR-P1-N2,GP,sens_nb60,0.05578017234802246
True,0.04952614636503255,0.01000000000001141,0.044188078521424166,0.0005739829060929061,0.007606867541806377,0.008008325038458058,0.003875968992248062,0.007153332734728083,0.003861003861003861,1.1235521235521235,3.3522342940947594,fing_x_face,1,0.01,ri_V>li_V>face_G>face_C,4,LR-P1-N2,GP,sens_nb60,0.06481695175170898
True,,,,,,0.009999095104515429,0.0,0.00903893927149741,0.0,4.0,4.0,fing_x_face,1,0.01,parallel(face_C+face_G+li_V+ri_V),4,P0-Parallel,rule,sens_nb60,0.0
True,0.15701826131860197,0.0010000000000000002,0.15701826131860197,0.1511627906976744,0.0009953850330286507,0.0009953850330286851,0.1511627906976744,0.001122384843315076,0.16602316602316602,1.0,1.0,fing_x_face,1,0.001,face_C,1,LR-P1-N2,GP,sens_nb60,0.004369258880615234
True,0.2128487295013198,0.0009999999999999994,0.2128487295013198,0.1937984496124031,0.0009953850330286507,0.0009953850330286851,0.1937984496124031,0.0014815479931759002,0.21621621621621623,1.0,1.0,fing_x_face,1,0.001,face_G,1,LR-P1-N2,GP,sens_nb60,0.0040209293365478516
True,0.2251307712650621,0.001000000000000001,0.2251307712650621,0.20155038759689922,0.0009803034416191458,0.0009803034416191597,0.20155038759689922,0.0010325940558498698,0.13513513513513514,1.0,1.0,fing_x_face,1,0.001,li_V,1,LR-P1-N2,GP,sens_nb60,0.003887653350830078
True,0.1351086190452521,0.0010000000000000028,0.1351086190452521,0.12790697674418605,0.0006485084306095956,0.0006485084306095979,0.12790697674418605,0.0005986052497680404,0.08494208494208494,1.0,1.0,fing_x_face,1,0.001,ri_V,1,LR-P1-N2,GP,sens_nb60,0.0037283897399902344
True,0.08407644996059392,0.00100000000000005,0.07420879432735154,0.0355297157622739,0.0009889264653564719,0.0012366904955810937,0.12015503875968993,0.0015713387806411063,0.15057915057915058,1.193050193050193,1.6411361527640598,fing_x_face,1,0.001,face_C>face_G,2,LR-P1-N2,GP,sens_nb60,0.011643171310424805
True,0.08544174063112446,0.0010000000000000002,0.07487190574911404,0.03875968992248062,0.000861048190173188,0.0008898138931620064,0.023255813953488372,0.0010176289246056687,0.019305019305019305,1.166023166023166,1.6409416060578852,fing_x_face,1,0.001,face_C>li_V,2,LR-P1-N2,GP,sens_nb60,0.013604402542114258
True,0.06954193050527527,0.001000000000000002,0.06328116144572574,0.02131782945736434,0.0009142358994846554,0.0009953850330286851,0.015503875968992248,0.0010625243183382718,0.011583011583011582,1.193050193050193,1.6411361527640598,fing_x_face,1,0.001,face_C>ri_V,2,LR-P1-N2,GP,sens_nb60,0.0116424560546875
True,0.10622484025639506,0.001000000000000257,0.09547817463288619,0.03632594195060393,0.000980991036268679,0.0013422616354477725,0.11627906976744186,0.0016311993056179102,0.13513513513513514,1.2548262548262548,1.5911675795396725,fing_x_face,1,0.001,face_G>face_C,2,LR-P1-N2,GP,sens_nb60,0.013015031814575195
True,0.12222193186889109,0.001000000000000002,0.10639515847945857,0.05140917012198786,0.0009584678192725044,0.0009953850330286851,0.031007751937984496,0.001212175630780282,0.02702702702702703,1.247104247104247,1.5910628236209632,fing_x_face,1,0.001,face_G>li_V,2,LR-P1-N2,GP,sens_nb60,0.013551712036132812
True,0.10077997698881501,0.0010000000000000783,0.09148173911598151,0.030737335496664867,0.0008445495578550798,0.000904895484571532,0.011627906976744186,0.0010625243183382718,0.015444015444015444,1.2548262548262548,1.5911675795396725,fing_x_face,1,0.001,face_G>ri_V,2,LR-P1-N2,GP,sens_nb60,0.011312007904052734
True,0.1424802068764662,0.0010000000000004025,0.1257520914730874,0.04069767441860465,0.0008679373290234801,0.0008445691189334298,0.023255813953488372,0.001212175630780282,0.019305019305019305,1.1467181467181466,1.8572027176678338,fing_x_face,1,0.001,li_V>face_C,2,LR-P1-N2,GP,sens_nb60,0.01172327995300293
True,0.1572005406801219,0.0010000000000003663,0.13450147907748175,0.05047773571299802,0.000990834807767849,0.0010104666244382108,0.03488372093023256,0.0014067223369548952,0.03088803088803089,1.1428571428571428,1.8570680314866361,fing_x_face,1,0.001,li_V>face_G,2,LR-P1-N2,GP,sens_nb60,0.012987375259399414
True,0.13643158433458755,0.0010000000000014754,0.12202454769806359,0.029745808545159548,0.0009398804732044085,0.0010406298072572619,0.07364341085271318,0.001092454580826674,0.05019305019305019,1.1428571428571428,1.8570680314866361,fing_x_face,1,0.001,li_V>ri_V,2,LR-P1-N2,GP,sens_nb60,0.01398324966430664
True,0.06572707722386956,0.0010000000000000224,0.05891364680111242,0.023255813953488372,0.0009649898467222083,0.0009652218502096341,0.015503875968992248,0.0010176289246056687,0.007722007722007722,1.084942084942085,1.9995211158001855,fing_x_face,1,0.001,ri_V>face_C,2,LR-P1-N2,GP,sens_nb60,0.010766983032226562
True,0.07515412360233216,0.0010000000000000837,0.06594453375146545,0.0335316387236344,0.0009348403111671652,0.000935058667390583,0.015503875968992248,0.001122384843315076,0.011583011583011582,1.084942084942085,1.9995211158001855,fing_x_face,1,0.001,ri_V>face_G,2,LR-P1-N2,GP,sens_nb60,0.012304544448852539
True,0.07540212142149916,0.0010000000000000074,0.06581076596318773,0.03244997295835587,0.0008443917045019252,0.0008445691189334298,0.07751937984496124,0.0010026637933614679,0.04633204633204633,1.084942084942085,1.9995211158001855,fing_x_face,1,0.001,ri_V>li_V,2,LR-P1-N2,GP,sens_nb60,0.01202845573425293
True,0.06680911027888091,0.0010000000000000243,0.058936739387949716,0.009464575446187127,0.0009606395597237891,0.0011612825385334661,0.015503875968992248,0.001466582861931699,0.019305019305019305,1.308880308880309,2.055610427703451,fing_x_face,1,0.001,face_C>face_G>li_V,3,LR-P1-N2,GP,sens_nb60,0.024210453033447266
True,0.0627537056020654,0.0010000000000095596,0.05674111220084192,0.0060393005228051196,0.0009405689794827388,0.001131119355714415,0.003875968992248062,0.0014815479931759002,0.015444015444015444,1.308880308880309,2.0557151836221603,fing_x_face,1,0.001,face_C>face_G>ri_V,3,LR-P1-N2,GP,sens_nb60,0.025307416915893555
True,0.07293509949621181,0.001000000000000694,0.062391059667191294,0.01041103299080584,0.0009605147305429612,0.0010858745814858383,0.01937984496124031,0.001376792074466493,0.019305019305019305,1.1853281853281854,2.194905869324474,fing_x_face,1,0.001,face_C>li_V>face_G,3,LR-P1-N2,GP,sens_nb60,0.029862642288208008
True,0.06872584277489271,0.0010000000000497773,0.06029780495188714,0.006279670692867016,0.0009892653907091638,0.0010406298072572619,0.011627906976744186,0.001242105893268684,0.007722007722007722,1.1814671814671815,2.1947262877495435,fing_x_face,1,0.001,face_C>li_V>ri_V,3,LR-P1-N2,GP,sens_nb60,0.030082225799560547
True,0.05831644311449098,0.0010000000000000367,0.05353747334377801,0.007458986839733189,0.0009562423024587494,0.0011462009471239405,0.007751937984496124,0.001346861811978091,0.011583011583011582,1.2007722007722008,2.1727574750830563,fing_x_face,1,0.001,face_C>ri_V>face_G,3,LR-P1-N2,GP,sens_nb60,0.02752685546875
True,0.058242993631512835,0.0010000000002698022,0.053413111860116005,0.005994231115918514,0.0009256503432917907,0.0009501402588001085,0.011627906976744186,0.0010026637933614679,0.007722007722007722,1.196911196911197,2.2819430726407472,fing_x_face,1,0.001,face_C>ri_V>li_V,3,LR-P1-N2,GP,sens_nb60,0.028700828552246094
True,0.08845647852264127,0.0010000000000047183,0.08067494546625814,0.009013881377321075,0.0009494834418394766,0.0012065273127620426,0.015503875968992248,0.0013917572057106941,0.015444015444015444,1.4092664092664093,2.0058214360539943,fing_x_face,1,0.001,face_G>face_C>li_V,3,LR-P1-N2,GP,sens_nb60,0.02653217315673828
True,0.08450790213001147,0.0010000000000067247,0.07855539356043538,0.005659879004364395,0.0009265069199502815,0.0011763641299429915,0.003875968992248062,0.001376792074466493,0.015444015444015444,1.420849420849421,2.005956122235192,fing_x_face,1,0.001,face_G>face_C>ri_V,3,LR-P1-N2,GP,sens_nb60,0.05167651176452637
True,0.10183778436915403,0.0010000000000180062,0.08882393648789208,0.009419506039300522,0.0009632073761471151,0.001070792990076313,0.015503875968992248,0.0015264433869085032,0.023166023166023165,1.274131274131274,2.098485528718087,fing_x_face,1,0.001,face_G>li_V>face_C,3,LR-P1-N2,GP,sens_nb60,0.053041696548461914
True,0.10015719432665825,0.0010000000000041178,0.08796986392344654,0.00817817578605937,0.000943590660402885,0.0009803034416191597,0.011627906976744186,0.00133189668073389,0.011583011583011582,1.2702702702702702,2.0984555984555984,fing_x_face,1,0.001,face_G>li_V>ri_V,3,LR-P1-N2,GP,sens_nb60,0.028133869171142578
True,0.08364124244730185,0.0010000000000000109,0.07788056263347246,0.0058415541328995495,0.0009587720570163288,0.0011612825385334661,0.007751937984496124,0.001346861811978091,0.015444015444015444,1.2664092664092663,2.1820508215857055,fing_x_face,1,0.001,face_G>ri_V>face_C,3,LR-P1-N2,GP,sens_nb60,0.033614158630371094
True,0.08598248332804245,0.0010000000000009008,0.07906549247378994,0.007923830606110153,0.0009233662346248503,0.000935058667390583,0.015503875968992248,0.001287001287001287,0.011583011583011582,1.2664092664092663,2.181931100535752,fing_x_face,1,0.001,face_G>ri_V>li_V,3,LR-P1-N2,GP,sens_nb60,0.03748631477355957
True,0.12279052193248997,0.0010000000000006397,0.11225534414884006,0.009904788257637692,0.0008667909681672125,0.0010406298072572619,0.015503875968992248,0.001346861811978091,0.019305019305019305,1.16988416988417,2.411466283559307,fing_x_face,1,0.001,li_V>face_C>face_G,3,LR-P1-N2,GP,sens_nb60,0.030595779418945312
True,0.1186210534294895,0.0010000000000002782,0.1102165651966927,0.02456806738190767,0.0008067903903852861,0.0008747323017524809,0.031007751937984496,0.00118224536829188,0.02702702702702703,1.1505791505791505,2.144742749393912,fing_x_face,1,0.001,li_V>face_C>ri_V,3,LR-P1-N2,GP,sens_nb60,0.026131629943847656
True,0.12829257610946354,0.001000000000000001,0.11525582124507291,0.010065500871341867,0.00094409708156185,0.0011160377643048894,0.015503875968992248,0.0015863039118853071,0.015444015444015444,1.16988416988417,2.364790039208644,fing_x_face,1,0.001,li_V>face_G>face_C,3,LR-P1-N2,GP,sens_nb60,0.03190803527832031
True,0.12664271948624836,0.001000000000000034,0.11443339018204772,0.008426930962053656,0.0008602478993504047,0.000935058667390583,0.015503875968992248,0.001272036155757086,0.011583011583011582,1.16988416988417,2.364805004339888,fing_x_face,1,0.001,li_V>face_G>ri_V,3,LR-P1-N2,GP,sens_nb60,0.028943300247192383
True,0.11776085939587241,0.0010000000000000206,0.10966508940385748,0.0066031921717584615,0.0008888554391751605,0.0009199770759810575,0.011627906976744186,0.0010774894495824729,0.011583011583011582,1.1891891891891893,2.7138966208733653,fing_x_face,1,0.001,li_V>ri_V>face_C,3,LR-P1-N2,GP,sens_nb60,0.026153564453125
True,0.12038447461133782,0.0010000000000014667,0.11088993000293494,0.011969595968489148,0.0008329638612101489,0.000935058667390583,0.027131782945736434,0.00118224536829188,0.011583011583011582,1.1891891891891893,2.4346921672503066,fing_x_face,1,0.001,li_V>ri_V>face_G,3,LR-P1-N2,GP,sens_nb60,0.03118157386779785
True,0.05283555242810413,0.0010000000000004497,0.04790591563942525,0.007450077770930023,0.0009531468803496649,0.0011612825385334661,0.007751937984496124,0.001346861811978091,0.011583011583011582,1.0965250965250966,2.5464966627757324,fing_x_face,1,0.001,ri_V>face_C>face_G,3,LR-P1-N2,GP,sens_nb60,0.028003931045532227
True,0.05277513774602991,0.0010000000000002125,0.04779140222502495,0.006339064484888123,0.0008975719458131477,0.0008898138931620064,0.015503875968992248,0.0009278381371404627,0.007722007722007722,1.0965250965250966,2.640492652120559,fing_x_face,1,0.001,ri_V>face_C>li_V,3,LR-P1-N2,GP,sens_nb60,0.025503873825073242
True,0.05618678652427834,0.0010000000000000074,0.050234301546520484,0.00627198443742899,0.0009226690492456023,0.0011160377643048894,0.003875968992248062,0.0013169315494896891,0.011583011583011582,1.1003861003861004,2.590598904552393,fing_x_face,1,0.001,ri_V>face_G>face_C,3,LR-P1-N2,GP,sens_nb60,0.025707483291625977
True,0.05878972802743804,0.0010000000000009231,0.05160743204561592,0.008848277510156339,0.0008668749478743541,0.0008294875275239043,0.015503875968992248,0.00118224536829188,0.007722007722007722,1.1003861003861004,2.5905540091586605,fing_x_face,1,0.001,ri_V>face_G>li_V,3,LR-P1-N2,GP,sens_nb60,0.02417278289794922
True,0.061365144233050076,0.0010000000000000855,0.053153888131720985,0.0075905266202975835,0.0007570982817900682,0.0007691611618858022,0.015503875968992248,0.0008979078746520607,0.007722007722007722,1.1312741312741312,2.8564993564993566,fing_x_face,1,0.001,ri_V>li_V>face_C,3,LR-P1-N2,GP,sens_nb60,0.0262908935546875
True,0.06408076217387822,0.0010000000000001824,0.05452145477527701,0.01225049366722427,0.0008164447501646474,0.0008144059361143788,0.027131782945736434,0.001047559187094071,0.02702702702702703,1.111969111969112,2.5235401514471283,fing_x_face,1,0.001,ri_V>li_V>face_G,3,LR-P1-N2,GP,sens_nb60,0.02735280990600586
True,0.06232713891170523,0.0010000000000001167,0.05594166813003092,0.0018521546437327437,0.0009596977419049819,0.001100956172895364,0.003875968992248062,0.0015114782556643021,0.011583011583011582,1.3281853281853282,2.414459309808147,fing_x_face,1,0.001,face_C>face_G>li_V>ri_V,4,LR-P1-N2,GP,sens_nb60,0.04895472526550293
True,0.059615973043364946,0.001000000000000199,0.05460080784853355,0.0018570458971933059,0.0009728304408427029,0.001070792990076313,0.003875968992248062,0.0013917572057106941,0.011583011583011582,1.3011583011583012,2.4701146329053305,fing_x_face,1,0.001,face_C>face_G>ri_V>li_V,4,LR-P1-N2,GP,sens_nb60,0.05007815361022949
True,0.06650064875295347,0.0010000000000011237,0.058866186306979144,0.001912480103079673,0.0009586753880063729,0.0010406298072572619,0.003875968992248062,0.001301966418245488,0.007722007722007722,1.2046332046332047,2.553814611954147,fing_x_face,1,0.001,face_C>li_V>face_G>ri_V,4,LR-P1-N2,GP,sens_nb60,0.048340559005737305
True,0.06531519985964351,0.0010000000000000464,0.058285584713910085,0.00277539363025766,0.000965316939729346,0.0010406298072572619,0.007751937984496124,0.00118224536829188,0.007722007722007722,1.1891891891891893,2.3371344766693603,fing_x_face,1,0.001,face_C>li_V>ri_V>face_G,4,LR-P1-N2,GP,sens_nb60,0.0520937442779541
True,0.055038389768944485,0.001000000000000265,0.05127442028200202,0.0018562306882832118,0.0009172911168648103,0.0010104666244382108,0.003875968992248062,0.001257071024512885,0.007722007722007722,1.1853281853281854,2.696596929155069,fing_x_face,1,0.001,face_C>ri_V>face_G>li_V,4,LR-P1-N2,GP,sens_nb60,0.05729842185974121
True,0.056019719301779416,0.0010000000000000198,0.051675304109731514,0.002656358233540117,0.0009247539060076327,0.0010255482158477362,0.003875968992248062,0.001137349974559277,0.007722007722007722,1.1776061776061777,2.4561072700607585,fing_x_face,1,0.001,face_C>ri_V>li_V>face_G,4,LR-P1-N2,GP,sens_nb60,0.05286884307861328
True,0.08412842613038597,0.0010000000000005846,0.07781364348427906,0.0017175503818335617,0.0009522116451478836,0.0011462009471239405,0.003875968992248062,0.0014815479931759002,0.011583011583011582,1.4401544401544402,2.3646104576337135,fing_x_face,1,0.001,face_G>face_C>li_V>ri_V,4,LR-P1-N2,GP,sens_nb60,0.0524904727935791
True,0.08148948627709998,0.0010000000000003732,0.07651944383420604,0.0016533574197503747,0.0009540230072284209,0.001100956172895364,0.003875968992248062,0.001421687468199096,0.011583011583011582,1.4131274131274132,2.420146059680943,fing_x_face,1,0.001,face_G>face_C>ri_V>li_V,4,LR-P1-N2,GP,sens_nb60,0.05264139175415039
True,0.09515473289766238,0.001000000000000335,0.0852733218560513,0.0020427167229998596,0.0009665286369122337,0.0009953850330286851,0.003875968992248062,0.0014366525994432972,0.011583011583011582,1.2972972972972974,2.457274550297806,fing_x_face,1,0.001,face_G>li_V>face_C>ri_V,4,LR-P1-N2,GP,sens_nb60,0.05416131019592285
True,0.09497314568245142,0.0010000000000008147,0.08516410239417421,0.003071671964874582,0.00095253070911009,0.0009953850330286851,0.007751937984496124,0.0014516177306874982,0.011583011583011582,1.281853281853282,2.3511268743826883,fing_x_face,1,0.001,face_G>li_V>ri_V>face_C,4,LR-P1-N2,GP,sens_nb60,0.054077863693237305
True,0.08025068703398287,0.0010000000000036497,0.07564881064775196,0.0018900144621852321,0.0009300983999952393,0.0010255482158477362,0.003875968992248062,0.001301966418245488,0.011583011583011582,1.2625482625482625,2.5964502708688757,fing_x_face,1,0.001,face_G>ri_V>face_C>li_V,4,LR-P1-N2,GP,sens_nb60,0.05657672882080078
True,0.08240062434106772,0.001000000000000074,0.07664001352985234,0.002389366482143453,0.000917763926721555,0.0009652218502096341,0.011627906976744186,0.001242105893268684,0.011583011583011582,1.2625482625482625,2.593128011732663,fing_x_face,1,0.001,face_G>ri_V>li_V>face_C,4,LR-P1-N2,GP,sens_nb60,0.05694723129272461
True,0.11650990010100475,0.0010000000000007817,0.10887930257058254,0.0024760142517800832,0.0008678660104547816,0.0010104666244382108,0.007751937984496124,0.001287001287001287,0.011583011583011582,1.1814671814671815,2.7705845380263985,fing_x_face,1,0.001,li_V>face_C>face_G>ri_V,4,LR-P1-N2,GP,sens_nb60,0.05347800254821777
True,0.11530145207866883,0.001000000000001274,0.10831365896383052,0.0025623018128285322,0.000845467803464943,0.0010255482158477362,0.007751937984496124,0.001122384843315076,0.011583011583011582,1.1737451737451738,2.6915985753195057,fing_x_face,1,0.001,li_V>face_C>ri_V>face_G,4,LR-P1-N2,GP,sens_nb60,0.05792236328125
True,0.1216814391883029,0.0010000000000002418,0.111782520850059,0.0020196326788901207,0.0007659987097071289,0.0008747323017524809,0.007751937984496124,0.00118224536829188,0.011583011583011582,1.1853281853281854,2.7243572476130615,fing_x_face,1,0.001,li_V>face_G>face_C>ri_V,4,LR-P1-N2,GP,sens_nb60,0.05492734909057617
True,0.12148484424502674,0.0010000000000004558,0.11168583176440662,0.0025993924640701684,0.0007864015410787358,0.0009199770759810575,0.007751937984496124,0.0011523151058034779,0.011583011583011582,1.1776061776061777,2.7928975487115024,fing_x_face,1,0.001,li_V>face_G>ri_V>face_C,4,LR-P1-N2,GP,sens_nb60,0.057477474212646484
True,0.11400135709486751,0.0010000000000009541,0.10756491230460721,0.0021623890298902385,0.0008463199967201416,0.0011160377643048894,0.007751937984496124,0.0014067223369548952,0.011583011583011582,1.196911196911197,3.0044147137170394,fing_x_face,1,0.001,li_V>ri_V>face_C>face_G,4,LR-P1-N2,GP,sens_nb60,0.05434703826904297
True,0.11492915241991782,0.0010000000000004007,0.10798828954237992,0.021214491571752786,0.0007502834241771351,0.0009199770759810575,0.027131782945736434,0.0011523151058034779,0.02702702702702703,1.166023166023166,2.7984196821406124,fing_x_face,1,0.001,li_V>ri_V>face_G>face_C,4,LR-P1-N2,GP,sens_nb60,0.07059836387634277
True,0.04928172544568403,0.0010000000000002266,0.04539962929971727,0.0019240663612769505,0.0008734528907901568,0.0009501402588001085,0.007751937984496124,0.0011074197120708748,0.007722007722007722,1.1081081081081081,3.0555804974409626,fing_x_face,1,0.001,ri_V>face_C>face_G>li_V,4,LR-P1-N2,GP,sens_nb60,0.05257606506347656
True,0.050357540284133216,0.0010000000000008635,0.045855429570625036,0.002903942054539003,0.0008646270530217888,0.000904895484571532,0.007751937984496124,0.0010325940558498698,0.007722007722007722,1.1003861003861004,2.888195504474574,fing_x_face,1,0.001,ri_V>face_C>li_V>face_G,4,LR-P1-N2,GP,sens_nb60,0.04892325401306152
True,0.052410033045411905,0.0010000000000002108,0.04766492155133773,0.001961067637455353,0.0008105574152191359,0.000904895484571532,0.007751937984496124,0.001047559187094071,0.007722007722007722,1.1158301158301158,3.0057765406602615,fing_x_face,1,0.001,ri_V>face_G>face_C>li_V,4,LR-P1-N2,GP,sens_nb60,0.04942965507507324
True,0.05480202780437852,0.0010000000000000464,0.04880923255284271,0.0026089068458015935,0.0008062482889242017,0.0008445691189334298,0.011627906976744186,0.001137349974559277,0.007722007722007722,1.1081081081081081,3.0019903624554787,fing_x_face,1,0.001,ri_V>face_G>li_V>face_C,4,LR-P1-N2,GP,sens_nb60,0.056377410888671875
True,0.05733376035986485,0.0010000000000006664,0.05078597023160711,0.002217797506591736,0.0009008648836841181,0.0011612825385334661,0.003875968992248062,0.001301966418245488,0.007722007722007722,1.138996138996139,3.0656370656370657,fing_x_face,1,0.001,ri_V>li_V>face_C>face_G,4,LR-P1-N2,GP,sens_nb60,0.05266070365905762
True,0.058308342933138205,0.0010000000000000748,0.05125548108928543,0.0024081663912777214,0.0009076230929440346,0.0010557113986667873,0.003875968992248062,0.0011523151058034779,0.007722007722007722,1.138996138996139,3.2562329771632097,fing_x_face,1,0.001,ri_V>li_V>face_G>face_C,4,LR-P1-N2,GP,sens_nb60,0.05030512809753418
True,,,,,,0.0009953850330286851,0.007751937984496124,0.0007632216934542516,0.015444015444015444,4.0,4.0,fing_x_face,1,0.001,parallel(face_C+face_G+li_V+ri_V),4,P0-Parallel,rule,sens_nb60,0.0
