dataset,seed,alpha,method,order,stage,which,far,frr,g,holds
fing_x_fing,0,0.01,LR-P1-N2,li_V,1,final,0.007364788262754218,0.138,0.16554438309374425,True
fing_x_fing,0,0.01,LR-P1-N2,ri_V,1,final,0.007321440480160035,0.084,0.10797045370101267,True
fing_x_fing,0,0.01,HYP,ri_V,1,final,0.007321440480160035,0.084,1.2673796410155236,True
fing_x_fing,0,0.01,LR-P1-N2,li_V>ri_V,1,acc,0.003738690674669365,0.15066666666666667,0.1770937340621113,True
fing_x_fing,0,0.01,LR-P1-N2,li_V>ri_V,1,rej,1.0,0.0,0.10158250692922073,True
fing_x_fing,0,0.01,LR-P1-N2,li_V>ri_V,2,final,0.0052474158052684405,0.092,0.11220245083221175,True
fing_x_fing,0,0.01,LR-P1-N2,ri_V>li_V,1,acc,0.0052474158052684405,0.092,0.11220245083221175,True
fing_x_fing,0,0.01,LR-P1-N2,ri_V>li_V,1,rej,1.0,0.0,0.06126501988179546,True
fing_x_fing,0,0.01,LR-P1-N2,ri_V>li_V,2,final,0.003738690674669365,0.15066666666666667,0.1770937340621113,True
fing_x_fing,0,0.01,HYP,ri_V>li_V,1,acc,0.007321440480160035,0.084,1.2673796410155236,True
fing_x_fing,0,0.01,HYP,ri_V>li_V,1,rej,0.019838279426475536,0.06533333333333333,0.4677343436890112,True
fing_x_fing,0,0.01,HYP,ri_V>li_V,2,final,0.02880015560742466,0.102,0.5630051727354013,True
fing_x_fing,0,0.001,LR-P1-N2,li_V,1,final,0.0006623318884072527,0.19466666666666665,0.21036827355533463,True
fing_x_fing,0,0.001,LR-P1-N2,ri_V,1,final,0.0007072357452484468,0.12833333333333333,0.1414306915219438,True
fing_x_fing,0,0.001,LR-P1-N2,li_V>ri_V,1,acc,0.0003255529620984632,0.21233333333333335,0.2257721835453557,True
fing_x_fing,0,0.001,LR-P1-N2,li_V>ri_V,1,rej,1.0,0.0,0.10158250692922073,True
fing_x_fing,0,0.001,LR-P1-N2,li_V>ri_V,2,final,0.0004976103145493127,0.13433333333333333,0.14729642784801256,True
fing_x_fing,0,0.001,LR-P1-N2,ri_V>li_V,1,acc,0.0004976103145493127,0.13433333333333333,0.14729642784801256,True
fing_x_fing,0,0.001,LR-P1-N2,ri_V>li_V,1,rej,0.9953737912637546,0.0003333333333333333,0.06129771636866241,True
fing_x_fing,0,0.001,LR-P1-N2,ri_V>li_V,2,final,0.0003255529620984632,0.21233333333333335,0.2257721835453557,True
fing_x_fing,0,0.0001,LR-P1-N2,li_V,1,final,7.680337890403344e-05,0.25033333333333335,0.2606666666666669,True
fing_x_fing,0,0.0001,LR-P1-N2,ri_V,1,final,8.480604645988432e-05,0.16933333333333334,0.18075017806901889,True
fing_x_fing,0,0.0001,LR-P1-N2,li_V>ri_V,1,acc,3.656774480387259e-05,0.269,0.2806456188775341,True
fing_x_fing,0,0.0001,LR-P1-N2,li_V>ri_V,1,rej,1.0,0.0,0.10158250692922073,True
fing_x_fing,0,0.0001,LR-P1-N2,li_V>ri_V,2,final,4.468156052017669e-05,0.18566666666666667,0.19466666666666665,True
fing_x_fing,0,0.0001,LR-P1-N2,ri_V>li_V,1,acc,4.468156052017669e-05,0.18566666666666667,0.19466666666666665,True
fing_x_fing,0,0.0001,LR-P1-N2,ri_V>li_V,1,rej,1.0,0.0,0.06126501988179546,True
fing_x_fing,0,0.0001,LR-P1-N2,ri_V>li_V,2,final,3.656774480387259e-05,0.269,0.2806456188775341,True
