dataset,seed,alpha,order,method,kind,n_stages,B,boot_seed,variant,t_boot,t_cp,feasible,thr_final,cp_binds,far_train,frr_train,far_test,frr_test,stages_gen,stages_imp,thr
face_x_face,8,0.01,face_C,LR-P1-N2,GP,1,300,1008,paper,0.6109700202941895,0.6096900701522827,True,0.6109700202941895,False,0.009083166555481432,0.098,0.010370469201690016,0.09766666666666667,1.0,1.0,[0.6109700202941895]
face_x_face,8,0.01,face_C,LR-P1-N2,GP,1,300,1008,nofloor,0.6109700202941895,0.6096900701522827,True,0.6109700202941895,False,0.009083166555481432,0.098,0.010370469201690016,0.09766666666666667,1.0,1.0,[0.6109700202941895]
face_x_face,8,0.01,face_C,HYP,GP,1,300,1008,paper,0.6109700202941895,0.6096900701522827,True,0.6109700202941895,False,0.009083166555481432,0.098,0.010370469201690016,0.09766666666666667,1.0,1.0,[0.6109700202941895]
face_x_face,8,0.01,face_C,HYP,GP,1,300,1008,nofloor,0.6109700202941895,0.6096900701522827,True,0.6109700202941895,False,0.009083166555481432,0.098,0.010370469201690016,0.09766666666666667,1.0,1.0,[0.6109700202941895]
face_x_face,8,0.01,face_G,LR-P1-N2,GP,1,300,1008,paper,73.71328735351562,73.67073059082031,True,73.71328735351562,False,0.009170780520346897,0.12666666666666668,0.010181231932399377,0.123,1.0,1.0,[73.71328735351562]
face_x_face,8,0.01,face_G,LR-P1-N2,GP,1,300,1008,nofloor,73.71328735351562,73.67073059082031,True,73.71328735351562,False,0.009170780520346897,0.12666666666666668,0.010181231932399377,0.123,1.0,1.0,[73.71328735351562]
face_x_face,8,0.01,face_G,HYP,GP,1,300,1008,paper,73.71328735351562,73.67073059082031,True,73.71328735351562,False,0.009170780520346897,0.12666666666666668,0.010181231932399377,0.123,1.0,1.0,[73.71328735351562]
face_x_face,8,0.01,face_G,HYP,GP,1,300,1008,nofloor,73.71328735351562,73.67073059082031,True,73.71328735351562,False,0.009170780520346897,0.12666666666666668,0.010181231932399377,0.123,1.0,1.0,[73.71328735351562]
face_x_face,8,0.01,face_C>face_G,LR-P1-N2,GP,2,300,1008,paper,74.07337188720703,74.05909729003906,True,74.07337188720703,False,0.009184567489437403,0.07666666666666666,0.010517456081832332,0.073,1.1143333333333334,1.990641538803647,"[[0.6190500855445862, -0.9999999403953552], 74.07337188720703]"
face_x_face,8,0.01,face_C>face_G,LR-P1-N2,GP,2,300,1008,nofloor,74.07337188720703,74.05909729003906,True,74.07337188720703,False,0.009184567489437403,0.07666666666666666,0.010517456081832332,0.073,1.1143333333333334,1.990641538803647,"[[0.6190500855445862, -0.9999999403953552], 74.07337188720703]"
face_x_face,8,0.01,face_C>face_G,HYP,GP,2,300,1008,paper,73.44151306152344,72.09061431884766,True,73.44151306152344,False,0.009192350455859461,0.08,0.010728708027573938,0.08133333333333333,1.063,1.053762063597954,"[[0.6195100545883179, 0.582330048084259], 73.44151306152344]"
face_x_face,8,0.01,face_C>face_G,HYP,GP,2,300,1008,nofloor,73.44151306152344,72.09061431884766,True,73.44151306152344,False,0.009192350455859461,0.08,0.010728708027573938,0.08133333333333333,1.063,1.053762063597954,"[[0.6195100545883179, 0.582330048084259], 73.44151306152344]"
face_x_face,8,0.01,face_C>face_G,S1-Marcialis,rule,2,300,1008,paper,73.71328735351562,,True,73.71328735351562,False,0.009170780520346897,0.125,0.010181231932399377,0.119,1.5626666666666666,2.0,"[[0.7255900502204895, -1.0], 73.71328735351562]"
face_x_face,8,0.01,face_C>face_G,S2-Symmetric,rule,2,300,1008,paper,73.71328735351562,,True,73.71328735351562,False,0.009170780520346897,0.125,0.010181231932399377,0.119,1.5626666666666666,2.0,"[[0.7255900502204895, -1.0], 73.71328735351562]"
face_x_face,8,0.01,face_C>face_G,S3-SPRT,rule,2,300,1008,paper,1.374990192692766,,True,1.374990192692766,False,0.009193017567267066,0.069,0.010698910384700912,0.069,1.138,1.8249951078496776,"[[2.5122127660402387, -4.31998832867199], 1.374990192692766]"
face_x_face,8,0.01,face_C>face_G,S4-Direct,rule,2,300,1008,paper,74.11064147949219,,True,74.11064147949219,False,0.00918145430286858,0.07766666666666666,0.010532799644207249,0.074,1.105,1.5899650878363354,"[[0.617590069770813, 0.5231400728225708], 74.11064147949219]"
face_x_face,8,0.01,face_G>face_C,LR-P1-N2,GP,2,300,1008,paper,0.619379997253418,0.6189600825309753,True,0.619379997253418,False,0.00919079386257505,0.077,0.01053302201467645,0.07133333333333333,1.147,1.9884503002001335,"[[74.05909729003906, 59.0380744934082], 0.619379997253418]"
face_x_face,8,0.01,face_G>face_C,LR-P1-N2,GP,2,300,1008,nofloor,0.619379997253418,0.6189600825309753,True,0.619379997253418,False,0.00919079386257505,0.077,0.01053302201467645,0.07133333333333333,1.147,1.9884503002001335,"[[74.05909729003906, 59.0380744934082], 0.619379997253418]"
face_x_face,8,0.01,face_G>face_C,HYP,GP,2,300,1008,paper,0.6264500021934509,0.5920600891113281,True,0.6264500021934509,False,0.009209250611518791,0.09533333333333334,0.010356682232599512,0.10033333333333333,1.0613333333333332,1.0542459417389372,"[[73.78791046142578, 72.44957733154297], 0.6264500021934509]"
face_x_face,8,0.01,face_G>face_C,HYP,GP,2,300,1008,nofloor,0.6264500021934509,0.5920600891113281,True,0.6264500021934509,False,0.009209250611518791,0.09533333333333334,0.010356682232599512,0.10033333333333333,1.0613333333333332,1.0542459417389372,"[[73.78791046142578, 72.44957733154297], 0.6264500021934509]"
face_x_face,8,0.01,face_G>face_C,S1-Marcialis,rule,2,300,1008,paper,0.6109600067138672,,True,0.6109600067138672,False,0.009080498109851011,0.096,0.010374471870135646,0.09433333333333334,1.7846666666666666,1.9939706470980654,"[[78.57445526123047, 59.02872085571289], 0.6109600067138672]"
face_x_face,8,0.01,face_G>face_C,S2-Symmetric,rule,2,300,1008,paper,0.6109600067138672,,True,0.6109600067138672,False,0.009080498109851011,0.096,0.010374471870135646,0.09433333333333334,1.7846666666666666,1.9939706470980654,"[[78.57445526123047, 59.02872085571289], 0.6109600067138672]"
face_x_face,8,0.01,face_G>face_C,S3-SPRT,rule,2,300,1008,paper,1.2162782709689322,,True,1.2162782709689322,False,0.009220591505448076,0.07033333333333333,0.01069490771625528,0.07133333333333333,1.2553333333333334,1.936615299088281,"[[4.596994320013386, -3.911006302927104], 1.2162782709689322]"
face_x_face,8,0.01,face_G>face_C,S4-Direct,rule,2,300,1008,paper,0.6220399737358093,,True,0.6220399737358093,False,0.009234378474538582,0.077,0.010536802312652879,0.07533333333333334,1.1376666666666666,1.948739604180565,"[[73.96792602539062, 63.43589401245117], 0.6220399737358093]"
face_x_face,8,0.01,parallel,P0-Parallel,parallel,2,300,1008,paper,3.5822019577026367,,True,3.5822019577026367,False,0.00916299755392484,0.08,0.0105130086724483,0.084,2.0,2.0,[3.5822019577026367]
face_x_face,8,0.01,parallel,P1-LLR,parallel,2,300,1008,paper,1.2140044718163074,,True,1.2140044718163074,False,0.009215032243718035,0.07066666666666667,0.010690460306871248,0.07166666666666667,2.0,2.0,[1.2140044718163074]
face_x_face,8,0.01,parallel,P2-LogReg,parallel,2,300,1008,paper,1.0647335394177952,,True,1.0647335394177952,False,0.009088281076273071,0.07966666666666666,0.01037758505670447,0.085,2.0,2.0,[1.0647335394177952]
face_x_face,8,0.001,face_C,LR-P1-N2,GP,1,300,1008,paper,0.6424700021743774,0.6407500505447388,True,0.6424700021743774,False,0.000853680231265288,0.185,0.0010902824104958861,0.18866666666666668,1.0,1.0,[0.6424700021743774]
face_x_face,8,0.001,face_C,LR-P1-N2,GP,1,300,1008,nofloor,0.6424700021743774,0.6407500505447388,True,0.6424700021743774,False,0.000853680231265288,0.185,0.0010902824104958861,0.18866666666666668,1.0,1.0,[0.6424700021743774]
face_x_face,8,0.001,face_C,HYP,GP,1,300,1008,paper,,,False,,,,,,,,,
face_x_face,8,0.001,face_G,LR-P1-N2,GP,1,300,1008,paper,74.85899353027344,74.79924774169922,True,74.85899353027344,False,0.0008570157883033133,0.246,0.0010607071380920614,0.231,1.0,1.0,[74.85899353027344]
face_x_face,8,0.001,face_G,LR-P1-N2,GP,1,300,1008,nofloor,74.85899353027344,74.79924774169922,True,74.85899353027344,False,0.0008570157883033133,0.246,0.0010607071380920614,0.231,1.0,1.0,[74.85899353027344]
face_x_face,8,0.001,face_G,HYP,GP,1,300,1008,paper,,,False,,,,,,,,,
face_x_face,8,0.001,face_C>face_G,LR-P1-N2,GP,2,300,1008,paper,75.18724822998047,75.12828063964844,True,75.18724822998047,False,0.000885256837891928,0.16433333333333333,0.0011231932399377363,0.15533333333333332,1.2116666666666667,1.9993522348232156,"[[0.6491800546646118, -Infinity], 75.18724822998047]"
face_x_face,8,0.001,face_C>face_G,LR-P1-N2,GP,2,300,1008,nofloor,75.18724822998047,75.12828063964844,True,75.18724822998047,False,0.000885256837891928,0.16433333333333333,0.0011231932399377363,0.15533333333333332,1.2116666666666667,1.9993522348232156,"[[0.6491800546646118, -Infinity], 75.18724822998047]"
face_x_face,8,0.001,face_C>face_G,HYP,GP,2,300,1008,paper,,,False,,,,,,,,,
face_x_face,8,0.001,face_C>face_G,S1-Marcialis,rule,2,300,1008,paper,74.85899353027344,,True,74.85899353027344,False,0.0008570157883033133,0.23866666666666667,0.0010607071380920614,0.22366666666666668,1.5626666666666666,2.0,"[[0.7255900502204895, -1.0], 74.85899353027344]"
face_x_face,8,0.001,face_C>face_G,S2-Symmetric,rule,2,300,1008,paper,74.85899353027344,,True,74.85899353027344,False,0.0008570157883033133,0.23866666666666667,0.0010607071380920614,0.22366666666666668,1.5626666666666666,2.0,"[[0.7255900502204895, -1.0], 74.85899353027344]"
face_x_face,8,0.001,face_C>face_G,S3-SPRT,rule,2,300,1008,paper,5.618047075095756,,True,5.618047075095756,False,0.000885256837891928,0.13933333333333334,0.0011841227484989992,0.136,1.2366666666666666,1.8280840560373581,"[[5.0246364293900925, -4.31998832867199], 5.618047075095756]"
face_x_face,8,0.001,face_C>face_G,S4-Direct,rule,2,300,1008,paper,74.44026947021484,,True,74.44026947021484,False,0.0008812541694462975,0.15433333333333332,0.0011790082277073604,0.15633333333333332,1.1326666666666667,1.013492772959751,"[[0.6514400839805603, 0.6063200831413269], 74.44026947021484]"
face_x_face,8,0.001,face_G>face_C,LR-P1-N2,GP,2,300,1008,paper,0.650629997253418,0.6491000652313232,True,0.650629997253418,False,0.0008883700244607517,0.16466666666666666,0.001120524794307316,0.15733333333333333,1.263,1.9933257727373805,"[[75.12828063964844, 59.0380744934082], 0.650629997253418]"
face_x_face,8,0.001,face_G>face_C,LR-P1-N2,GP,2,300,1008,nofloor,0.650629997253418,0.6491000652313232,True,0.650629997253418,False,0.0008883700244607517,0.16466666666666666,0.001120524794307316,0.15733333333333333,1.263,1.9933257727373805,"[[75.12828063964844, 59.0380744934082], 0.650629997253418]"
face_x_face,8,0.001,face_G>face_C,HYP,GP,2,300,1008,paper,,,False,,,,,,,,,
face_x_face,8,0.001,face_G>face_C,S1-Marcialis,rule,2,300,1008,paper,0.6424700021743774,,True,0.6424700021743774,False,0.0008534578607960863,0.181,0.0010916166333110964,0.185,1.7846666666666666,1.9939706470980654,"[[78.57445526123047, 59.02872085571289], 0.6424700021743774]"
face_x_face,8,0.001,face_G>face_C,S2-Symmetric,rule,2,300,1008,paper,0.6424700021743774,,True,0.6424700021743774,False,0.0008534578607960863,0.181,0.0010916166333110964,0.185,1.7846666666666666,1.9939706470980654,"[[78.57445526123047, 59.02872085571289], 0.6424700021743774]"
face_x_face,8,0.001,face_G>face_C,S3-SPRT,rule,2,300,1008,paper,5.489769479881004,,True,5.489769479881004,False,0.000886591060707138,0.14433333333333334,0.0011883477874138314,0.13833333333333334,1.3553333333333333,1.9371727818545696,"[[6.3413870035369575, -3.911006302927104], 5.489769479881004]"
face_x_face,8,0.001,face_G>face_C,S4-Direct,rule,2,300,1008,paper,0.6364399790763855,,True,0.6364399790763855,False,0.0008805870580386925,0.156,0.0011629975539248388,0.16633333333333333,1.2636666666666667,1.038285523682455,"[[75.689208984375, 72.8485107421875], 0.6364399790763855]"
face_x_face,8,0.001,parallel,P0-Parallel,parallel,2,300,1008,paper,4.518324851989746,,True,4.518324851989746,False,0.0008885923949299533,0.153,0.0011896820102290416,0.15066666666666667,2.0,2.0,[4.518324851989746]
face_x_face,8,0.001,parallel,P1-LLR,parallel,2,300,1008,paper,5.45764260155493,,True,5.45764260155493,False,0.0008848120969535245,0.14533333333333334,0.001187903046475428,0.13833333333333334,2.0,2.0,[5.45764260155493]
face_x_face,8,0.001,parallel,P2-LogReg,parallel,2,300,1008,paper,2.694336668707468,,True,2.694336668707468,False,0.0008745830553702469,0.157,0.0011607738492328218,0.16,2.0,2.0,[2.694336668707468]
face_x_face,8,0.0001,face_C,LR-P1-N2,GP,1,300,1008,paper,0.6706699728965759,0.6685900688171387,True,0.6706699728965759,False,7.471647765176785e-05,0.29233333333333333,0.000104736490993996,0.29333333333333333,1.0,1.0,[0.6706699728965759]
face_x_face,8,0.0001,face_C,LR-P1-N2,GP,1,300,1008,nofloor,0.6706699728965759,0.6685900688171387,True,0.6706699728965759,False,7.471647765176785e-05,0.29233333333333333,0.000104736490993996,0.29333333333333333,1.0,1.0,[0.6706699728965759]
face_x_face,8,0.0001,face_C,HYP,GP,1,300,1008,paper,,,False,,,,,,,,,
face_x_face,8,0.0001,face_G,LR-P1-N2,GP,1,300,1008,paper,75.8184814453125,75.75777435302734,True,75.8184814453125,False,7.627307093617968e-05,0.371,0.00010718256615521459,0.3596666666666667,1.0,1.0,[75.8184814453125]
face_x_face,8,0.0001,face_G,LR-P1-N2,GP,1,300,1008,nofloor,75.8184814453125,75.75777435302734,True,75.8184814453125,False,7.627307093617968e-05,0.371,0.00010718256615521459,0.3596666666666667,1.0,1.0,[75.8184814453125]
face_x_face,8,0.0001,face_G,HYP,GP,1,300,1008,paper,,,False,,,,,,,,,
face_x_face,8,0.0001,face_C>face_G,LR-P1-N2,GP,2,300,1008,paper,76.10917663574219,75.35504913330078,True,76.10917663574219,False,7.760729375138982e-05,0.2733333333333333,0.00010518123193239937,0.2703333333333333,1.2866666666666666,1.178080498109851,"[[0.6765600442886353, 0.5602400302886963], 76.10917663574219]"
face_x_face,8,0.0001,face_C>face_G,LR-P1-N2,GP,2,300,1008,nofloor,76.10917663574219,75.35504913330078,True,76.10917663574219,False,7.760729375138982e-05,0.2733333333333333,0.00010518123193239937,0.2703333333333333,1.2866666666666666,1.178080498109851,"[[0.6765600442886353, 0.5602400302886963], 76.10917663574219]"
face_x_face,8,0.0001,face_C>face_G,HYP,GP,2,300,1008,paper,,,False,,,,,,,,,
face_x_face,8,0.0001,face_C>face_G,S1-Marcialis,rule,2,300,1008,paper,75.8184814453125,,True,75.8184814453125,False,7.627307093617968e-05,0.346,0.00010718256615521459,0.34,1.5626666666666666,2.0,"[[0.7255900502204895, -1.0], 75.8184814453125]"
face_x_face,8,0.0001,face_C>face_G,S2-Symmetric,rule,2,300,1008,paper,75.8184814453125,,True,75.8184814453125,False,7.627307093617968e-05,0.346,0.00010718256615521459,0.34,1.5626666666666666,2.0,"[[0.7255900502204895, -1.0], 75.8184814453125]"
face_x_face,8,0.0001,face_C>face_G,S3-SPRT,rule,2,300,1008,paper,9.485154575454748,,True,9.485154575454748,False,7.649544140538137e-05,0.23666666666666666,0.00012586168556815656,0.236,1.4596666666666667,1.8284571936846787,"[[9.761165784352409, -4.31998832867199], 9.485154575454748]"
face_x_face,8,0.0001,face_C>face_G,S4-Direct,rule,2,300,1008,paper,74.63446044921875,,True,74.63446044921875,False,7.827440515899489e-05,0.24566666666666667,0.0001291972426061819,0.25,1.154,1.0008427840782743,"[[0.6844400763511658, 0.6452000737190247], 74.63446044921875]"
face_x_face,8,0.0001,face_G>face_C,LR-P1-N2,GP,2,300,1008,paper,0.6789399981498718,0.6638500690460205,True,0.6789399981498718,False,7.760729375138982e-05,0.2783333333333333,0.0001136313097620636,0.26866666666666666,1.3633333333333333,1.3466755614854347,"[[76.03712463378906, 66.6302490234375], 0.6789399981498718]"
face_x_face,8,0.0001,face_G>face_C,LR-P1-N2,GP,2,300,1008,nofloor,0.6789399981498718,0.6638500690460205,True,0.6789399981498718,False,7.760729375138982e-05,0.2783333333333333,0.0001136313097620636,0.26866666666666666,1.3633333333333333,1.3466755614854347,"[[76.03712463378906, 66.6302490234375], 0.6789399981498718]"
face_x_face,8,0.0001,face_G>face_C,HYP,GP,2,300,1008,paper,,,False,,,,,,,,,
face_x_face,8,0.0001,face_G>face_C,S1-Marcialis,rule,2,300,1008,paper,0.6706699728965759,,True,0.6706699728965759,False,7.471647765176785e-05,0.2856666666666667,0.00010607071380920614,0.2876666666666667,1.7846666666666666,1.9939706470980654,"[[78.57445526123047, 59.02872085571289], 0.6706699728965759]"
face_x_face,8,0.0001,face_G>face_C,S2-Symmetric,rule,2,300,1008,paper,0.6706699728965759,,True,0.6706699728965759,False,7.471647765176785e-05,0.2856666666666667,0.00010607071380920614,0.2876666666666667,1.7846666666666666,1.9939706470980654,"[[78.57445526123047, 59.02872085571289], 0.6706699728965759]"
face_x_face,8,0.0001,face_G>face_C,S3-SPRT,rule,2,300,1008,paper,9.512791848550126,,True,9.512791848550126,False,7.627307093617968e-05,0.23633333333333334,0.0001271959083833667,0.236,1.495,1.9372732933066488,"[[9.245242155127178, -3.911006302927104], 9.512791848550126]"
face_x_face,8,0.0001,face_G>face_C,S4-Direct,rule,2,300,1008,paper,0.6558099985122681,,True,0.6558099985122681,False,7.916388703580165e-05,0.24566666666666667,0.00013497887480542583,0.24566666666666667,1.3116666666666668,1.0053971536579942,"[[76.4830093383789, 74.06343078613281], 0.6558099985122681]"
face_x_face,8,0.0001,parallel,P0-Parallel,parallel,2,300,1008,paper,5.311222076416016,,True,5.311222076416016,False,7.671781187458306e-05,0.24366666666666667,0.00011763397820769402,0.246,2.0,2.0,[5.311222076416016]
face_x_face,8,0.0001,parallel,P1-LLR,parallel,2,300,1008,paper,9.485154575454748,,True,9.485154575454748,False,7.649544140538137e-05,0.23833333333333334,0.00012586168556815656,0.23733333333333334,2.0,2.0,[9.485154575454748]
face_x_face,8,0.0001,parallel,P2-LogReg,parallel,2,300,1008,paper,4.0378558328695675,,True,4.0378558328695675,False,7.760729375138982e-05,0.24866666666666667,0.00011830108961529909,0.24966666666666668,2.0,2.0,[4.0378558328695675]
face_x_face,8,0.01,face_C,LR-P1-N2,GP,1,1000,1008,B1000,0.6109799742698669,0.6096900701522827,True,0.6109799742698669,False,0.00907627307093618,0.098,0.010363798087613965,0.09766666666666667,1.0,1.0,[0.6109799742698669]
face_x_face,8,0.01,face_C,HYP,GP,1,1000,1008,B1000,0.6109799742698669,0.6096900701522827,True,0.6109799742698669,False,0.00907627307093618,0.098,0.010363798087613965,0.09766666666666667,1.0,1.0,[0.6109799742698669]
face_x_face,8,0.01,face_G,LR-P1-N2,GP,1,1000,1008,B1000,73.71502685546875,73.67073059082031,True,73.71502685546875,False,0.009140982877473872,0.12766666666666668,0.01015254614187236,0.123,1.0,1.0,[73.71502685546875]
face_x_face,8,0.01,face_G,HYP,GP,1,1000,1008,B1000,73.71502685546875,73.67073059082031,True,73.71502685546875,False,0.009140982877473872,0.12766666666666668,0.01015254614187236,0.123,1.0,1.0,[73.71502685546875]
face_x_face,8,0.01,face_C>face_G,LR-P1-N2,GP,2,1000,1008,B1000,74.07177734375,74.05909729003906,True,74.07177734375,False,0.009198132088058706,0.07666666666666666,0.010529908828107627,0.073,1.1143333333333334,1.990641538803647,"[[0.6190500855445862, -0.9999999403953552], 74.07177734375]"
face_x_face,8,0.01,face_C>face_G,HYP,GP,2,1000,1008,B1000,73.4435806274414,72.09061431884766,True,73.4435806274414,False,0.009179452968645764,0.08,0.010714698688014232,0.08133333333333333,1.063,1.053762063597954,"[[0.6195100545883179, 0.582330048084259], 73.4435806274414]"
face_x_face,8,0.01,face_C>face_G,S1-Marcialis,rule,2,1000,1008,B1000,73.71502685546875,,True,73.71502685546875,False,0.009140982877473872,0.126,0.01015254614187236,0.119,1.5626666666666666,2.0,"[[0.7255900502204895, -1.0], 73.71502685546875]"
face_x_face,8,0.01,face_C>face_G,S2-Symmetric,rule,2,1000,1008,B1000,73.71502685546875,,True,73.71502685546875,False,0.009140982877473872,0.126,0.01015254614187236,0.119,1.5626666666666666,2.0,"[[0.7255900502204895, -1.0], 73.71502685546875]"
face_x_face,8,0.01,face_C>face_G,S3-SPRT,rule,2,1000,1008,B1000,1.3844906738226617,,True,1.3844906738226617,False,0.009150100066711141,0.069,0.010654436290860573,0.069,1.138,1.8249951078496776,"[[2.5122127660402387, -4.31998832867199], 1.3844906738226617]"
face_x_face,8,0.01,face_C>face_G,S4-Direct,rule,2,1000,1008,B1000,74.10745239257812,,True,74.10745239257812,False,0.009201690015565932,0.07733333333333334,0.010560151211919057,0.074,1.105,1.5899650878363354,"[[0.617590069770813, 0.5231400728225708], 74.10745239257812]"
face_x_face,8,0.01,face_G>face_C,LR-P1-N2,GP,2,1000,1008,B1000,0.619350016117096,0.6189600825309753,True,0.619350016117096,False,0.009202357126973537,0.077,0.010544362908605737,0.07133333333333333,1.147,1.9884503002001335,"[[74.05909729003906, 59.0380744934082], 0.619350016117096]"
face_x_face,8,0.01,face_G>face_C,HYP,GP,2,1000,1008,B1000,0.6268200278282166,0.5920600891113281,True,0.6268200278282166,False,0.00917367133644652,0.09533333333333334,0.010323326662219258,0.10033333333333333,1.0613333333333332,1.0542459417389372,"[[73.78791046142578, 72.44957733154297], 0.6268200278282166]"
face_x_face,8,0.01,face_G>face_C,S1-Marcialis,rule,2,1000,1008,B1000,0.6109700202941895,,True,0.6109700202941895,False,0.009074938848120969,0.096,0.010366911274182789,0.09433333333333334,1.7846666666666666,1.9939706470980654,"[[78.57445526123047, 59.02872085571289], 0.6109700202941895]"
face_x_face,8,0.01,face_G>face_C,S2-Symmetric,rule,2,1000,1008,B1000,0.6109700202941895,,True,0.6109700202941895,False,0.009074938848120969,0.096,0.010366911274182789,0.09433333333333334,1.7846666666666666,1.9939706470980654,"[[78.57445526123047, 59.02872085571289], 0.6109700202941895]"
face_x_face,8,0.01,face_G>face_C,S3-SPRT,rule,2,1000,1008,B1000,1.2250639498551552,,True,1.2250639498551552,False,0.009181899043806983,0.07066666666666667,0.01065265732710696,0.07166666666666667,1.2553333333333334,1.936615299088281,"[[4.596994320013386, -3.911006302927104], 1.2250639498551552]"
face_x_face,8,0.01,face_G>face_C,S4-Direct,rule,2,1000,1008,B1000,0.6221100091934204,,True,0.6221100091934204,False,0.009213920391372026,0.077,0.010515010006671113,0.07566666666666666,1.1376666666666666,1.948739604180565,"[[73.96792602539062, 63.43589401245117], 0.6221100091934204]"
face_x_face,8,0.01,parallel,P0-Parallel,parallel,2,1000,1008,B1000,3.583066463470459,,True,3.583066463470459,False,0.00914720925061152,0.08,0.010497442739604181,0.084,2.0,2.0,[3.583066463470459]
face_x_face,8,0.01,parallel,P1-LLR,parallel,2,1000,1008,B1000,1.2213538333048928,,True,1.2213538333048928,False,0.009180120080053368,0.07066666666666667,0.010655103402268178,0.072,2.0,2.0,[1.2213538333048928]
face_x_face,8,0.01,parallel,P2-LogReg,parallel,2,1000,1008,B1000,1.0610285299591737,,True,1.0610285299591737,False,0.009132088058705804,0.07966666666666666,0.010418278852568378,0.08466666666666667,2.0,2.0,[1.0610285299591737]
face_x_face,8,0.001,face_C,LR-P1-N2,GP,1,1000,1008,B1000,0.6426900029182434,0.6407500505447388,True,0.6426900029182434,False,0.0008392261507671781,0.185,0.0010713809206137424,0.18966666666666668,1.0,1.0,[0.6426900029182434]
face_x_face,8,0.001,face_C,HYP,GP,1,1000,1008,B1000,,,False,,,,,,,,,
face_x_face,8,0.001,face_G,LR-P1-N2,GP,1,1000,1008,B1000,74.85751342773438,74.79924774169922,True,74.85751342773438,False,0.0008592394929953302,0.24533333333333332,0.0010662663998221036,0.23,1.0,1.0,[74.85751342773438]
face_x_face,8,0.001,face_G,HYP,GP,1,1000,1008,B1000,,,False,,,,,,,,,
face_x_face,8,0.001,face_C>face_G,LR-P1-N2,GP,2,1000,1008,B1000,75.19991302490234,75.12828063964844,True,75.19991302490234,False,0.0008736935734934401,0.165,0.001108961529908828,0.15566666666666668,1.2116666666666667,1.9993522348232156,"[[0.6491800546646118, -Infinity], 75.19991302490234]"
face_x_face,8,0.001,face_C>face_G,HYP,GP,2,1000,1008,B1000,,,False,,,,,,,,,
face_x_face,8,0.001,face_C>face_G,S1-Marcialis,rule,2,1000,1008,B1000,74.85751342773438,,True,74.85751342773438,False,0.0008592394929953302,0.238,0.0010662663998221036,0.22266666666666668,1.5626666666666666,2.0,"[[0.7255900502204895, -1.0], 74.85751342773438]"
face_x_face,8,0.001,face_C>face_G,S2-Symmetric,rule,2,1000,1008,B1000,74.85751342773438,,True,74.85751342773438,False,0.0008592394929953302,0.238,0.0010662663998221036,0.22266666666666668,1.5626666666666666,2.0,"[[0.7255900502204895, -1.0], 74.85751342773438]"
face_x_face,8,0.001,face_C>face_G,S3-SPRT,rule,2,1000,1008,B1000,5.653272650592736,,True,5.653272650592736,False,0.0008676895708249944,0.14,0.0011652212586168557,0.137,1.2366666666666666,1.8280840560373581,"[[5.0246364293900925, -4.31998832867199], 5.653272650592736]"
face_x_face,8,0.001,face_C>face_G,S4-Direct,rule,2,1000,1008,B1000,74.44465637207031,,True,74.44465637207031,False,0.0008761396486546587,0.15433333333333332,0.00117500555926173,0.15633333333333332,1.1326666666666667,1.013492772959751,"[[0.6514400839805603, 0.6063200831413269], 74.44465637207031]"
face_x_face,8,0.001,face_G>face_C,LR-P1-N2,GP,2,1000,1008,B1000,0.6509600281715393,0.6491000652313232,True,0.6509600281715393,False,0.0008752501667778519,0.165,0.001106960195686013,0.158,1.263,1.9933257727373805,"[[75.12828063964844, 59.0380744934082], 0.6509600281715393]"
face_x_face,8,0.001,face_G>face_C,HYP,GP,2,1000,1008,B1000,,,False,,,,,,,,,
face_x_face,8,0.001,face_G>face_C,S1-Marcialis,rule,2,1000,1008,B1000,0.6426900029182434,,True,0.6426900029182434,False,0.0008390037802979765,0.181,0.0010727151434289527,0.186,1.7846666666666666,1.9939706470980654,"[[78.57445526123047, 59.02872085571289], 0.6426900029182434]"
face_x_face,8,0.001,face_G>face_C,S2-Symmetric,rule,2,1000,1008,B1000,0.6426900029182434,,True,0.6426900029182434,False,0.0008390037802979765,0.181,0.0010727151434289527,0.186,1.7846666666666666,1.9939706470980654,"[[78.57445526123047, 59.02872085571289], 0.6426900029182434]"
face_x_face,8,0.001,face_G>face_C,S3-SPRT,rule,2,1000,1008,B1000,5.510620183107421,,True,5.510620183107421,False,0.0008736935734934401,0.14433333333333334,0.0011776740048921504,0.13866666666666666,1.3553333333333333,1.9371727818545696,"[[6.3413870035369575, -3.911006302927104], 5.510620183107421]"
face_x_face,8,0.001,face_G>face_C,S4-Direct,rule,2,1000,1008,B1000,0.6368200182914734,,True,0.6368200182914734,False,0.0008581276406493218,0.15633333333333332,0.0011380920613742495,0.16666666666666666,1.2636666666666667,1.038285523682455,"[[75.689208984375, 72.8485107421875], 0.6368200182914734]"
face_x_face,8,0.001,parallel,P0-Parallel,parallel,2,1000,1008,B1000,4.526998996734619,,True,4.526998996734619,False,0.0008685790527018012,0.15433333333333332,0.0011636646653324439,0.15133333333333332,2.0,2.0,[4.526998996734619]
face_x_face,8,0.001,parallel,P1-LLR,parallel,2,1000,1008,B1000,5.490883053099076,,True,5.490883053099076,False,0.0008705803869246164,0.146,0.0011667778519012675,0.13933333333333334,2.0,2.0,[5.490883053099076]
face_x_face,8,0.001,parallel,P2-LogReg,parallel,2,1000,1008,B1000,2.7077381013211,,True,2.7077381013211,False,0.0008561263064265066,0.158,0.0011409828774738714,0.16066666666666668,2.0,2.0,[2.7077381013211]
face_x_face,8,0.0001,face_C,LR-P1-N2,GP,1,1000,1008,B1000,0.6705700159072876,0.6685900688171387,True,0.6705700159072876,False,7.582832999777629e-05,0.29133333333333333,0.00010562597287080276,0.29233333333333333,1.0,1.0,[0.6705700159072876]
face_x_face,8,0.0001,face_C,HYP,GP,1,1000,1008,B1000,,,False,,,,,,,,,
face_x_face,8,0.0001,face_G,LR-P1-N2,GP,1,1000,1008,B1000,75.8184814453125,75.75777435302734,True,75.8184814453125,False,7.627307093617968e-05,0.371,0.00010718256615521459,0.3596666666666667,1.0,1.0,[75.8184814453125]
face_x_face,8,0.0001,face_G,HYP,GP,1,1000,1008,B1000,,,False,,,,,,,,,
face_x_face,8,0.0001,face_C>face_G,LR-P1-N2,GP,2,1000,1008,B1000,76.0953369140625,75.35504913330078,True,76.0953369140625,False,7.916388703580165e-05,0.273,0.0001067378252168112,0.27,1.2866666666666666,1.178080498109851,"[[0.6765600442886353, 0.5602400302886963], 76.0953369140625]"
face_x_face,8,0.0001,face_C>face_G,HYP,GP,2,1000,1008,B1000,,,False,,,,,,,,,
face_x_face,8,0.0001,face_C>face_G,S1-Marcialis,rule,2,1000,1008,B1000,75.8184814453125,,True,75.8184814453125,False,7.627307093617968e-05,0.346,0.00010718256615521459,0.34,1.5626666666666666,2.0,"[[0.7255900502204895, -1.0], 75.8184814453125]"
face_x_face,8,0.0001,face_C>face_G,S2-Symmetric,rule,2,1000,1008,B1000,75.8184814453125,,True,75.8184814453125,False,7.627307093617968e-05,0.346,0.00010718256615521459,0.34,1.5626666666666666,2.0,"[[0.7255900502204895, -1.0], 75.8184814453125]"
face_x_face,8,0.0001,face_C>face_G,S3-SPRT,rule,2,1000,1008,B1000,9.442368637523021,,True,9.442368637523021,False,7.894151656659995e-05,0.236,0.00012875250166777852,0.23566666666666666,1.4596666666666667,1.8284571936846787,"[[9.761165784352409, -4.31998832867199], 9.442368637523021]"
face_x_face,8,0.0001,face_C>face_G,S4-Direct,rule,2,1000,1008,B1000,74.6291275024414,,True,74.6291275024414,False,7.916388703580165e-05,0.24533333333333332,0.0001291972426061819,0.24966666666666668,1.154,1.0008427840782743,"[[0.6844400763511658, 0.6452000737190247], 74.6291275024414]"
face_x_face,8,0.0001,face_G>face_C,LR-P1-N2,GP,2,1000,1008,B1000,0.6789199709892273,0.6638500690460205,True,0.6789199709892273,False,7.80520346897932e-05,0.278,0.0001136313097620636,0.26866666666666666,1.3633333333333333,1.3466755614854347,"[[76.03712463378906, 66.6302490234375], 0.6789199709892273]"
face_x_face,8,0.0001,face_G>face_C,HYP,GP,2,1000,1008,B1000,,,False,,,,,,,,,
face_x_face,8,0.0001,face_G>face_C,S1-Marcialis,rule,2,1000,1008,B1000,0.6705700159072876,,True,0.6705700159072876,False,7.582832999777629e-05,0.2846666666666667,0.00010696019568601289,0.2866666666666667,1.7846666666666666,1.9939706470980654,"[[78.57445526123047, 59.02872085571289], 0.6705700159072876]"
face_x_face,8,0.0001,face_G>face_C,S2-Symmetric,rule,2,1000,1008,B1000,0.6705700159072876,,True,0.6705700159072876,False,7.582832999777629e-05,0.2846666666666667,0.00010696019568601289,0.2866666666666667,1.7846666666666666,1.9939706470980654,"[[78.57445526123047, 59.02872085571289], 0.6705700159072876]"
face_x_face,8,0.0001,face_G>face_C,S3-SPRT,rule,2,1000,1008,B1000,9.460345965445123,,True,9.460345965445123,False,7.894151656659995e-05,0.23533333333333334,0.00013097620635979542,0.23466666666666666,1.495,1.9372732933066488,"[[9.245242155127178, -3.911006302927104], 9.460345965445123]"
face_x_face,8,0.0001,face_G>face_C,S4-Direct,rule,2,1000,1008,B1000,0.6558099985122681,,True,0.6558099985122681,False,7.916388703580165e-05,0.24566666666666667,0.00013497887480542583,0.24566666666666667,1.3116666666666668,1.0053971536579942,"[[76.4830093383789, 74.06343078613281], 0.6558099985122681]"
face_x_face,8,0.0001,parallel,P0-Parallel,parallel,2,1000,1008,B1000,5.309685707092285,,True,5.309685707092285,False,7.760729375138982e-05,0.24366666666666667,0.0001180787191460974,0.24533333333333332,2.0,2.0,[5.309685707092285]
face_x_face,8,0.0001,parallel,P1-LLR,parallel,2,1000,1008,B1000,9.442368637523021,,True,9.442368637523021,False,7.894151656659995e-05,0.23766666666666666,0.00012875250166777852,0.237,2.0,2.0,[9.442368637523021]
face_x_face,8,0.0001,parallel,P2-LogReg,parallel,2,1000,1008,B1000,4.036230815826686,,True,4.036230815826686,False,7.80520346897932e-05,0.24866666666666667,0.00011874583055370246,0.24966666666666668,2.0,2.0,[4.036230815826686]
face_x_face,8,0.01,face_C,LR-P1-N2,GP,1,300,7008,seed7000,0.6109700202941895,0.6096900701522827,True,0.6109700202941895,False,0.009083166555481432,0.098,0.010370469201690016,0.09766666666666667,1.0,1.0,[0.6109700202941895]
face_x_face,8,0.01,face_C,HYP,GP,1,300,7008,seed7000,0.6109700202941895,0.6096900701522827,True,0.6109700202941895,False,0.009083166555481432,0.098,0.010370469201690016,0.09766666666666667,1.0,1.0,[0.6109700202941895]
face_x_face,8,0.01,face_G,LR-P1-N2,GP,1,300,7008,seed7000,73.71141052246094,73.67073059082031,True,73.71141052246094,False,0.009201690015565932,0.12633333333333333,0.01021436513231043,0.12266666666666666,1.0,1.0,[73.71141052246094]
face_x_face,8,0.01,face_G,HYP,GP,1,300,7008,seed7000,73.71141052246094,73.67073059082031,True,73.71141052246094,False,0.009201690015565932,0.12633333333333333,0.01021436513231043,0.12266666666666666,1.0,1.0,[73.71141052246094]
face_x_face,8,0.01,face_C>face_G,LR-P1-N2,GP,2,300,7008,seed7000,74.06390380859375,74.05909729003906,True,74.06390380859375,False,0.009263509006004002,0.07666666666666666,0.010597954191683344,0.073,1.1143333333333334,1.990641538803647,"[[0.6190500855445862, -0.9999999403953552], 74.06390380859375]"
face_x_face,8,0.01,face_C>face_G,HYP,GP,2,300,7008,seed7000,73.42790222167969,72.09061431884766,True,73.42790222167969,False,0.00928685790527018,0.079,0.01083033133199911,0.08133333333333333,1.063,1.053762063597954,"[[0.6195100545883179, 0.582330048084259], 73.42790222167969]"
face_x_face,8,0.01,face_C>face_G,S1-Marcialis,rule,2,300,7008,seed7000,73.71141052246094,,True,73.71141052246094,False,0.009201690015565932,0.12466666666666666,0.01021436513231043,0.11866666666666667,1.5626666666666666,2.0,"[[0.7255900502204895, -1.0], 73.71141052246094]"
face_x_face,8,0.01,face_C>face_G,S2-Symmetric,rule,2,300,7008,seed7000,73.71141052246094,,True,73.71141052246094,False,0.009201690015565932,0.12466666666666666,0.01021436513231043,0.11866666666666667,1.5626666666666666,2.0,"[[0.7255900502204895, -1.0], 73.71141052246094]"
face_x_face,8,0.01,face_C>face_G,S3-SPRT,rule,2,300,7008,seed7000,1.3594140788123381,,True,1.3594140788123381,False,0.009254391816766733,0.069,0.01077229263953747,0.069,1.138,1.8249951078496776,"[[2.5122127660402387, -4.31998832867199], 1.3594140788123381]"
face_x_face,8,0.01,face_C>face_G,S4-Direct,rule,2,300,7008,seed7000,74.09451293945312,,True,74.09451293945312,False,0.009302868579052702,0.07666666666666666,0.010668223259951079,0.074,1.105,1.5899650878363354,"[[0.617590069770813, 0.5231400728225708], 74.09451293945312]"
face_x_face,8,0.01,face_G>face_C,LR-P1-N2,GP,2,300,7008,seed7000,0.6191800236701965,0.6189600825309753,True,0.6191800236701965,False,0.009265510340226818,0.07666666666666666,0.010609517456081833,0.07133333333333333,1.147,1.9884503002001335,"[[74.05909729003906, 59.0380744934082], 0.6191800236701965]"
face_x_face,8,0.01,face_G>face_C,HYP,GP,2,300,7008,seed7000,0.6258500218391418,0.5920600891113281,True,0.6258500218391418,False,0.009255503669112743,0.09466666666666666,0.010412941961307539,0.099,1.0613333333333332,1.0542459417389372,"[[73.78791046142578, 72.44957733154297], 0.6258500218391418]"
face_x_face,8,0.01,face_G>face_C,S1-Marcialis,rule,2,300,7008,seed7000,0.6109600067138672,,True,0.6109600067138672,False,0.009080498109851011,0.096,0.010374471870135646,0.09433333333333334,1.7846666666666666,1.9939706470980654,"[[78.57445526123047, 59.02872085571289], 0.6109600067138672]"
face_x_face,8,0.01,face_G>face_C,S2-Symmetric,rule,2,300,7008,seed7000,0.6109600067138672,,True,0.6109600067138672,False,0.009080498109851011,0.096,0.010374471870135646,0.09433333333333334,1.7846666666666666,1.9939706470980654,"[[78.57445526123047, 59.02872085571289], 0.6109600067138672]"
face_x_face,8,0.01,face_G>face_C,S3-SPRT,rule,2,300,7008,seed7000,1.2118815024508969,,True,1.2118815024508969,False,0.009245496997998665,0.07033333333333333,0.010716255281298643,0.07133333333333333,1.2553333333333334,1.936615299088281,"[[4.596994320013386, -3.911006302927104], 1.2118815024508969]"
face_x_face,8,0.01,face_G>face_C,S4-Direct,rule,2,300,7008,seed7000,0.6218799948692322,,True,0.6218799948692322,False,0.009277963086502113,0.07666666666666666,0.010582610629308428,0.07533333333333334,1.1376666666666666,1.948739604180565,"[[73.96792602539062, 63.43589401245117], 0.6218799948692322]"
face_x_face,8,0.01,parallel,P0-Parallel,parallel,2,300,7008,seed7000,3.578073024749756,,True,3.578073024749756,False,0.009246386479875473,0.08,0.010598176562152546,0.084,2.0,2.0,[3.578073024749756]
face_x_face,8,0.01,parallel,P1-LLR,parallel,2,300,7008,seed7000,1.2089786347927451,,True,1.2089786347927451,False,0.00924482988659106,0.07066666666666667,0.010714921058483434,0.07166666666666667,2.0,2.0,[1.2089786347927451]
face_x_face,8,0.01,parallel,P2-LogReg,parallel,2,300,7008,seed7000,1.0503090535322483,,True,1.0503090535322483,False,0.009245052257060262,0.07933333333333334,0.010548587947520569,0.084,2.0,2.0,[1.0503090535322483]
face_x_face,8,0.001,face_C,LR-P1-N2,GP,1,300,7008,seed7000,0.6425600051879883,0.6407500505447388,True,0.6425600051879883,False,0.000847898599066044,0.185,0.0010829441850122303,0.189,1.0,1.0,[0.6425600051879883]
face_x_face,8,0.001,face_C,HYP,GP,1,300,7008,seed7000,,,False,,,,,,,,,
face_x_face,8,0.001,face_G,LR-P1-N2,GP,1,300,7008,seed7000,74.8526611328125,74.79924774169922,True,74.8526611328125,False,0.0008694685345786079,0.24433333333333335,0.0010778296642205915,0.22933333333333333,1.0,1.0,[74.8526611328125]
face_x_face,8,0.001,face_G,HYP,GP,1,300,7008,seed7000,,,False,,,,,,,,,
face_x_face,8,0.001,face_C>face_G,LR-P1-N2,GP,2,300,7008,seed7000,75.18521118164062,75.12828063964844,True,75.18521118164062,False,0.0008879252835223482,0.164,0.0011267511674449633,0.155,1.2116666666666667,1.9993522348232156,"[[0.6491800546646118, -Infinity], 75.18521118164062]"
face_x_face,8,0.001,face_C>face_G,HYP,GP,2,300,7008,seed7000,,,False,,,,,,,,,
face_x_face,8,0.001,face_C>face_G,S1-Marcialis,rule,2,300,7008,seed7000,74.8526611328125,,True,74.8526611328125,False,0.0008694685345786079,0.23733333333333334,0.0010778296642205915,0.22233333333333333,1.5626666666666666,2.0,"[[0.7255900502204895, -1.0], 74.8526611328125]"
face_x_face,8,0.001,face_C>face_G,S2-Symmetric,rule,2,300,7008,seed7000,74.8526611328125,,True,74.8526611328125,False,0.0008694685345786079,0.23733333333333334,0.0010778296642205915,0.22233333333333333,1.5626666666666666,2.0,"[[0.7255900502204895, -1.0], 74.8526611328125]"
face_x_face,8,0.001,face_C>face_G,S3-SPRT,rule,2,300,7008,seed7000,5.617965452661126,,True,5.617965452661126,False,0.0008854792083611297,0.13933333333333334,0.0011841227484989992,0.136,1.2366666666666666,1.8280840560373581,"[[5.0246364293900925, -4.31998832867199], 5.617965452661126]"
face_x_face,8,0.001,face_C>face_G,S4-Direct,rule,2,300,7008,seed7000,74.42138671875,,True,74.42138671875,False,0.0008965977318212142,0.15333333333333332,0.0011999110518123193,0.15566666666666668,1.1326666666666667,1.013492772959751,"[[0.6514400839805603, 0.6063200831413269], 74.42138671875]"
face_x_face,8,0.001,face_G>face_C,LR-P1-N2,GP,2,300,7008,seed7000,0.6505799889564514,0.6491000652313232,True,0.6505799889564514,False,0.0008912608405603735,0.16466666666666666,0.001121859017122526,0.157,1.263,1.9933257727373805,"[[75.12828063964844, 59.0380744934082], 0.6505799889564514]"
face_x_face,8,0.001,face_G>face_C,HYP,GP,2,300,7008,seed7000,,,False,,,,,,,,,
face_x_face,8,0.001,face_G>face_C,S1-Marcialis,rule,2,300,7008,seed7000,0.6425600051879883,,True,0.6425600051879883,False,0.0008476762285968423,0.181,0.0010842784078274406,0.18533333333333332,1.7846666666666666,1.9939706470980654,"[[78.57445526123047, 59.02872085571289], 0.6425600051879883]"
face_x_face,8,0.001,face_G>face_C,S2-Symmetric,rule,2,300,7008,seed7000,0.6425600051879883,,True,0.6425600051879883,False,0.0008476762285968423,0.181,0.0010842784078274406,0.18533333333333332,1.7846666666666666,1.9939706470980654,"[[78.57445526123047, 59.02872085571289], 0.6425600051879883]"
face_x_face,8,0.001,face_G>face_C,S3-SPRT,rule,2,300,7008,seed7000,5.46613698102186,,True,5.46613698102186,False,0.0008963753613520125,0.14433333333333334,0.0012023571269735378,0.13833333333333334,1.3553333333333333,1.9371727818545696,"[[6.3413870035369575, -3.911006302927104], 5.46613698102186]"
face_x_face,8,0.001,face_G>face_C,S4-Direct,rule,2,300,7008,seed7000,0.6365600228309631,,True,0.6365600228309631,False,0.0008736935734934401,0.156,0.001155659328441183,0.16633333333333333,1.2636666666666667,1.038285523682455,"[[75.689208984375, 72.8485107421875], 0.6365600228309631]"
face_x_face,8,0.001,parallel,P0-Parallel,parallel,2,300,7008,seed7000,4.521430015563965,,True,4.521430015563965,False,0.0008799199466310874,0.15333333333333332,0.0011823437847453858,0.15066666666666667,2.0,2.0,[4.521430015563965]
face_x_face,8,0.001,parallel,P1-LLR,parallel,2,300,7008,seed7000,5.4368987262558806,,True,5.4368987262558806,False,0.0008939292861907938,0.14433333333333334,0.001200800533689126,0.13766666666666666,2.0,2.0,[5.4368987262558806]
face_x_face,8,0.001,parallel,P2-LogReg,parallel,2,300,7008,seed7000,2.7031775988638174,,True,2.7031775988638174,False,0.0008619079386257504,0.158,0.0011478763620191238,0.16066666666666668,2.0,2.0,[2.7031775988638174]
face_x_face,8,0.0001,face_C,LR-P1-N2,GP,1,300,7008,seed7000,0.67044997215271,0.6685900688171387,True,0.67044997215271,False,7.716255281298643e-05,0.291,0.00010651545474760952,0.292,1.0,1.0,[0.67044997215271]
face_x_face,8,0.0001,face_C,HYP,GP,1,300,7008,seed7000,,,False,,,,,,,,,
face_x_face,8,0.0001,face_G,LR-P1-N2,GP,1,300,7008,seed7000,75.796142578125,75.75777435302734,True,75.796142578125,False,8.094285078941517e-05,0.36833333333333335,0.00011251945741605514,0.3566666666666667,1.0,1.0,[75.796142578125]
face_x_face,8,0.0001,face_G,HYP,GP,1,300,7008,seed7000,,,False,,,,,,,,,
face_x_face,8,0.0001,face_C>face_G,LR-P1-N2,GP,2,300,7008,seed7000,76.07102966308594,75.35504913330078,True,76.07102966308594,False,8.160996219702023e-05,0.27266666666666667,0.00011007338225483656,0.26866666666666666,1.2866666666666666,1.178080498109851,"[[0.6765600442886353, 0.5602400302886963], 76.07102966308594]"
face_x_face,8,0.0001,face_C>face_G,HYP,GP,2,300,7008,seed7000,,,False,,,,,,,,,
face_x_face,8,0.0001,face_C>face_G,S1-Marcialis,rule,2,300,7008,seed7000,75.796142578125,,True,75.796142578125,False,8.094285078941517e-05,0.344,0.00011251945741605514,0.337,1.5626666666666666,2.0,"[[0.7255900502204895, -1.0], 75.796142578125]"
face_x_face,8,0.0001,face_C>face_G,S2-Symmetric,rule,2,300,7008,seed7000,75.796142578125,,True,75.796142578125,False,8.094285078941517e-05,0.344,0.00011251945741605514,0.337,1.5626666666666666,2.0,"[[0.7255900502204895, -1.0], 75.796142578125]"
face_x_face,8,0.0001,face_C>face_G,S3-SPRT,rule,2,300,7008,seed7000,9.38428486548251,,True,9.38428486548251,False,8.227707360462531e-05,0.23366666666666666,0.00013208805870580388,0.23266666666666666,1.4596666666666667,1.8284571936846787,"[[9.761165784352409, -4.31998832867199], 9.38428486548251]"
face_x_face,8,0.0001,face_C>face_G,S4-Direct,rule,2,300,7008,seed7000,74.622802734375,,True,74.622802734375,False,7.983099844340671e-05,0.245,0.00013008672448298867,0.24933333333333332,1.154,1.0008427840782743,"[[0.6844400763511658, 0.6452000737190247], 74.622802734375]"
face_x_face,8,0.0001,face_G>face_C,LR-P1-N2,GP,2,300,7008,seed7000,0.6778500080108643,0.6638500690460205,True,0.6778500080108643,False,8.316655548143206e-05,0.27466666666666667,0.00011830108961529909,0.2663333333333333,1.3633333333333333,1.3466755614854347,"[[76.03712463378906, 66.6302490234375], 0.6778500080108643]"
face_x_face,8,0.0001,face_G>face_C,HYP,GP,2,300,7008,seed7000,,,False,,,,,,,,,
face_x_face,8,0.0001,face_G>face_C,S1-Marcialis,rule,2,300,7008,seed7000,0.67044997215271,,True,0.67044997215271,False,7.716255281298643e-05,0.2843333333333333,0.00010784967756281966,0.28633333333333333,1.7846666666666666,1.9939706470980654,"[[78.57445526123047, 59.02872085571289], 0.67044997215271]"
face_x_face,8,0.0001,face_G>face_C,S2-Symmetric,rule,2,300,7008,seed7000,0.67044997215271,,True,0.67044997215271,False,7.716255281298643e-05,0.2843333333333333,0.00010784967756281966,0.28633333333333333,1.7846666666666666,1.9939706470980654,"[[78.57445526123047, 59.02872085571289], 0.67044997215271]"
face_x_face,8,0.0001,face_G>face_C,S3-SPRT,rule,2,300,7008,seed7000,9.396477550040967,,True,9.396477550040967,False,8.227707360462531e-05,0.23333333333333334,0.00013408939292861908,0.23166666666666666,1.495,1.9372732933066488,"[[9.245242155127178, -3.911006302927104], 9.396477550040967]"
face_x_face,8,0.0001,face_G>face_C,S4-Direct,rule,2,300,7008,seed7000,0.6555699706077576,,True,0.6555699706077576,False,8.094285078941517e-05,0.24533333333333332,0.0001358683566822326,0.24566666666666667,1.3116666666666668,1.0053971536579942,"[[76.4830093383789, 74.06343078613281], 0.6555699706077576]"
face_x_face,8,0.0001,parallel,P0-Parallel,parallel,2,300,7008,seed7000,5.303897380828857,,True,5.303897380828857,False,7.916388703580165e-05,0.24333333333333335,0.00012052479430731599,0.24533333333333332,2.0,2.0,[5.303897380828857]
face_x_face,8,0.0001,parallel,P1-LLR,parallel,2,300,7008,seed7000,9.38428486548251,,True,9.38428486548251,False,8.227707360462531e-05,0.23533333333333334,0.00013208805870580388,0.234,2.0,2.0,[9.38428486548251]
face_x_face,8,0.0001,parallel,P2-LogReg,parallel,2,300,7008,seed7000,4.036230815826686,,True,4.036230815826686,False,7.80520346897932e-05,0.24866666666666667,0.00011874583055370246,0.24966666666666668,2.0,2.0,[4.036230815826686]
face_x_face,8,0.01,face_C,LR-P1-N2,GP,1,300,8008,seed8000,0.6108999848365784,0.6096900701522827,True,0.6108999848365784,False,0.009125416944629754,0.098,0.010425839448521237,0.09766666666666667,1.0,1.0,[0.6108999848365784]
face_x_face,8,0.01,face_C,HYP,GP,1,300,8008,seed8000,0.6108999848365784,0.6096900701522827,True,0.6108999848365784,False,0.009125416944629754,0.098,0.010425839448521237,0.09766666666666667,1.0,1.0,[0.6108999848365784]
face_x_face,8,0.01,face_G,LR-P1-N2,GP,1,300,8008,seed8000,73.72049713134766,73.67073059082031,True,73.72049713134766,False,0.00904869913275517,0.128,0.01006181899043807,0.12333333333333334,1.0,1.0,[73.72049713134766]
face_x_face,8,0.01,face_G,HYP,GP,1,300,8008,seed8000,73.72049713134766,73.67073059082031,True,73.72049713134766,False,0.00904869913275517,0.128,0.01006181899043807,0.12333333333333334,1.0,1.0,[73.72049713134766]
face_x_face,8,0.01,face_C>face_G,LR-P1-N2,GP,2,300,8008,seed8000,74.08226776123047,74.05909729003906,True,74.08226776123047,False,0.00911051812319324,0.07666666666666666,0.010440071158550144,0.073,1.1143333333333334,1.990641538803647,"[[0.6190500855445862, -0.9999999403953552], 74.08226776123047]"
face_x_face,8,0.01,face_C>face_G,HYP,GP,2,300,8008,seed8000,73.45451354980469,72.09061431884766,True,73.45451354980469,False,0.009109628641316434,0.08,0.010635312430509228,0.08166666666666667,1.063,1.053762063597954,"[[0.6195100545883179, 0.582330048084259], 73.45451354980469]"
face_x_face,8,0.01,face_C>face_G,S1-Marcialis,rule,2,300,8008,seed8000,73.72049713134766,,True,73.72049713134766,False,0.00904869913275517,0.12633333333333333,0.01006181899043807,0.11933333333333333,1.5626666666666666,2.0,"[[0.7255900502204895, -1.0], 73.72049713134766]"
face_x_face,8,0.01,face_C>face_G,S2-Symmetric,rule,2,300,8008,seed8000,73.72049713134766,,True,73.72049713134766,False,0.00904869913275517,0.12633333333333333,0.01006181899043807,0.11933333333333333,1.5626666666666666,2.0,"[[0.7255900502204895, -1.0], 73.72049713134766]"
face_x_face,8,0.01,face_C>face_G,S3-SPRT,rule,2,300,8008,seed8000,1.3930264457262556,,True,1.3930264457262556,False,0.00911185234600845,0.069,0.010617967533911497,0.069,1.138,1.8249951078496776,"[[2.5122127660402387, -4.31998832867199], 1.3930264457262556]"
face_x_face,8,0.01,face_C>face_G,S4-Direct,rule,2,300,8008,seed8000,74.12106323242188,,True,74.12106323242188,False,0.009114965532577273,0.07766666666666666,0.010448521236379809,0.07433333333333333,1.105,1.5899650878363354,"[[0.617590069770813, 0.5231400728225708], 74.12106323242188]"
face_x_face,8,0.01,face_G>face_C,LR-P1-N2,GP,2,300,8008,seed8000,0.619629979133606,0.6189600825309753,True,0.619629979133606,False,0.009104736490993996,0.077,0.010440293529019345,0.072,1.147,1.9884503002001335,"[[74.05909729003906, 59.0380744934082], 0.619629979133606]"
face_x_face,8,0.01,face_G>face_C,HYP,GP,2,300,8008,seed8000,0.6275200247764587,0.5920600891113281,True,0.6275200247764587,False,0.009116966866800089,0.096,0.010264176117411608,0.10066666666666667,1.0613333333333332,1.0542459417389372,"[[73.78791046142578, 72.44957733154297], 0.6275200247764587]"
face_x_face,8,0.01,face_G>face_C,S1-Marcialis,rule,2,300,8008,seed8000,0.6108899712562561,,True,0.6108899712562561,False,0.009123415610406938,0.096,0.01042895263509006,0.09433333333333334,1.7846666666666666,1.9939706470980654,"[[78.57445526123047, 59.02872085571289], 0.6108899712562561]"
face_x_face,8,0.01,face_G>face_C,S2-Symmetric,rule,2,300,8008,seed8000,0.6108899712562561,,True,0.6108899712562561,False,0.009123415610406938,0.096,0.01042895263509006,0.09433333333333334,1.7846666666666666,1.9939706470980654,"[[78.57445526123047, 59.02872085571289], 0.6108899712562561]"
face_x_face,8,0.01,face_G>face_C,S3-SPRT,rule,2,300,8008,seed8000,1.2377454560680383,,True,1.2377454560680383,False,0.009125861685568157,0.07066666666666667,0.010585279074938848,0.07166666666666667,1.2553333333333334,1.936615299088281,"[[4.596994320013386, -3.911006302927104], 1.2377454560680383]"
face_x_face,8,0.01,face_G>face_C,S4-Direct,rule,2,300,8008,seed8000,0.6225100159645081,,True,0.6225100159645081,False,0.009106960195686013,0.07733333333333334,0.010386257505003335,0.076,1.1376666666666666,1.948739604180565,"[[73.96792602539062, 63.43589401245117], 0.6225100159645081]"
face_x_face,8,0.01,parallel,P0-Parallel,parallel,2,300,8008,seed8000,3.5844030380249023,,True,3.5844030380249023,False,0.00912230375806093,0.08,0.010468979319546365,0.084,2.0,2.0,[3.5844030380249023]
face_x_face,8,0.01,parallel,P1-LLR,parallel,2,300,8008,seed8000,1.2311747234882167,,True,1.2311747234882167,False,0.009133199911051812,0.071,0.010603068712474984,0.072,2.0,2.0,[1.2311747234882167]
face_x_face,8,0.01,parallel,P2-LogReg,parallel,2,300,8008,seed8000,1.0615706895004724,,True,1.0615706895004724,False,0.00912630642650656,0.07966666666666666,0.010412052479430731,0.08466666666666667,2.0,2.0,[1.0615706895004724]
face_x_face,8,0.001,face_C,LR-P1-N2,GP,1,300,8008,seed8000,0.6424800157546997,0.6407500505447388,True,0.6424800157546997,False,0.0008527907493884813,0.185,0.0010898376695574828,0.18866666666666668,1.0,1.0,[0.6424800157546997]
face_x_face,8,0.001,face_C,HYP,GP,1,300,8008,seed8000,,,False,,,,,,,,,
face_x_face,8,0.001,face_G,LR-P1-N2,GP,1,300,8008,seed8000,74.86151123046875,74.79924774169922,True,74.86151123046875,False,0.000850789415165666,0.24633333333333332,0.0010535912830776074,0.23166666666666666,1.0,1.0,[74.86151123046875]
face_x_face,8,0.001,face_G,HYP,GP,1,300,8008,seed8000,,,False,,,,,,,,,
face_x_face,8,0.001,face_C>face_G,LR-P1-N2,GP,2,300,8008,seed8000,75.196533203125,75.12828063964844,True,75.196533203125,False,0.0008754725372470536,0.16466666666666666,0.0011131865688236602,0.15566666666666668,1.2116666666666667,1.9993522348232156,"[[0.6491800546646118, -Infinity], 75.196533203125]"
face_x_face,8,0.001,face_C>face_G,HYP,GP,2,300,8008,seed8000,,,False,,,,,,,,,
face_x_face,8,0.001,face_C>face_G,S1-Marcialis,rule,2,300,8008,seed8000,74.86151123046875,,True,74.86151123046875,False,0.000850789415165666,0.239,0.0010535912830776074,0.22433333333333333,1.5626666666666666,2.0,"[[0.7255900502204895, -1.0], 74.86151123046875]"
face_x_face,8,0.001,face_C>face_G,S2-Symmetric,rule,2,300,8008,seed8000,74.86151123046875,,True,74.86151123046875,False,0.000850789415165666,0.239,0.0010535912830776074,0.22433333333333333,1.5626666666666666,2.0,"[[0.7255900502204895, -1.0], 74.86151123046875]"
face_x_face,8,0.001,face_C>face_G,S3-SPRT,rule,2,300,8008,seed8000,5.647427920841928,,True,5.647427920841928,False,0.000870135645986213,0.13966666666666666,0.001169223927062486,0.137,1.2366666666666666,1.8280840560373581,"[[5.0246364293900925, -4.31998832867199], 5.647427920841928]"
face_x_face,8,0.001,face_C>face_G,S4-Direct,rule,2,300,8008,seed8000,74.44822692871094,,True,74.44822692871094,False,0.0008728040916166334,0.15433333333333332,0.001170780520346898,0.15633333333333332,1.1326666666666667,1.013492772959751,"[[0.6514400839805603, 0.6063200831413269], 74.44822692871094]"
face_x_face,8,0.001,face_G>face_C,LR-P1-N2,GP,2,300,8008,seed8000,0.651199996471405,0.6491000652313232,True,0.651199996471405,False,0.0008661329775405826,0.165,0.0010942850789415165,0.15833333333333333,1.263,1.9933257727373805,"[[75.12828063964844, 59.0380744934082], 0.651199996471405]"
face_x_face,8,0.001,face_G>face_C,HYP,GP,2,300,8008,seed8000,,,False,,,,,,,,,
face_x_face,8,0.001,face_G>face_C,S1-Marcialis,rule,2,300,8008,seed8000,0.6424800157546997,,True,0.6424800157546997,False,0.0008525683789192795,0.181,0.0010911718923726928,0.185,1.7846666666666666,1.9939706470980654,"[[78.57445526123047, 59.02872085571289], 0.6424800157546997]"
face_x_face,8,0.001,face_G>face_C,S2-Symmetric,rule,2,300,8008,seed8000,0.6424800157546997,,True,0.6424800157546997,False,0.0008525683789192795,0.181,0.0010911718923726928,0.185,1.7846666666666666,1.9939706470980654,"[[78.57445526123047, 59.02872085571289], 0.6424800157546997]"
face_x_face,8,0.001,face_G>face_C,S3-SPRT,rule,2,300,8008,seed8000,5.5239141939689995,,True,5.5239141939689995,False,0.0008663553480097843,0.14433333333333334,0.001169223927062486,0.139,1.3553333333333333,1.9371727818545696,"[[6.3413870035369575, -3.911006302927104], 5.5239141939689995]"
face_x_face,8,0.001,face_G>face_C,S4-Direct,rule,2,300,8008,seed8000,0.6367400288581848,,True,0.6367400288581848,False,0.0008643540137869691,0.15633333333333332,0.001142761841227485,0.16666666666666666,1.2636666666666667,1.038285523682455,"[[75.689208984375, 72.8485107421875], 0.6367400288581848]"
face_x_face,8,0.001,parallel,P0-Parallel,parallel,2,300,8008,seed8000,4.524809837341309,,True,4.524809837341309,False,0.0008721369802090282,0.154,0.0011710028908160997,0.15133333333333332,2.0,2.0,[4.524809837341309]
face_x_face,8,0.001,parallel,P1-LLR,parallel,2,300,8008,seed8000,5.487739440610859,,True,5.487739440610859,False,0.0008716922392706249,0.146,0.001168556815654881,0.13933333333333334,2.0,2.0,[5.487739440610859]
face_x_face,8,0.001,parallel,P2-LogReg,parallel,2,300,8008,seed8000,2.702859430479818,,True,2.702859430479818,False,0.0008627974205025573,0.158,0.0011478763620191238,0.16066666666666668,2.0,2.0,[2.702859430479818]
face_x_face,8,0.0001,face_C,LR-P1-N2,GP,1,300,8008,seed8000,0.6703600287437439,0.6685900688171387,True,0.6703600287437439,False,7.80520346897932e-05,0.291,0.00010740493662441628,0.292,1.0,1.0,[0.6703600287437439]
face_x_face,8,0.0001,face_C,HYP,GP,1,300,8008,seed8000,,,False,,,,,,,,,
face_x_face,8,0.0001,face_G,LR-P1-N2,GP,1,300,8008,seed8000,75.81575775146484,75.75777435302734,True,75.81575775146484,False,7.716255281298643e-05,0.371,0.00010829441850122303,0.3596666666666667,1.0,1.0,[75.81575775146484]
face_x_face,8,0.0001,face_G,HYP,GP,1,300,8008,seed8000,,,False,,,,,,,,,
face_x_face,8,0.0001,face_C>face_G,LR-P1-N2,GP,2,300,8008,seed8000,76.08238983154297,75.35504913330078,True,76.08238983154297,False,8.072048032021348e-05,0.27266666666666667,0.00010851678897042473,0.269,1.2866666666666666,1.178080498109851,"[[0.6765600442886353, 0.5602400302886963], 76.08238983154297]"
face_x_face,8,0.0001,face_C>face_G,HYP,GP,2,300,8008,seed8000,,,False,,,,,,,,,
face_x_face,8,0.0001,face_C>face_G,S1-Marcialis,rule,2,300,8008,seed8000,75.81575775146484,,True,75.81575775146484,False,7.716255281298643e-05,0.346,0.00010829441850122303,0.34,1.5626666666666666,2.0,"[[0.7255900502204895, -1.0], 75.81575775146484]"
face_x_face,8,0.0001,face_C>face_G,S2-Symmetric,rule,2,300,8008,seed8000,75.81575775146484,,True,75.81575775146484,False,7.716255281298643e-05,0.346,0.00010829441850122303,0.34,1.5626666666666666,2.0,"[[0.7255900502204895, -1.0], 75.81575775146484]"
face_x_face,8,0.0001,face_C>face_G,S3-SPRT,rule,2,300,8008,seed8000,9.423828389499878,,True,9.423828389499878,False,8.00533689126084e-05,0.23533333333333334,0.00012964198354458527,0.23433333333333334,1.4596666666666667,1.8284571936846787,"[[9.761165784352409, -4.31998832867199], 9.423828389499878]"
face_x_face,8,0.0001,face_C>face_G,S4-Direct,rule,2,300,8008,seed8000,74.60191345214844,,True,74.60191345214844,False,8.138759172781854e-05,0.245,0.00013386702245941738,0.24766666666666667,1.154,1.0008427840782743,"[[0.6844400763511658, 0.6452000737190247], 74.60191345214844]"
face_x_face,8,0.0001,face_G>face_C,LR-P1-N2,GP,2,300,8008,seed8000,0.6781799793243408,0.6638500690460205,True,0.6781799793243408,False,8.072048032021348e-05,0.27566666666666667,0.00011696686680008894,0.26666666666666666,1.3633333333333333,1.3466755614854347,"[[76.03712463378906, 66.6302490234375], 0.6781799793243408]"
face_x_face,8,0.0001,face_G>face_C,HYP,GP,2,300,8008,seed8000,,,False,,,,,,,,,
face_x_face,8,0.0001,face_G>face_C,S1-Marcialis,rule,2,300,8008,seed8000,0.6703600287437439,,True,0.6703600287437439,False,7.80520346897932e-05,0.2843333333333333,0.00010873915943962642,0.28633333333333333,1.7846666666666666,1.9939706470980654,"[[78.57445526123047, 59.02872085571289], 0.6703600287437439]"
face_x_face,8,0.0001,face_G>face_C,S2-Symmetric,rule,2,300,8008,seed8000,0.6703600287437439,,True,0.6703600287437439,False,7.80520346897932e-05,0.2843333333333333,0.00010873915943962642,0.28633333333333333,1.7846666666666666,1.9939706470980654,"[[78.57445526123047, 59.02872085571289], 0.6703600287437439]"
face_x_face,8,0.0001,face_G>face_C,S3-SPRT,rule,2,300,8008,seed8000,9.430330353414924,,True,9.430330353414924,False,8.049810985101179e-05,0.235,0.00013231042917500555,0.23366666666666666,1.495,1.9372732933066488,"[[9.245242155127178, -3.911006302927104], 9.430330353414924]"
face_x_face,8,0.0001,face_G>face_C,S4-Direct,rule,2,300,8008,seed8000,0.6559100151062012,,True,0.6559100151062012,False,7.871914609739826e-05,0.246,0.00013408939292861908,0.24566666666666667,1.3116666666666668,1.0053971536579942,"[[76.4830093383789, 74.06343078613281], 0.6559100151062012]"
face_x_face,8,0.0001,parallel,P0-Parallel,parallel,2,300,8008,seed8000,5.302091121673584,,True,5.302091121673584,False,8.049810985101179e-05,0.24333333333333335,0.00012141427618412275,0.24533333333333332,2.0,2.0,[5.302091121673584]
face_x_face,8,0.0001,parallel,P1-LLR,parallel,2,300,8008,seed8000,9.423828389499878,,True,9.423828389499878,False,8.00533689126084e-05,0.237,0.00012964198354458527,0.23566666666666666,2.0,2.0,[9.423828389499878]
face_x_face,8,0.0001,parallel,P2-LogReg,parallel,2,300,8008,seed8000,4.026262877487966,,True,4.026262877487966,False,8.00533689126084e-05,0.24833333333333332,0.0001203024238381143,0.24833333333333332,2.0,2.0,[4.026262877487966]
