dataset,seed,matcher,method,tag,terms,kind,xmin,xmax,test_viol_rate,test_viol_max,fit_time,rounds,n_fit,n_dom,dominates_all,sse_fit,maxerr_fit,rsse_dom,maxrel_dom,sse_dom,maxerr_dom,logarea,total_time,lb,gap,time,nodes,n_qp,root_lb,root_ub,complete
fing_x_face,0,face_C,MONO,abl_region,"[[0.030670158843949497, -0.26]]",posy,1.5081591409504824e-05,0.09997586945374481,0.0,0.0,0.0023717880249023438,1,86,3421,True,0.10519733098513852,0.09833325574465818,3604.086634173482,2.701130473717693,2.725865872430872,0.09833325574465818,0.22424718035879346,0.0052831172943115234,,,,,,,,
fing_x_face,0,face_C,LR-P1-N2,abl_region,"[[2.0002397872113957e-08, -1.32], [0.034851616600686176, -0.24]]",posy,1.5081591409504824e-05,0.09997586945374481,0.0,0.0,1.5377399921417236,1,86,3421,True,0.08728975872510551,0.08209455518692588,4614.33467858173,3.007901798854412,3.5356048527321065,0.08209455518692588,0.24822864365552383,3.1733198165893555,0.08728975872510551,0.0,1.5372629165649414,310.0,1542.0,0.040355507518329205,0.08865360598984068,True
fing_x_face,0,face_C,LR-P1-N2-rel,abl_region,"[[0.006302461991195736, -0.34], [0.013699541028699158, -0.32]]",posy,1.5081591409504824e-05,0.09997586945374481,0.269115890083632,0.008766322725597617,1.3028593063354492,1,111,3421,True,0.3630382349475203,0.24125182937987455,1423.7611855827522,1.8325539323598832,1.2988854742589448,0.24125182937987455,0.14362981375722303,3.0423190593719482,15.227269111181615,0.0,1.3024048805236816,250.0,994.0,12.91349111951134,15.227269111181615,True
fing_x_face,0,face_G,MONO,abl_region,"[[0.06051154738567923, -0.2]]",posy,1.5081591409504824e-05,0.09999095104515432,0.0,0.0,0.002412557601928711,1,86,6514,True,0.13024560363362436,0.13877206762785882,4423.736805707783,1.262060995769186,15.480897514621685,0.13877206762785882,0.24582772877936163,0.005500316619873047,,,,,,,,
fing_x_face,0,face_G,LR-P1-N2,abl_region,"[[3.4638675754502773e-19, -0.44], [0.060511547385679224, -0.2]]",posy,1.5081591409504824e-05,0.09999095104515432,0.0,0.0,0.8868818283081055,1,87,6514,True,0.13025432505241252,0.1387720676278587,4423.73680570778,1.2620609957691855,15.480897514621676,0.1387720676278587,0.24582772877936154,1.904649257659912,0.13025432505241252,0.0,0.886601448059082,234.0,726.0,0.09456552424893648,0.13025432505241266,True
fing_x_face,0,face_G,LR-P1-N2-rel,abl_region,"[[0.035707918236524215, -0.28]]",posy,1.5081591409504824e-05,0.09999095104515432,0.00612088752869166,0.0027938286744638996,1.239182949066162,1,93,6514,True,0.4381625772410848,0.38086010670197684,927.0873788556912,0.909832477121389,3.8011173734327848,0.38086010670197684,0.13175515355860692,2.389918327331543,6.730190423187511,0.0,1.2387666702270508,254.0,1030.0,4.609229914927907,6.730190423187511,True
fing_x_face,0,li_V,MONO,abl_region,"[[0.102331899546027, -0.1]]",posy,1.5081591409504824e-05,0.08365758754863817,0.0,0.0,0.003131389617919922,0,22,22,True,0.006517935741847291,0.02762913832721181,0.2711567293233827,0.2531886243610598,0.006517935741847291,0.02762913832721181,0.03961789534395768,0.0032334327697753906,,,,,,,,
fing_x_face,0,li_V,LR-P1-N2,abl_region,"[[0.06548434424832418, -0.12], [0.024655395282846153, -0.1]]",posy,1.5081591409504824e-05,0.08365758754863817,0.0,0.0,0.8038842678070068,0,22,22,True,0.005111841166422226,0.04003825301555569,0.11934277413170699,0.14467612648014438,0.005111841166422226,0.04003825301555569,0.025206202523447577,0.8040401935577393,0.005111841166422234,0.0,0.803534984588623,244.0,937.0,0.0017109209506444086,0.005111841166422234,True
fing_x_face,0,li_V,LR-P1-N2-rel,abl_region,"[[0.06846542684424359, -0.12], [0.021119281763976268, -0.1]]",posy,1.5081591409504824e-05,0.08365758754863817,0.0,0.0,0.8624866008758545,0,22,22,True,0.00511475515327667,0.040603160494630586,0.11561813988204432,0.14350158092622864,0.00511475515327667,0.040603160494630586,0.024523908871886116,0.8626337051391602,0.11561813988204431,0.0,0.8620057106018066,242.0,938.0,0.046320727561299846,0.11561813988204431,True
fing_x_face,0,ri_V,MONO,abl_region,"[[0.043084214059425134, -0.14]]",posy,1.5081591409504824e-05,0.08385364823696195,0.09523809523809523,0.0025990517062695895,0.0025072097778320312,0,24,25,True,0.007563858399437336,0.04107096928152554,1.1142513079546008,0.4297237154095379,0.007671454064969306,0.04107096928152554,0.06889966754235505,0.0026023387908935547,,,,,,,,
fing_x_face,0,ri_V,LR-P1-N2,abl_region,"[[0.014026783139821768, -0.16], [0.02649341459139942, -0.14]]",posy,1.5081591409504824e-05,0.08385364823696195,0.09523809523809523,0.002342178187278998,0.7113559246063232,0,24,25,True,0.007459298159160645,0.04544000313592916,0.8988225743524261,0.3682949662658551,0.007565473578143856,0.04544000313592916,0.06283444709834747,0.7115263938903809,0.007459298159160647,0.0,0.7102439403533936,244.0,915.0,0.004937551184385117,0.007459298159160647,True
fing_x_face,0,ri_V,LR-P1-N2-rel,abl_region,"[[0.015180668125161818, -0.18], [0.0184701789085864, -0.16]]",posy,1.5081591409504824e-05,0.08385364823696195,0.23809523809523808,0.00663669666447024,1.211247444152832,0,24,25,True,0.008421641542930418,0.058320838960532306,0.5347462705112564,0.358256582186127,0.008523785873646906,0.058320838960532306,0.04483651460426294,1.2113831043243408,0.528502803817214,0.0,1.2107112407684326,374.0,1488.0,0.3400648993544652,0.528502803817214,True
