dataset,seed,matcher,method,tag,terms,kind,xmin,xmax,test_viol_rate,test_viol_max,fit_time,rounds,n_fit,n_dom,dominates_all,sse_fit,maxerr_fit,rsse_dom,maxrel_dom,sse_dom,maxerr_dom,logarea,total_time,lb,gap,time,nodes,n_qp,root_lb,root_ub,complete,nfev
fing_x_fing,9,li_V,HYP,main,"[[0.017883947056426215, -1.0]]",posy,2.2229632101744556e-07,1.0,0.0,0.0,2.5272369384765625e-05,0,43,45,True,8831475562.312176,80450.53949219795,57506409822.116455,202987.06347905286,8831475562.312769,80450.53949219795,2.124392787670881,0.00017881393432617188,,,,,,,,,
fing_x_fing,9,li_V,MONO,main,"[[0.10299723827897306, -0.1]]",posy,2.2229632101744556e-07,1.0,0.0,0.0,0.003125905990600586,0,43,45,True,0.06987096813243003,0.09845547446066284,105750.88833344051,307.9917148369192,0.09082065301932997,0.10266390494563972,0.23646699273962618,0.003328561782836914,,,,,,,,,
fing_x_fing,9,li_V,MONO-rel,main,"[[0.051530839366565, -0.22]]",posy,2.2229632101744556e-07,1.0,0.0,0.0,0.0031278133392333984,0,43,45,True,4.417636478724368,1.1024612539737886,26286.789285556893,153.592518099695,4.422814504379953,1.1024612539737886,0.2888136960056484,0.003349781036376953,,,,,,,,,
fing_x_fing,9,li_V,LR-P1-N2,main,"[[0.0012948545324177167, -0.12], [0.10145442845562315, -0.1]]",posy,2.2229632101744556e-07,1.0,0.0,0.0,0.6726081371307373,0,43,45,True,0.06986643425676207,0.09820757125031947,105240.22038802011,307.2478489641226,0.09071473367815122,0.10241594965470753,0.23623967423260114,0.6727581024169922,0.06986643425676207,0.0,0.6722640991210938,242.0,901.0,0.05885454397864996,0.06986643425676207,True,
fing_x_fing,9,li_V,LR-P1-N2-rel,main,"[[0.03813368217911215, -0.22], [0.014376816387550109, -0.2]]",posy,2.2229632101744556e-07,1.0,0.0,0.0,0.5972628593444824,0,43,45,True,3.784427198247826,1.0206051310838484,27297.9778091858,156.5314956999868,3.789806506403025,1.0206051310838484,0.2819946580594313,0.5974926948547363,139.01707969822897,0.0,0.5965061187744141,226.0,657.0,117.42901793950413,139.01707969822897,True,
fing_x_fing,9,li_V,LR-P2-N2,main,"[[0.018888184832241427, -0.12], [0.08049210247038154, -0.1]]",posy,2.2229632101744556e-07,1.0,0.0,0.0,1.8586876392364502,0,43,45,True,0.0707034309787612,0.09483928318956408,98424.21817683218,297.1408619078689,0.09019856563483239,0.09904695396928963,0.23306220769542327,1.8588664531707764,0.09483928318956408,0.0,1.8584394454956055,242.0,892.0,0.08303872635809104,0.09483928318956408,True,
fing_x_fing,9,li_V,LR-P2-N2-rel,main,"[[0.011708413534471197, -0.3], [0.02990250307683341, -0.28]]",posy,2.2229632101744556e-07,1.0,0.0,0.0,2.66005539894104,0,43,45,True,29.134232648052993,2.944113145393642,17270.543615456205,123.83274983391384,29.13758866225057,2.944113145393642,0.3902767929774087,2.6603684425354004,7.42837631302014,0.0,2.6593596935272217,336.0,1377.0,6.110167282410859,7.42837631302014,True,
fing_x_fing,9,li_V,LR-P1-N3,main,"[[0.0012948545312728586, -0.12], [0.10145442845698723, -0.1]]",posy,2.2229632101744556e-07,1.0,0.0,0.0,21.56078839302063,0,43,45,True,0.06986643425676199,0.09820757125053865,105240.22038847103,307.24784896478025,0.09071473367824065,0.10241594965492674,0.23623967423280243,21.56115221977234,0.06986643425676199,0.0,21.551907539367676,8828.0,28058.0,0.056017191384745334,0.06986643425676209,True,
fing_x_fing,9,li_V,NLS-N2,main,"[[0.09136150528279255, -0.11454083486873996], [3.9102612423577386e-16, -0.016131308447796033]]",posy,2.2229632101744556e-07,1.0,0.0,0.0,0.11200571060180664,0,43,45,True,0.0844810315210054,0.1318822117282631,83119.18371857902,273.0845158483788,0.10093809597160412,0.1318822117282631,0.22719167983625937,0.11211085319519043,,,,,,,,,
fing_x_fing,9,li_V,DE-N2,main,"[[4.698937506457734e-16, -0.2813762081174589], [0.10136412422621624, -0.10182446534560174]]",posy,2.2229632101744556e-07,1.0,0.0,0.0,0.41683125495910645,0,43,45,True,0.06967971387859764,0.0968233410691389,102410.22697432929,303.0923726786501,0.08996617410018369,0.10103079089288337,0.23489425164143038,0.4169490337371826,,,,,,,,,7305.0
fing_x_fing,9,li_V,MAXMONO-K3,main,"[[0.16407597573859037, -0.06], [0.08778846356414814, -0.12], [0.03815282642764136, -0.32]]",max,2.2229632101744556e-07,1.0,0.0,0.0,0.006531715393066406,0,43,45,True,71.53760719113662,4.738287619508093,269727.83844467154,491.22792721577116,71.59102235257033,4.738287619508093,0.6139019710991626,0.006691694259643555,,,,,,,,,
fing_x_fing,9,ri_V,HYP,main,"[[0.008375085880478679, -1.0]]",posy,1.1114816045321163e-07,1.0,0.0625,0.005103135958073324,2.7179718017578125e-05,0,43,45,True,6300617414.521141,75350.35036365858,72935570800.48941,253420.46086432258,6300617414.521266,75350.35036365858,2.019029106059125,0.0001690387725830078,,,,,,,,,
fing_x_fing,9,ri_V,MONO,main,"[[0.05607466113257607, -0.12]]",posy,1.1114816045321163e-07,1.0,0.4375,0.014738846330208583,0.0020890235900878906,0,43,45,True,0.035284148967601986,0.08571923997871878,36053.395907005644,167.22398339772823,0.041464906773042445,0.08571923997871878,0.2462652775069472,0.0021958351135253906,,,,,,,,,
fing_x_fing,9,ri_V,MONO-rel,main,"[[0.025694391248192477, -0.26]]",posy,1.1114816045321163e-07,1.0,0.25,0.007871793297087107,0.002122163772583008,0,43,45,True,4.849242929707778,1.3542623541300958,7500.799029416858,76.08317374457744,4.850514122825018,1.3542623541300958,0.32074123713738517,0.0022284984588623047,,,,,,,,,
fing_x_fing,9,ri_V,LR-P1-N2,main,"[[0.030537190448381372, -0.12], [0.030499927486373268, -0.1]]",posy,1.1114816045321163e-07,1.0,0.4166666666666667,0.01749780429944392,0.689856767654419,0,43,45,True,0.03296143627246707,0.06252438439922559,42772.08865132302,182.11135380426393,0.04029490866291003,0.06252438439922559,0.2550393409479577,0.6901299953460693,0.032961436272467066,0.0,0.6893002986907959,242.0,917.0,0.02678637940921025,0.032961436272467066,True,
fing_x_fing,9,ri_V,LR-P1-N2-rel,main,"[[0.013272542917966153, -0.26], [0.013253539346468559, -0.24]]",posy,1.1114816045321163e-07,1.0,0.25,0.008347862236172163,0.7664365768432617,0,43,45,True,3.6736135616998586,1.1742704571544644,7980.732946972908,78.57824679330413,3.6749699956239894,1.1742704571544644,0.30652583460464683,0.766636848449707,297.8509658464544,0.0,0.7657966613769531,286.0,1360.0,234.16896079338864,297.8509658464544,True,
fing_x_fing,9,ri_V,LR-P2-N2,main,"[[0.02798190044234034, -0.12], [0.03356270129920152, -0.1]]",posy,1.1114816045321163e-07,1.0,0.4166666666666667,0.01803056079286869,0.7409639358520508,0,43,45,True,0.03297998257080051,0.060257742437142325,43491.523746246494,183.6338052246256,0.04043688928949657,0.06121126840820853,0.2559375925620705,0.7411665916442871,0.06025774243714238,0.0,0.7408816814422607,146.0,257.0,0.05300127790751743,0.06025774243714238,True,
fing_x_fing,9,ri_V,LR-P2-N2-rel,main,"[[0.004588452259444463, -0.34], [0.016663029247418852, -0.32]]",posy,1.1114816045321163e-07,1.0,0.16666666666666666,0.005756878211769671,3.5203857421875,0,43,45,True,30.084244049676897,3.5639092831095796,5476.739328093695,62.75444452058994,30.085106730713477,3.5639092831095796,0.429248028370402,3.520676851272583,11.986241983552418,0.0,3.5198516845703125,456.0,1902.0,8.715921700525147,11.986241983552418,True,
fing_x_fing,9,ri_V,LR-P1-N3,main,"[[0.030537190448299743, -0.12], [0.030499927486471096, -0.1]]",posy,1.1114816045321163e-07,1.0,0.4166666666666667,0.01749780429945355,30.829766750335693,0,43,45,True,0.032961436272467025,0.06252438439915309,42772.08865134588,182.11135380431253,0.0402949086629139,0.06252438439915309,0.25503934094798647,30.830238819122314,0.03296143627246702,0.0,30.818079948425293,11484.0,45779.0,0.026402445039528422,0.03296143627246702,True,
fing_x_fing,9,ri_V,NLS-N2,main,"[[1.968052379865899e-25, -0.566332270969], [0.05377341849122377, -0.12500976659232418]]",posy,1.1114816045321163e-07,1.0,0.4583333333333333,0.013219675398324554,0.15474915504455566,0,43,45,True,0.039760223201754895,0.10068014502436878,33132.45991878228,160.32025547367132,0.045439855731449,0.10068014502436878,0.24285954451815275,0.15484309196472168,,,,,,,,,
fing_x_fing,9,ri_V,DE-N2,main,"[[0.06080945882860457, -0.11087091280515238], [4.278861447172992e-16, -0.27659589244178395]]",posy,1.1114816045321163e-07,1.0,0.4166666666666667,0.017582796536121464,0.39643383026123047,0,43,45,True,0.032530676348225415,0.06157066821870977,42451.447883756366,181.42837648581502,0.03980912634082573,0.06157066821870977,0.25451258847529173,0.39653468132019043,,,,,,,,,7785.0
fing_x_fing,9,ri_V,MAXMONO-K3,main,"[[0.08657497576857946, -0.08], [0.04055848822577751, -0.16], [0.01917230801045066, -0.36]]",max,1.1114816045321163e-07,1.0,0.0,0.0,0.008381128311157227,0,43,45,True,74.73861341983375,5.814191445424895,87472.19360161669,258.7249273057384,74.75343704835423,5.814191445424895,0.6485880304155359,0.008648395538330078,,,,,,,,,
