file,seed,used,methods_differing
spoof_trait_raw_lfw_x_fing.csv,0,local,
spoof_trait_raw_lfw_x_fing.csv,1,local,
spoof_trait_raw_lfw_x_fing.csv,2,PC,
spoof_trait_raw_lfw_x_fing.csv,3,PC,
spoof_trait_raw_lfw_x_fing.csv,4,PC,S3-SPRT
spoof_trait_raw_lfw_x_fing.csv,5,PC,
spoof_trait_raw_lfw_x_fing.csv,6,PC,
spoof_trait_raw_lfw_x_fing.csv,7,PC,S3-SPRT
spoof_trait_raw_lfw_x_fing.csv,8,PC,
spoof_trait_raw_lfw_x_fing.csv,9,PC,
spoof_sens_raw_lfw_x_fing.csv,0,local,
spoof_sens_raw_lfw_x_fing.csv,1,local,
spoof_sens_raw_lfw_x_fing.csv,2,PC,
spoof_sens_raw_lfw_x_fing.csv,3,PC,
spoof_sens_raw_lfw_x_fing.csv,4,PC,S3-SPRT
spoof_sens_raw_lfw_x_fing.csv,5,PC,
spoof_sens_raw_lfw_x_fing.csv,6,PC,
spoof_sens_raw_lfw_x_fing.csv,7,PC,S3-SPRT
spoof_sens_raw_lfw_x_fing.csv,8,PC,
spoof_sens_raw_lfw_x_fing.csv,9,PC,
