dataset,seed,alpha,order,n_stages,method,kind,calib,B,feasible,frr_pred_gp,frr_pred_cal,far_train,frr_train,far_test,frr_test,stages_gen,stages_imp,thr,time
fing_x_fing,4,0.01,li_V,1,HYP,GP,boot,300,False,,,,,,,,,,
fing_x_fing,4,0.01,li_V,1,MONO,GP,boot,300,True,0.1579434971680715,0.1631108180967385,0.0072475269534289,0.1333333333333333,0.0069352006224296,0.1416666666666666,1.0,1.0,[19.0],1.5690057277679443
fing_x_fing,4,0.01,li_V,1,MONO-rel,GP,boot,300,True,0.138570536073312,0.1487404641766292,0.0072475269534289,0.1333333333333333,0.0069352006224296,0.1416666666666666,1.0,1.0,[19.0],1.5556423664093018
fing_x_fing,4,0.01,li_V,1,NLS-N2,GP,boot,300,True,0.1498423365482397,0.1554005091565492,0.0072475269534289,0.1333333333333333,0.0069352006224296,0.1416666666666666,1.0,1.0,[19.0],1.530339241027832
fing_x_fing,4,0.01,li_V,1,DE-N2,GP,boot,300,True,0.152495904363397,0.1578251191021634,0.0072475269534289,0.1333333333333333,0.0069352006224296,0.1416666666666666,1.0,1.0,[19.0],1.4917192459106443
fing_x_fing,4,0.01,li_V,1,MAXMONO-K3,GP,boot,300,True,0.2125308645468516,0.2166759046752294,0.0072475269534289,0.1333333333333333,0.0069352006224296,0.1416666666666666,1.0,1.0,[19.0],1.410245418548584
fing_x_fing,4,0.01,li_V,1,MONO-cont,GP,boot,300,True,0.1524970568719453,0.1578262385734655,0.0072475269534289,0.1333333333333333,0.0069352006224296,0.1416666666666666,1.0,1.0,[19.0],1.5506916046142578
fing_x_fing,4,0.01,ri_V,1,HYP,GP,boot,300,True,0.9429272868734024,1.0,0.0073610092252973,0.0833333333333333,0.007130821384906,0.0893333333333333,1.0,1.0,[19.0],1.506148099899292
fing_x_fing,4,0.01,ri_V,1,MONO,GP,boot,300,True,0.1008942880982201,0.1046728615030255,0.0073610092252973,0.0833333333333333,0.007130821384906,0.0893333333333333,1.0,1.0,[19.0],1.4891512393951416
fing_x_fing,4,0.01,ri_V,1,MONO-rel,GP,boot,300,True,0.0871308550103161,0.0943557262329407,0.0073610092252973,0.0833333333333333,0.007130821384906,0.0893333333333333,1.0,1.0,[19.0],1.665097713470459
fing_x_fing,4,0.01,ri_V,1,NLS-N2,GP,boot,300,True,0.0973294530554495,0.1012616051415483,0.0073610092252973,0.0833333333333333,0.007130821384906,0.0893333333333333,1.0,1.0,[19.0],1.50915789604187
fing_x_fing,4,0.01,ri_V,1,DE-N2,GP,boot,300,True,0.1042250278965717,0.1078650694586134,0.0073610092252973,0.0833333333333333,0.007130821384906,0.0893333333333333,1.0,1.0,[19.0],1.5600788593292236
fing_x_fing,4,0.01,ri_V,1,MAXMONO-K3,GP,boot,300,True,0.1121085094835168,0.1155965419215143,0.0073610092252973,0.0833333333333333,0.007130821384906,0.0893333333333333,1.0,1.0,[19.0],1.5914385318756104
fing_x_fing,4,0.01,ri_V,1,MONO-cont,GP,boot,300,True,0.1042435488307585,0.107882798443306,0.0073610092252973,0.0833333333333333,0.007130821384906,0.0893333333333333,1.0,1.0,[19.0],1.5087165832519531
fing_x_fing,4,0.01,li_V>ri_V,2,HYP,GP,boot,300,False,,,,,,,,,,
fing_x_fing,4,0.01,li_V>ri_V,2,MONO,GP,boot,300,True,0.1182234501165818,0.1082234607944609,0.0087506946760031,0.0403333333333333,0.0084377014560409,0.045,1.156,1.9506693342225183,"[[20.000001907348633, 3.000000238418579], 20.0]",1.6704816818237305
fing_x_fing,4,0.01,li_V>ri_V,2,MONO-rel,GP,boot,300,True,0.0671444414153537,0.0633722527014679,0.0087506946760031,0.0403333333333333,0.0084377014560409,0.045,1.156,1.9506693342225183,"[[20.000001907348633, 3.000000238418579], 20.0]",1.538020133972168
fing_x_fing,4,0.01,li_V>ri_V,2,NLS-N2,GP,boot,300,True,0.1062608478482642,0.0977382988158946,0.0087506946760031,0.0403333333333333,0.0084377014560409,0.045,1.156,1.9506693342225183,"[[20.000001907348633, 3.000000238418579], 20.0]",1.6314265727996826
fing_x_fing,4,0.01,li_V>ri_V,2,DE-N2,GP,boot,300,True,0.1118136287530004,0.1025709405144256,0.0073288874069134,0.0413333333333333,0.0070442369678781,0.0466666666666666,1.156,1.9506693342225183,"[[20.000001907348633, 3.000000238418579], 20.000001907348633]",1.6895604133605957
fing_x_fing,4,0.01,li_V>ri_V,2,MAXMONO-K3,GP,boot,300,True,0.1877298058716555,0.169523512175529,0.0087506946760031,0.0403333333333333,0.0084377014560409,0.045,1.156,1.9506693342225183,"[[20.000001907348633, 3.000000238418579], 20.0]",1.617568016052246
fing_x_fing,4,0.01,li_V>ri_V,2,MONO-cont,GP,boot,300,True,0.1118178237531255,0.1025734288730581,0.0073288874069134,0.0413333333333333,0.0070442369678781,0.0466666666666666,1.156,1.9506693342225183,"[[20.000001907348633, 3.000000238418579], 20.000001907348633]",1.5916097164154053
fing_x_fing,4,0.01,li_V>ri_V,2,S1-Marcialis,rule,boot,300,True,,,0.0073561187062354,0.0636666666666666,0.0071238190507947,0.0683333333333333,1.392,1.996688340557964,"[[45.000003814697266, 3.0], 19.0]",1.6729485988616943
fing_x_fing,4,0.01,li_V>ri_V,2,S2-Symmetric,rule,boot,300,True,,,0.0073561187062354,0.0636666666666666,0.0071238190507947,0.0683333333333333,1.392,1.996688340557964,"[[45.000003814697266, 3.0], 19.0]",3.344959259033203
fing_x_fing,4,0.01,li_V>ri_V,2,S3-SPRT,rule,boot,300,True,,,0.0091123707902634,0.037,0.008617205735245,0.043,1.253,1.999898410581305,"[[5.7756071880657895, -3.413872085945516], -0.7153529104245444]",30.261404514312744
fing_x_fing,4,0.01,li_V>ri_V,2,S4-Direct,rule,boot,300,True,,,0.0093371123707902,0.039,0.0089603201067022,0.0476666666666666,1.164,1.8326646659997776,"[[21.000001907348633, 4.000000476837158], 19.0]",73.0040431022644
fing_x_fing,4,0.01,ri_V>li_V,2,HYP,GP,boot,300,True,1.0192970845865017,0.8466859939551808,0.0078815160609091,0.0753333333333333,0.0076239857730354,0.08,1.013,1.0067423585639657,"[[18.000001907348633, 16.000001907348633], 14.000000953674316]",0.9403476715087892
fing_x_fing,4,0.01,ri_V>li_V,2,MONO,GP,boot,300,True,0.0766024385091659,0.0669781249843324,0.0088242747582527,0.0403333333333333,0.0085212848727353,0.045,1.0953333333333333,1.9899519839946649,"[[19.000001907348633, 1.401298464324817e-45], 21.0]",1.382045030593872
fing_x_fing,4,0.01,ri_V>li_V,2,MONO-rel,GP,boot,300,True,0.0431248352910316,0.0395596701327792,0.0088286095365121,0.04,0.0085273980215627,0.0446666666666666,1.0956666666666666,1.9948825163943535,"[[19.000001907348633, -Infinity], 21.0]",1.406296730041504
fing_x_fing,4,0.01,ri_V>li_V,2,NLS-N2,GP,boot,300,True,0.0709106773436072,0.0624107315466362,0.0088286095365121,0.04,0.0085273980215627,0.0446666666666666,1.0956666666666666,1.9948825163943535,"[[19.000001907348633, -Infinity], 21.0]",1.3602850437164309
fing_x_fing,4,0.01,ri_V>li_V,2,DE-N2,GP,boot,300,True,0.0807083908490187,0.071374960404051,0.0073823496721129,0.041,0.00710492386351,0.0463333333333333,1.103,1.9963278870734689,"[[20.000001907348633, -Infinity], 20.000001907348633]",1.4521195888519287
fing_x_fing,4,0.01,ri_V>li_V,2,MAXMONO-K3,GP,boot,300,True,0.0972225616835023,0.0823383540485177,0.0088242747582527,0.0403333333333333,0.0085212848727353,0.045,1.0953333333333333,1.9899519839946649,"[[19.000001907348633, 1.401298464324817e-45], 21.0]",1.4597034454345703
fing_x_fing,4,0.01,ri_V>li_V,2,MONO-cont,GP,boot,300,True,0.0807347891925834,0.0713972243366111,0.0073823496721129,0.041,0.00710492386351,0.0463333333333333,1.103,1.9963278870734689,"[[20.000001907348633, -Infinity], 20.000001907348633]",1.582322359085083
fing_x_fing,4,0.01,ri_V>li_V,2,S1-Marcialis,rule,boot,300,True,,,0.0072475269534289,0.089,0.0069352006224296,0.0906666666666666,1.329,2.0,"[[52.000003814697266, 0.0], 19.0]",1.58733868598938
fing_x_fing,4,0.01,ri_V>li_V,2,S2-Symmetric,rule,boot,300,True,,,0.0088286095365121,0.04,0.0085273980215627,0.0446666666666666,1.0956666666666666,1.9948825163943535,"[[19.000001907348633, 0.0], 21.0]",3.264689922332764
fing_x_fing,4,0.01,ri_V>li_V,2,S3-SPRT,rule,boot,300,True,,,0.0092600866955651,0.0363333333333333,0.0088023785706346,0.044,1.103,1.9963278870734689,"[[1.5742982948209834, -4.021631569128009], -0.45783845419820024]",26.302972078323364
fing_x_fing,4,0.01,ri_V>li_V,2,S4-Direct,rule,boot,300,True,,,0.0090918083805713,0.039,0.0087739246415471,0.048,1.0883333333333334,1.9367443592308544,"[[18.000001907348633, 3.000000238418579], 23.0]",68.90353894233704
fing_x_fing,4,0.01,parallel,2,P0-Parallel,parallel,boot,300,True,,,0.0092231855062798,0.0366666666666666,0.0086968989663221,0.0426666666666666,2.0,2.0,[4.8809709548950195],
fing_x_fing,4,0.01,parallel,2,P1-LLR,parallel,boot,300,True,,,0.0091123707902634,0.037,0.008617205735245,0.043,2.0,2.0,[-0.7153529104245444],
fing_x_fing,4,0.01,parallel,2,P2-LogReg,parallel,boot,300,True,,,0.0092045126153162,0.0353333333333333,0.0086853395576303,0.0436666666666666,2.0,2.0,[0.026410863239255455],
fing_x_fing,4,0.001,li_V,1,HYP,GP,boot,300,False,,,,,,,,,,
fing_x_fing,4,0.001,li_V,1,MONO,GP,boot,300,True,0.1988390822125253,0.2074611950302865,0.0006541069245303,0.194,0.000616983438924,0.2013333333333333,1.0,1.0,[26.0],0.6900491714477539
fing_x_fing,4,0.001,li_V,1,MONO-rel,GP,boot,300,True,0.2299698474238728,0.2524806925569995,0.0006541069245303,0.194,0.000616983438924,0.2013333333333333,1.0,1.0,[26.0],0.6542212963104248
fing_x_fing,4,0.001,li_V,1,NLS-N2,GP,boot,300,True,0.1944343343824963,0.204,0.0006541069245303,0.194,0.000616983438924,0.2013333333333333,1.0,1.0,[26.0],0.6690695285797119
fing_x_fing,4,0.001,li_V,1,DE-N2,GP,boot,300,True,0.1949663327285476,0.2040000000448184,0.0006541069245303,0.194,0.000616983438924,0.2013333333333333,1.0,1.0,[26.0],0.6564662456512451
fing_x_fing,4,0.001,li_V,1,MAXMONO-K3,GP,boot,300,True,0.3426983539194946,0.3925585306856172,0.0006541069245303,0.194,0.000616983438924,0.2013333333333333,1.0,1.0,[26.0],0.6005432605743408
fing_x_fing,4,0.001,li_V,1,MONO-cont,GP,boot,300,True,0.1949671584321917,0.2040007390548119,0.0006541069245303,0.194,0.000616983438924,0.2013333333333333,1.0,1.0,[26.0],0.6674509048461914
fing_x_fing,4,0.001,ri_V,1,HYP,GP,boot,300,False,,,,,,,,,,
fing_x_fing,4,0.001,ri_V,1,MONO,GP,boot,300,True,0.1330045751673302,0.1389962275686395,0.0006926753362231,0.1273333333333333,0.0006848949649883,0.1316666666666666,1.0,1.0,[26.0],0.6305816173553467
fing_x_fing,4,0.001,ri_V,1,MONO-rel,GP,boot,300,True,0.1585520916736943,0.1744352481805902,0.0006926753362231,0.1273333333333333,0.0006848949649883,0.1316666666666666,1.0,1.0,[26.0],0.634617805480957
fing_x_fing,4,0.001,ri_V,1,NLS-N2,GP,boot,300,True,0.1310722198351162,0.1374436875808804,0.0006926753362231,0.1273333333333333,0.0006848949649883,0.1316666666666666,1.0,1.0,[26.0],0.6042225360870361
fing_x_fing,4,0.001,ri_V,1,DE-N2,GP,boot,300,True,0.1349011177807667,0.1405669302176317,0.0006926753362231,0.1273333333333333,0.0006848949649883,0.1316666666666666,1.0,1.0,[26.0],0.6297342777252197
fing_x_fing,4,0.001,ri_V,1,MAXMONO-K3,GP,boot,300,True,0.2144191571195149,0.2429313022535974,0.0006926753362231,0.1273333333333333,0.0006848949649883,0.1316666666666666,1.0,1.0,[26.0],0.6246943473815918
fing_x_fing,4,0.001,ri_V,1,MONO-cont,GP,boot,300,True,0.1349115673947561,0.1405755718359342,0.0006926753362231,0.1273333333333333,0.0006848949649883,0.1316666666666666,1.0,1.0,[26.0],0.7203052043914795
fing_x_fing,4,0.001,li_V>ri_V,2,HYP,GP,boot,300,False,,,,,,,,,,
fing_x_fing,4,0.001,li_V>ri_V,2,MONO,GP,boot,300,True,0.130450171429693,0.1179225835257203,0.0007967100144492,0.0666666666666666,0.0007781482716461,0.0713333333333333,1.2193333333333334,1.953871179281983,"[[27.000001907348633, 3.000000238418579], 27.0]",0.7409429550170898
fing_x_fing,4,0.001,li_V>ri_V,2,MONO-rel,GP,boot,300,True,0.1006926550500407,0.0968585893593876,0.000914304768256,0.0713333333333333,0.0008779593197732,0.0736666666666666,1.209666666666667,1.667646437701456,"[[27.000001907348633, 5.000000476837158], 26.0]",1.092561960220337
fing_x_fing,4,0.001,li_V>ri_V,2,NLS-N2,GP,boot,300,True,0.1191440825714183,0.1084230221172959,0.0007967100144492,0.0666666666666666,0.0007781482716461,0.0713333333333333,1.2193333333333334,1.953871179281983,"[[27.000001907348633, 3.000000238418579], 27.0]",0.906477689743042
fing_x_fing,4,0.001,li_V>ri_V,2,DE-N2,GP,boot,300,True,0.1239198079650855,0.1117232994232323,0.0007947093475602,0.068,0.0007693675669667,0.071,1.211666666666667,1.9537409136378796,"[[26.000001907348633, 3.000000238418579], 28.0]",0.7465364933013916
fing_x_fing,4,0.001,li_V>ri_V,2,MAXMONO-K3,GP,boot,300,True,0.2369227481074499,0.2338484015922201,0.000809158608425,0.108,0.0007552517505835,0.1143333333333333,1.1283333333333334,1.0559079693231077,"[[26.000001907348633, 12.000000953674316], 23.0]",0.6987943649291992
fing_x_fing,4,0.001,li_V>ri_V,2,MONO-cont,GP,boot,300,True,0.1239227138059797,0.1117250713091286,0.0007947093475602,0.068,0.0007693675669667,0.071,1.211666666666667,1.9537409136378796,"[[26.000001907348633, 3.000000238418579], 28.0]",0.7706704139709473
fing_x_fing,4,0.001,li_V>ri_V,2,S1-Marcialis,rule,boot,300,True,,,0.0006921195954206,0.0913333333333333,0.0006850061131488,0.0966666666666666,1.392,1.996688340557964,"[[45.000003814697266, 3.0], 26.0]",0.726794958114624
fing_x_fing,4,0.001,li_V>ri_V,2,S2-Symmetric,rule,boot,300,True,,,0.0006921195954206,0.0913333333333333,0.0006850061131488,0.0966666666666666,1.392,1.996688340557964,"[[45.000003814697266, 3.0], 26.0]",2.285849332809448
fing_x_fing,4,0.001,li_V>ri_V,2,S3-SPRT,rule,boot,300,True,,,0.0008859619873291,0.062,0.0008482827609203,0.065,1.3036666666666668,1.9999895520729127,"[[7.821011935036726, -3.413872085945516], 2.4279919622304194]",29.52260947227478
fing_x_fing,4,0.001,li_V>ri_V,2,S4-Direct,rule,boot,300,True,,,0.0007770367900411,0.0683333333333333,0.000753806824497,0.073,1.216,1.8348511726130927,"[[27.000001907348633, 4.000000476837158], 27.0]",60.385366439819336
fing_x_fing,4,0.001,ri_V>li_V,2,HYP,GP,boot,300,False,,,,,,,,,,
fing_x_fing,4,0.001,ri_V>li_V,2,MONO,GP,boot,300,True,0.0888337097428075,0.0774696477587226,0.0008008224963876,0.0663333333333333,0.0007852617539179,0.071,1.1383333333333334,1.99951339335334,"[[26.000001907348633, -Infinity], 28.0]",0.7175920009613037
fing_x_fing,4,0.001,ri_V>li_V,2,MONO-rel,GP,boot,300,True,0.0748696717869731,0.0745121102029257,0.0008503945759697,0.0693333333333333,0.0008428365010559,0.077,1.1173333333333333,1.330277648104924,"[[26.000001907348633, 7.000000476837158], 26.0]",0.9598205089569092
fing_x_fing,4,0.001,ri_V>li_V,2,NLS-N2,GP,boot,300,True,0.0837990765785042,0.0736544992581932,0.0008008224963876,0.0663333333333333,0.0007852617539179,0.071,1.1383333333333334,1.99951339335334,"[[26.000001907348633, -Infinity], 28.0]",0.8173024654388428
fing_x_fing,4,0.001,ri_V>li_V,2,DE-N2,GP,boot,300,True,0.0928187763690952,0.0807461292205844,0.0008008224963876,0.0663333333333333,0.0007852617539179,0.071,1.1383333333333334,1.99951339335334,"[[26.000001907348633, -Infinity], 28.0]",0.700467586517334
fing_x_fing,4,0.001,ri_V>li_V,2,MAXMONO-K3,GP,boot,300,True,0.1454889040739971,0.1428846235000266,0.000887740357897,0.0766666666666666,0.0008680671334889,0.0806666666666666,1.0916666666666666,1.0763817939313105,"[[26.000001907348633, 11.000000953674316], 23.0]",0.6929023265838623
fing_x_fing,4,0.001,ri_V>li_V,2,MONO-cont,GP,boot,300,True,0.0928438834712659,0.0807660003641597,0.0008008224963876,0.0663333333333333,0.0007852617539179,0.071,1.1383333333333334,1.99951339335334,"[[26.000001907348633, -Infinity], 28.0]",0.8132362365722656
fing_x_fing,4,0.001,ri_V>li_V,2,S1-Marcialis,rule,boot,300,True,,,0.0006541069245303,0.1176666666666666,0.000616983438924,0.122,1.329,2.0,"[[52.000003814697266, 0.0], 26.0]",0.7347922325134277
fing_x_fing,4,0.001,ri_V>li_V,2,S2-Symmetric,rule,boot,300,True,,,0.0006541069245303,0.1176666666666666,0.000616983438924,0.122,1.329,2.0,"[[52.000003814697266, 0.0], 26.0]",2.3082597255706787
fing_x_fing,4,0.001,ri_V>li_V,2,S3-SPRT,rule,boot,300,True,,,0.0008859619873291,0.062,0.0008482827609203,0.065,1.21,1.9999846615538512,"[[7.576426642769733, -4.021631569128009], 2.4279919622304194]",26.81394648551941
fing_x_fing,4,0.001,ri_V>li_V,2,S4-Direct,rule,boot,300,True,,,0.0007874847171279,0.068,0.0007685895298432,0.071,1.1403333333333334,1.9435292875402912,"[[27.000001907348633, 3.000000238418579], 27.0]",58.44865083694458
fing_x_fing,4,0.001,parallel,2,P0-Parallel,parallel,boot,300,True,,,0.0008932977659219,0.0616666666666666,0.0008547293542291,0.0636666666666666,2.0,2.0,[7.804468154907227],
fing_x_fing,4,0.001,parallel,2,P1-LLR,parallel,boot,300,True,,,0.0008859619873291,0.062,0.0008482827609203,0.065,2.0,2.0,[2.4279919622304194],
fing_x_fing,4,0.001,parallel,2,P2-LogReg,parallel,boot,300,True,,,0.0008844059130821,0.0613333333333333,0.0008431699455374,0.0636666666666666,2.0,2.0,[2.4172661313536894],
fing_x_fing,4,0.0001,li_V,1,HYP,GP,boot,300,False,,,,,,,,,,
fing_x_fing,4,0.0001,li_V,1,MONO,GP,boot,300,True,0.2503235734551777,0.2576591277693948,7.491386017561409e-05,0.245,7.091252639768812e-05,0.2593333333333333,1.0,1.0,[32.0],0.4911384582519531
fing_x_fing,4,0.0001,li_V,1,MONO-rel,GP,boot,300,True,0.3816549478900725,0.406693487845556,7.491386017561409e-05,0.245,7.091252639768812e-05,0.2593333333333333,1.0,1.0,[32.0],0.4143769741058349
fing_x_fing,4,0.0001,li_V,1,NLS-N2,GP,boot,300,True,0.2522965889189381,0.2606773012678392,7.491386017561409e-05,0.245,7.091252639768812e-05,0.2593333333333333,1.0,1.0,[32.0],0.4378309249877929
fing_x_fing,4,0.0001,li_V,1,DE-N2,GP,boot,300,True,0.2492648642355661,0.2570664869437267,7.491386017561409e-05,0.245,7.091252639768812e-05,0.2593333333333333,1.0,1.0,[32.0],0.3930525779724121
fing_x_fing,4,0.0001,li_V,1,MAXMONO-K3,GP,boot,300,True,0.7159983448940488,0.7853298806836705,7.491386017561409e-05,0.245,7.091252639768812e-05,0.2593333333333333,1.0,1.0,[32.0],0.5392332077026367
fing_x_fing,4,0.0001,li_V,1,MONO-cont,GP,boot,300,True,0.2492650917128384,0.2570666144035041,7.491386017561409e-05,0.245,7.091252639768812e-05,0.2593333333333333,1.0,1.0,[32.0],0.405301570892334
fing_x_fing,4,0.0001,ri_V,1,HYP,GP,boot,300,False,,,,,,,,,,
fing_x_fing,4,0.0001,ri_V,1,MONO,GP,boot,300,True,0.175334177473165,0.1806024625834638,7.813715683005446e-05,0.1706666666666666,8.925197287984884e-05,0.172,1.0,1.0,[32.0],0.3897113800048828
fing_x_fing,4,0.0001,ri_V,1,MONO-rel,GP,boot,300,True,0.2885173773530305,0.3076302217823259,7.813715683005446e-05,0.1706666666666666,8.925197287984884e-05,0.172,1.0,1.0,[32.0],0.3809573650360107
fing_x_fing,4,0.0001,ri_V,1,NLS-N2,GP,boot,300,True,0.1765131342381792,0.1822329624344391,7.813715683005446e-05,0.1706666666666666,8.925197287984884e-05,0.172,1.0,1.0,[32.0],0.3992915153503418
fing_x_fing,4,0.0001,ri_V,1,DE-N2,GP,boot,300,True,0.1746059650525341,0.1794996840169052,7.813715683005446e-05,0.1706666666666666,8.925197287984884e-05,0.172,1.0,1.0,[32.0],0.477914810180664
fing_x_fing,4,0.0001,ri_V,1,MAXMONO-K3,GP,boot,300,True,0.4690980033856842,0.510143078855427,7.813715683005446e-05,0.1706666666666666,8.925197287984884e-05,0.172,1.0,1.0,[32.0],0.3862662315368652
fing_x_fing,4,0.0001,ri_V,1,MONO-cont,GP,boot,300,True,0.1746019894857931,0.1794936695055924,7.813715683005446e-05,0.1706666666666666,8.925197287984884e-05,0.172,1.0,1.0,[32.0],0.4054481983184814
fing_x_fing,4,0.0001,li_V>ri_V,2,HYP,GP,boot,300,False,,,,,,,,,,
fing_x_fing,4,0.0001,li_V>ri_V,2,MONO,GP,boot,300,True,0.1507414780418158,0.1347039266532494,7.602534178059354e-05,0.101,7.913749027453596e-05,0.103,1.276333333333333,1.9541362676447704,"[[33.000003814697266, 3.000000238418579], 34.0]",0.549053430557251
fing_x_fing,4,0.0001,li_V>ri_V,2,MONO-rel,GP,boot,300,True,0.1671082119961863,0.1902764125238302,7.591419362009559e-05,0.1333333333333333,7.046793375569634e-05,0.1393333333333333,1.193,1.056303323329999,"[[33.000003814697266, 12.000000953674316], 30.0]",0.4765121936798095
fing_x_fing,4,0.0001,li_V>ri_V,2,NLS-N2,GP,boot,300,True,0.1416568928980557,0.1278684842146547,7.602534178059354e-05,0.101,7.913749027453596e-05,0.103,1.276333333333333,1.9541362676447704,"[[33.000003814697266, 3.000000238418579], 34.0]",0.6157701015472412
fing_x_fing,4,0.0001,li_V>ri_V,2,DE-N2,GP,boot,300,True,0.1439530883653069,0.1293112596727772,7.602534178059354e-05,0.101,7.913749027453596e-05,0.103,1.276333333333333,1.9541362676447704,"[[33.000003814697266, 3.000000238418579], 34.0]",0.5471463203430176
fing_x_fing,4,0.0001,li_V>ri_V,2,MAXMONO-K3,GP,boot,300,True,0.3160590120425555,0.36294043803539,8.347226853395576e-05,0.164,7.92486384350339e-05,0.1733333333333333,1.1216666666666666,1.00486828942981,"[[32.000003814697266, 19.000001907348633], 25.0]",0.3999166488647461
fing_x_fing,4,0.0001,li_V>ri_V,2,MONO-cont,GP,boot,300,True,0.1439517867933126,0.1293100585924705,7.602534178059354e-05,0.101,7.913749027453596e-05,0.103,1.276333333333333,1.9541362676447704,"[[33.000003814697266, 3.000000238418579], 34.0]",0.7640118598937988
fing_x_fing,4,0.0001,li_V>ri_V,2,S1-Marcialis,rule,boot,300,True,,,7.813715683005446e-05,0.116,8.969656552184061e-05,0.1216666666666666,1.392,1.996688340557964,"[[45.000003814697266, 3.0], 32.0]",0.5842206478118896
fing_x_fing,4,0.0001,li_V>ri_V,2,S2-Symmetric,rule,boot,300,True,,,7.813715683005446e-05,0.116,8.969656552184061e-05,0.1216666666666666,1.392,1.996688340557964,"[[45.000003814697266, 3.0], 32.0]",2.182420015335083
fing_x_fing,4,0.0001,li_V>ri_V,2,S3-SPRT,rule,boot,300,True,,,8.347226853395576e-05,0.088,8.436145381793931e-05,0.0923333333333333,1.3036666666666668,1.9999895520729127,"[[7.821011935036726, -3.413872085945516], 5.536666815913021]",31.080140829086304
fing_x_fing,4,0.0001,li_V>ri_V,2,S4-Direct,rule,boot,300,True,,,7.435811937312438e-05,0.102,7.64699344225853e-05,0.1046666666666666,1.273,1.8351162609758809,"[[33.000003814697266, 4.000000476837158], 34.0]",56.374727964401245
fing_x_fing,4,0.0001,ri_V>li_V,2,HYP,GP,boot,300,False,,,,,,,,,,
fing_x_fing,4,0.0001,ri_V>li_V,2,MONO,GP,boot,300,True,0.1091325673434784,0.0962291339923501,7.635878626208737e-05,0.101,7.947093475602979e-05,0.103,1.188,1.99502456374347,"[[33.000003814697266, 1.401298464324817e-45], 34.0]",0.5302729606628418
fing_x_fing,4,0.0001,ri_V>li_V,2,MONO-rel,GP,boot,300,True,0.1362404060346058,0.1553812169594656,7.724797154607092e-05,0.1106666666666666,8.058241636100922e-05,0.11,1.1233333333333333,1.027052684228076,"[[33.000003814697266, 14.000000953674316], 28.0]",0.5093584060668945
fing_x_fing,4,0.0001,ri_V>li_V,2,NLS-N2,GP,boot,300,True,0.106320911631801,0.0947165020564612,7.635878626208737e-05,0.1006666666666666,7.947093475602979e-05,0.1026666666666666,1.1883333333333332,1.999955096143159,"[[33.000003814697266, -Infinity], 34.0]",0.4742991924285888
fing_x_fing,4,0.0001,ri_V>li_V,2,DE-N2,GP,boot,300,True,0.1128590173591039,0.0986790773347111,7.635878626208737e-05,0.1006666666666666,7.947093475602979e-05,0.1026666666666666,1.1883333333333332,1.999955096143159,"[[33.000003814697266, -Infinity], 34.0]",0.4668004512786865
fing_x_fing,4,0.0001,ri_V>li_V,2,MAXMONO-K3,GP,boot,300,True,0.2332177240000423,0.2801982581833721,8.158274980549072e-05,0.1176666666666666,8.902967655885295e-05,0.1196666666666666,1.0833333333333333,1.0050556852284094,"[[32.000003814697266, 19.000001907348633], 25.0]",0.3560588359832763
fing_x_fing,4,0.0001,ri_V>li_V,2,MONO-cont,GP,boot,300,True,0.1128799128825209,0.0986926753330648,7.635878626208737e-05,0.1006666666666666,7.947093475602979e-05,0.1026666666666666,1.1883333333333332,1.999955096143159,"[[33.000003814697266, -Infinity], 34.0]",0.5102434158325195
fing_x_fing,4,0.0001,ri_V>li_V,2,S1-Marcialis,rule,boot,300,True,,,7.491386017561409e-05,0.143,7.091252639768812e-05,0.148,1.329,2.0,"[[52.000003814697266, 0.0], 32.0]",0.5301327705383301
fing_x_fing,4,0.0001,ri_V>li_V,2,S2-Symmetric,rule,boot,300,True,,,7.491386017561409e-05,0.143,7.091252639768812e-05,0.148,1.329,2.0,"[[52.000003814697266, 0.0], 32.0]",2.172476530075073
fing_x_fing,4,0.0001,ri_V>li_V,2,S3-SPRT,rule,boot,300,True,,,8.413915749694343e-05,0.0856666666666666,8.958541736134267e-05,0.09,1.179,1.9999382016227631,"[[6.212139815193523, -4.021631569128009], 6.485346649615607]",27.00125217437744
fing_x_fing,4,0.0001,ri_V>li_V,2,S4-Direct,rule,boot,300,True,,,8.113815716349894e-05,0.0986666666666666,8.469489829943314e-05,0.0996666666666666,1.178,1.943813382238524,"[[32.000003814697266, 3.000000238418579], 35.0]",56.66609406471253
fing_x_fing,4,0.0001,parallel,2,P0-Parallel,parallel,boot,300,True,,,8.247193508947427e-05,0.0893333333333333,8.213849060798043e-05,0.0926666666666666,2.0,2.0,[10.707359313964844],
fing_x_fing,4,0.0001,parallel,2,P1-LLR,parallel,boot,300,True,,,8.169389796598867e-05,0.0896666666666666,8.369456485495165e-05,0.0923333333333333,2.0,2.0,[5.501272444402411],
fing_x_fing,4,0.0001,parallel,2,P2-LogReg,parallel,boot,300,True,,,8.191619428698455e-05,0.0903333333333333,8.113815716349894e-05,0.0913333333333333,2.0,2.0,[4.751749148578648],
fing_x_fing,4,0.01,li_V,1,LR-P1-N2,GP,boot,300,True,0.15259212302214795,0.15790760342429705,0.007247526953428921,0.13333333333333333,0.006935200622429699,0.14166666666666666,1.0,1.0,[19.0],1.6056225299835205
fing_x_fing,4,0.01,li_V,1,LR-P1-N3,GP,boot,300,True,0.15259212302214795,0.15790760342429705,0.007247526953428921,0.13333333333333333,0.006935200622429699,0.14166666666666666,1.0,1.0,[19.0],1.5496115684509277
fing_x_fing,4,0.01,li_V,1,LR-P2-N2,GP,boot,300,True,0.1640161300252176,0.16901608569856377,0.007247526953428921,0.13333333333333333,0.006935200622429699,0.14166666666666666,1.0,1.0,[19.0],1.4902656078338623
fing_x_fing,4,0.01,li_V,1,LR-P1-N2-rel,GP,boot,300,True,0.13862466614948907,0.14881663456063682,0.007247526953428921,0.13333333333333333,0.006935200622429699,0.14166666666666666,1.0,1.0,[19.0],1.4790582656860352
fing_x_fing,4,0.01,li_V,1,LR-P2-N2-rel,GP,boot,300,True,0.15199541187661741,0.16655134419156387,0.007247526953428921,0.13333333333333333,0.006935200622429699,0.14166666666666666,1.0,1.0,[19.0],1.5706253051757812
fing_x_fing,4,0.01,ri_V,1,LR-P1-N2,GP,boot,300,True,0.104290235989214,0.1079214563302434,0.0073610092252973216,0.08333333333333333,0.00713082138490608,0.08933333333333333,1.0,1.0,[19.0],1.521653652191162
fing_x_fing,4,0.01,ri_V,1,LR-P1-N3,GP,boot,300,True,0.104290235989214,0.1079214563302434,0.0073610092252973216,0.08333333333333333,0.00713082138490608,0.08933333333333333,1.0,1.0,[19.0],1.58882474899292
fing_x_fing,4,0.01,ri_V,1,LR-P2-N2,GP,boot,300,True,0.10179239543347753,0.10553199919808313,0.0073610092252973216,0.08333333333333333,0.00713082138490608,0.08933333333333333,1.0,1.0,[19.0],1.432931900024414
fing_x_fing,4,0.01,ri_V,1,LR-P1-N2-rel,GP,boot,300,True,0.08534735348140969,0.09200000000000001,0.0073610092252973216,0.08333333333333333,0.00713082138490608,0.08933333333333333,1.0,1.0,[19.0],1.527376651763916
fing_x_fing,4,0.01,ri_V,1,LR-P2-N2-rel,GP,boot,300,True,0.09660782855720257,0.10694272573644005,0.0073610092252973216,0.08333333333333333,0.00713082138490608,0.08933333333333333,1.0,1.0,[19.0],1.5377326011657715
fing_x_fing,4,0.01,li_V>ri_V,2,LR-P1-N2,GP,boot,300,True,0.11212316690425866,0.1028390699854978,0.007328887406913415,0.04133333333333333,0.007044236967878182,0.04666666666666667,1.156,1.9506693342225185,"[[20.000001907348633, 3.000000238418579], 20.000001907348633]",1.5832173824310303
fing_x_fing,4,0.01,li_V>ri_V,2,LR-P1-N3,GP,boot,300,True,0.11212316690425866,0.1028390699854978,0.007328887406913415,0.04133333333333333,0.007044236967878182,0.04666666666666667,1.156,1.9506693342225185,"[[20.000001907348633, 3.000000238418579], 20.000001907348633]",1.672976016998291
fing_x_fing,4,0.01,li_V>ri_V,2,LR-P2-N2,GP,boot,300,True,0.1261712266873382,0.11528971484400108,0.008750694676003113,0.04033333333333333,0.008437701456040902,0.045,1.156,1.9506693342225185,"[[20.000001907348633, 3.000000238418579], 20.0]",1.6251440048217773
fing_x_fing,4,0.01,li_V>ri_V,2,LR-P1-N2-rel,GP,boot,300,True,0.06659472005362257,0.06397395272342107,0.007328887406913415,0.04133333333333333,0.007044236967878182,0.04666666666666667,1.156,1.9506693342225185,"[[20.000001907348633, 3.000000238418579], 20.000001907348633]",1.5866811275482178
fing_x_fing,4,0.01,li_V>ri_V,2,LR-P2-N2-rel,GP,boot,300,True,0.06358685832780905,0.060828713277864474,0.008750694676003113,0.04033333333333333,0.008437701456040902,0.045,1.156,1.9506693342225185,"[[20.000001907348633, 3.000000238418579], 20.0]",1.5495669841766357
fing_x_fing,4,0.01,ri_V>li_V,2,LR-P1-N2,GP,boot,300,True,0.08092751746567964,0.0715823242215544,0.007378014893853506,0.04133333333333333,0.007098810714682672,0.04666666666666667,1.1026666666666667,1.9913973546737802,"[[20.000001907348633, 1.401298464324817e-45], 20.000001907348633]",1.6317236423492432
fing_x_fing,4,0.01,ri_V>li_V,2,LR-P1-N3,GP,boot,300,True,0.08092751746567964,0.0715823242215544,0.007378014893853506,0.04133333333333333,0.007098810714682672,0.04666666666666667,1.1026666666666667,1.9913973546737802,"[[20.000001907348633, 1.401298464324817e-45], 20.000001907348633]",1.5748136043548584
fing_x_fing,4,0.01,ri_V>li_V,2,LR-P2-N2,GP,boot,300,True,0.07850980141599391,0.06832119392889312,0.008828609536512171,0.04,0.008527398021562743,0.04466666666666667,1.0956666666666666,1.9948825163943538,"[[19.000001907348633, -Infinity], 21.0]",1.427701473236084
fing_x_fing,4,0.01,ri_V>li_V,2,LR-P1-N2-rel,GP,boot,300,True,0.04396778168819485,0.041582639185247725,0.007382349672112927,0.041,0.0071049238635100586,0.04633333333333333,1.103,1.9963278870734689,"[[20.000001907348633, -Infinity], 20.000001907348633]",1.587918996810913
fing_x_fing,4,0.01,ri_V>li_V,2,LR-P2-N2-rel,GP,boot,300,True,0.04345310100828599,0.04094347772803749,0.00882427475825275,0.04033333333333333,0.008521284872735357,0.045,1.0953333333333333,1.9899519839946649,"[[19.000001907348633, 1.401298464324817e-45], 21.0]",1.4752697944641113
fing_x_fing,4,0.001,li_V,1,LR-P1-N2,GP,boot,300,True,0.1949771160892788,0.204,0.0006541069245303991,0.194,0.0006169834389240858,0.20133333333333334,1.0,1.0,[26.0],0.576179027557373
fing_x_fing,4,0.001,li_V,1,LR-P1-N3,GP,boot,300,True,0.1949771160892788,0.204,0.0006541069245303991,0.194,0.0006169834389240858,0.20133333333333334,1.0,1.0,[26.0],0.6821181774139404
fing_x_fing,4,0.001,li_V,1,LR-P2-N2,GP,boot,300,True,0.20335480096483388,0.21158706754779877,0.0006541069245303991,0.194,0.0006169834389240858,0.20133333333333334,1.0,1.0,[26.0],0.6524052619934082
fing_x_fing,4,0.001,li_V,1,LR-P1-N2-rel,GP,boot,300,True,0.23026349932053206,0.25284547787284284,0.0006541069245303991,0.194,0.0006169834389240858,0.20133333333333334,1.0,1.0,[26.0],0.6229557991027832
fing_x_fing,4,0.001,li_V,1,LR-P2-N2-rel,GP,boot,300,True,0.292400554818581,0.3298965762539245,0.0006541069245303991,0.194,0.0006169834389240858,0.20133333333333334,1.0,1.0,[26.0],0.7206382751464844
fing_x_fing,4,0.001,ri_V,1,LR-P1-N2,GP,boot,300,True,0.1349112600665002,0.1405718162958481,0.0006926753362231855,0.12733333333333333,0.0006848949649883294,0.13166666666666665,1.0,1.0,[26.0],0.7026748657226562
fing_x_fing,4,0.001,ri_V,1,LR-P1-N3,GP,boot,300,True,0.1349112600665002,0.1405718162958481,0.0006926753362231855,0.12733333333333333,0.0006848949649883294,0.13166666666666665,1.0,1.0,[26.0],0.602618932723999
fing_x_fing,4,0.001,ri_V,1,LR-P2-N2,GP,boot,300,True,0.13350882545294565,0.13941291470244627,0.0006926753362231855,0.12733333333333333,0.0006848949649883294,0.13166666666666665,1.0,1.0,[26.0],0.6519253253936768
fing_x_fing,4,0.001,ri_V,1,LR-P1-N2-rel,GP,boot,300,True,0.15005341577075582,0.16418790828921642,0.0006926753362231855,0.12733333333333333,0.0006848949649883294,0.13166666666666665,1.0,1.0,[26.0],0.6571307182312012
fing_x_fing,4,0.001,ri_V,1,LR-P2-N2-rel,GP,boot,300,True,0.20740745659467189,0.2342928707852196,0.0006926753362231855,0.12733333333333333,0.0006848949649883294,0.13166666666666665,1.0,1.0,[26.0],0.6132047176361084
fing_x_fing,4,0.001,li_V>ri_V,2,LR-P1-N2,GP,boot,300,True,0.12421373252813019,0.11197036889316414,0.0007947093475602979,0.068,0.0007693675669667667,0.071,1.2116666666666667,1.9537409136378794,"[[26.000001907348633, 3.000000238418579], 28.0]",0.7857215404510498
fing_x_fing,4,0.001,li_V>ri_V,2,LR-P1-N3,GP,boot,300,True,0.12421373252813019,0.11197036889316414,0.0007947093475602979,0.068,0.0007693675669667667,0.071,1.2116666666666667,1.9537409136378794,"[[26.000001907348633, 3.000000238418579], 28.0]",0.879871129989624
fing_x_fing,4,0.001,li_V>ri_V,2,LR-P2-N2,GP,boot,300,True,0.13825749368123808,0.1245994862682597,0.0007967100144492609,0.06666666666666667,0.0007781482716461043,0.07133333333333333,1.2193333333333334,1.953871179281983,"[[27.000001907348633, 3.000000238418579], 27.0]",0.8058018684387207
fing_x_fing,4,0.001,li_V>ri_V,2,LR-P1-N2-rel,GP,boot,300,True,0.09789190799579604,0.09188557426395336,0.0009160831388240525,0.06766666666666667,0.0008839613204401467,0.072,1.2083333333333333,1.8347209069689896,"[[26.000001907348633, 4.000000476837158], 27.0]",1.01908540725708
fing_x_fing,4,0.001,li_V>ri_V,2,LR-P2-N2-rel,GP,boot,300,True,0.11930010175244928,0.1307419205943635,0.0008467266866733356,0.08766666666666667,0.0008056018672890964,0.09666666666666666,1.1636666666666666,1.1686425475158386,"[[27.000001907348633, 9.000000953674316], 24.0]",0.8370089530944824
fing_x_fing,4,0.001,ri_V>li_V,2,LR-P1-N2,GP,boot,300,True,0.09302229434138361,0.08090444082484527,0.0008008224963876848,0.06633333333333333,0.0007852617539179726,0.071,1.1383333333333334,1.99951339335334,"[[26.000001907348633, -Infinity], 28.0]",0.6695332527160645
fing_x_fing,4,0.001,ri_V>li_V,2,LR-P1-N3,GP,boot,300,True,0.09302229434138361,0.08090444082484527,0.0008008224963876848,0.06633333333333333,0.0007852617539179726,0.071,1.1383333333333334,1.99951339335334,"[[26.000001907348633, -Infinity], 28.0]",0.8688428401947021
fing_x_fing,4,0.001,ri_V>li_V,2,LR-P2-N2,GP,boot,300,True,0.09060049127109361,0.07872919830313926,0.0008008224963876848,0.06633333333333333,0.0007852617539179726,0.071,1.1383333333333334,1.99951339335334,"[[26.000001907348633, -Infinity], 28.0]",0.7286691665649414
fing_x_fing,4,0.001,ri_V>li_V,2,LR-P1-N2-rel,GP,boot,300,True,0.07354919324206496,0.07234449280285918,0.0008503945759697677,0.06933333333333333,0.0008428365010559075,0.077,1.1173333333333333,1.3302776481049239,"[[26.000001907348633, 7.000000476837158], 26.0]",0.9602346420288086
fing_x_fing,4,0.001,ri_V>li_V,2,LR-P2-N2-rel,GP,boot,300,True,0.09316510870427583,0.1030573681338299,0.0008566188729576525,0.07433333333333333,0.0008369456485495165,0.08033333333333334,1.097,1.1096266533288874,"[[26.000001907348633, 10.000000953674316], 24.0]",0.8306949138641357
fing_x_fing,4,0.0001,li_V,1,LR-P1-N2,GP,boot,300,True,0.2492516537664629,0.25705794104995433,7.491386017561409e-05,0.245,7.091252639768812e-05,0.25933333333333336,1.0,1.0,[32.0],0.37901997566223145
fing_x_fing,4,0.0001,li_V,1,LR-P1-N3,GP,boot,300,True,0.2492516537664629,0.25705794104995433,7.491386017561409e-05,0.245,7.091252639768812e-05,0.25933333333333336,1.0,1.0,[32.0],0.4174032211303711
fing_x_fing,4,0.0001,li_V,1,LR-P2-N2,GP,boot,300,True,0.2522463128290527,0.25916492571001026,7.491386017561409e-05,0.245,7.091252639768812e-05,0.25933333333333336,1.0,1.0,[32.0],0.3695414066314697
fing_x_fing,4,0.0001,li_V,1,LR-P1-N2-rel,GP,boot,300,True,0.3824964843975306,0.4076388165427874,7.491386017561409e-05,0.245,7.091252639768812e-05,0.25933333333333336,1.0,1.0,[32.0],0.46405839920043945
fing_x_fing,4,0.0001,li_V,1,LR-P2-N2-rel,GP,boot,300,True,0.5627031401743074,0.6108751943234982,7.491386017561409e-05,0.245,7.091252639768812e-05,0.25933333333333336,1.0,1.0,[32.0],0.43486714363098145
fing_x_fing,4,0.0001,ri_V,1,LR-P1-N2,GP,boot,300,True,0.1746121811034157,0.1795107155877814,7.813715683005446e-05,0.17066666666666666,8.925197287984884e-05,0.172,1.0,1.0,[32.0],0.4152870178222656
fing_x_fing,4,0.0001,ri_V,1,LR-P1-N3,GP,boot,300,True,0.1746121811034157,0.1795107155877814,7.813715683005446e-05,0.17066666666666666,8.925197287984884e-05,0.172,1.0,1.0,[32.0],0.4176044464111328
fing_x_fing,4,0.0001,ri_V,1,LR-P2-N2,GP,boot,300,True,0.1751432351334957,0.1803137343648513,7.813715683005446e-05,0.17066666666666666,8.925197287984884e-05,0.172,1.0,1.0,[32.0],0.3634834289550781
fing_x_fing,4,0.0001,ri_V,1,LR-P1-N2-rel,GP,boot,300,True,0.2639232505297432,0.2803902891733944,7.813715683005446e-05,0.17066666666666666,8.925197287984884e-05,0.172,1.0,1.0,[32.0],0.4759695529937744
fing_x_fing,4,0.0001,ri_V,1,LR-P2-N2-rel,GP,boot,300,True,0.4455106960539705,0.48355524149190154,7.813715683005446e-05,0.17066666666666666,8.925197287984884e-05,0.172,1.0,1.0,[32.0],0.3985438346862793
fing_x_fing,4,0.0001,li_V>ri_V,2,LR-P1-N2,GP,boot,300,True,0.14425405901746288,0.1295557457892679,7.602534178059354e-05,0.101,7.913749027453596e-05,0.103,1.2763333333333333,1.9541362676447704,"[[33.000003814697266, 3.000000238418579], 34.0]",0.5872793197631836
fing_x_fing,4,0.0001,li_V>ri_V,2,LR-P1-N3,GP,boot,300,True,0.14425405901746288,0.1295557457892679,7.602534178059354e-05,0.101,7.913749027453596e-05,0.103,1.2763333333333333,1.9541362676447704,"[[33.000003814697266, 3.000000238418579], 34.0]",0.5461595058441162
fing_x_fing,4,0.0001,li_V>ri_V,2,LR-P2-N2,GP,boot,300,True,0.15794995953295413,0.14046028748379952,7.602534178059354e-05,0.101,7.913749027453596e-05,0.103,1.2763333333333333,1.9541362676447704,"[[33.000003814697266, 3.000000238418579], 34.0]",0.6579017639160156
fing_x_fing,4,0.0001,li_V>ri_V,2,LR-P1-N2-rel,GP,boot,300,True,0.16260186188342082,0.17753345430182507,8.224963876847838e-05,0.127,8.002667555851951e-05,0.13333333333333333,1.2026666666666668,1.0808756252084029,"[[33.000003814697266, 11.000000953674316], 30.0]",0.49304986000061035
fing_x_fing,4,0.0001,li_V>ri_V,2,LR-P2-N2-rel,GP,boot,300,True,0.22949753904590983,0.28930634479883677,8.413915749694343e-05,0.14566666666666667,7.991552739802156e-05,0.153,1.1663333333333334,1.0194921640546848,"[[33.000003814697266, 15.000000953674316], 27.0]",0.4105699062347412
fing_x_fing,4,0.0001,ri_V>li_V,2,LR-P1-N2,GP,boot,300,True,0.1130696144979003,0.09886175695182561,7.635878626208737e-05,0.101,7.947093475602979e-05,0.103,1.188,1.99502456374347,"[[33.000003814697266, 1.401298464324817e-45], 34.0]",0.5258736610412598
fing_x_fing,4,0.0001,ri_V>li_V,2,LR-P1-N3,GP,boot,300,True,0.1130696144979003,0.09886175695182561,7.635878626208737e-05,0.101,7.947093475602979e-05,0.103,1.188,1.99502456374347,"[[33.000003814697266, 1.401298464324817e-45], 34.0]",0.6038007736206055
fing_x_fing,4,0.0001,ri_V>li_V,2,LR-P2-N2,GP,boot,300,True,0.1103001683553487,0.09692693667827762,7.635878626208737e-05,0.10066666666666667,7.947093475602979e-05,0.10266666666666667,1.1883333333333332,1.999955096143159,"[[33.000003814697266, -Infinity], 34.0]",0.4983079433441162
fing_x_fing,4,0.0001,ri_V>li_V,2,LR-P1-N2-rel,GP,boot,300,True,0.1293075626236705,0.14469816127537521,7.724797154607092e-05,0.11066666666666666,8.058241636100922e-05,0.11,1.1233333333333333,1.027052684228076,"[[33.000003814697266, 14.000000953674316], 28.0]",0.43588781356811523
fing_x_fing,4,0.0001,ri_V>li_V,2,LR-P2-N2-rel,GP,boot,300,True,0.2000355690164479,0.2639592042385348,7.446926753362231e-05,0.116,7.691452706457708e-05,0.117,1.1076666666666666,1.009874069134156,"[[33.000003814697266, 17.000001907348633], 26.0]",0.35150599479675293
