dataset,seed,alpha,order,n_stages,method,kind,calib,B,frr_pred_gp,frr_pred_cal,feasible,far_train,frr_train,far_test,frr_test,stages_gen,stages_imp,thr,time
face_x_face,1,0.01,face_C,1,HYP,GP,boot,300,0.5792627381217099,0.6366255763559641,True,0.0090989548587947,0.097,0.0103408939292861,0.099,1.0,1.0,[0.611020028591156],0.9535400867462158
face_x_face,1,0.01,face_C,1,MONO,GP,boot,300,0.1391269743721153,0.1412448750771647,True,0.0090989548587947,0.097,0.0103408939292861,0.099,1.0,1.0,[0.611020028591156],1.016934871673584
face_x_face,1,0.01,face_C,1,MONO-rel,GP,boot,300,0.0970652802463855,0.0998542282916244,True,0.0090989548587947,0.097,0.0103408939292861,0.099,1.0,1.0,[0.611020028591156],0.9861791133880616
face_x_face,1,0.01,face_C,1,NLS-N2,GP,boot,300,0.1348284553243277,0.1369525572482409,True,0.0090989548587947,0.097,0.0103408939292861,0.099,1.0,1.0,[0.611020028591156],0.8961412906646729
face_x_face,1,0.01,face_C,1,DE-N2,GP,boot,300,0.14261376029596,0.1447250037298573,True,0.0090989548587947,0.097,0.0103408939292861,0.099,1.0,1.0,[0.611020028591156],0.9650282859802246
face_x_face,1,0.01,face_C,1,MAXMONO-K3,GP,boot,300,0.179198873036106,0.1812409345249617,True,0.0090989548587947,0.097,0.0103408939292861,0.099,1.0,1.0,[0.611020028591156],0.977569341659546
face_x_face,1,0.01,face_C,1,MONO-cont,GP,boot,300,0.142637741275417,0.1447489339712793,True,0.0090989548587947,0.097,0.0103408939292861,0.099,1.0,1.0,[0.611020028591156],0.9918737411499025
face_x_face,1,0.01,face_G,1,HYP,GP,boot,300,,,False,,,,,,,,
face_x_face,1,0.01,face_G,1,MONO,GP,boot,300,0.1807806868314917,0.1833325219675785,True,0.0091612185901712,0.131,0.0088783633533466,0.1243333333333333,1.0,1.0,[73.75025177001953],1.029935359954834
face_x_face,1,0.01,face_G,1,MONO-rel,GP,boot,300,0.1313621945111717,0.1346243087258748,True,0.0091612185901712,0.131,0.0088783633533466,0.1243333333333333,1.0,1.0,[73.75025177001953],1.0286054611206057
face_x_face,1,0.01,face_G,1,NLS-N2,GP,boot,300,0.1768610460242417,0.1794122701948762,True,0.0091612185901712,0.131,0.0088783633533466,0.1243333333333333,1.0,1.0,[73.75025177001953],0.9198739528656006
face_x_face,1,0.01,face_G,1,DE-N2,GP,boot,300,0.177152910220435,0.1797017418721154,True,0.0091612185901712,0.131,0.0088783633533466,0.1243333333333333,1.0,1.0,[73.75025177001953],0.8866338729858398
face_x_face,1,0.01,face_G,1,MAXMONO-K3,GP,boot,300,0.2377927046681907,0.2403057358670549,True,0.0091612185901712,0.131,0.0088783633533466,0.1243333333333333,1.0,1.0,[73.75025177001953],0.8565881252288818
face_x_face,1,0.01,face_G,1,MONO-cont,GP,boot,300,0.177226114914702,0.1797750168348361,True,0.0091612185901712,0.131,0.0088783633533466,0.1243333333333333,1.0,1.0,[73.75025177001953],0.8498384952545166
face_x_face,1,0.01,face_C>face_G,2,HYP,GP,boot,300,0.235404712300659,0.8254089786833128,True,0.0091040693795863,0.081,0.0100251278630197,0.082,1.058,1.046087169223927,"[[0.6175000667572021, 0.584540069103241], 73.56935119628906]",0.6780562400817871
face_x_face,1,0.01,face_C>face_G,2,MONO,GP,boot,300,0.0979877049188272,0.0846850337148642,True,0.0091821214142761,0.0766666666666666,0.0096748943740271,0.0726666666666666,1.1196666666666666,1.9942570602623968,"[[0.619640052318573, -Infinity], 74.09806823730469]",0.5800573825836182
face_x_face,1,0.01,face_C>face_G,2,MONO-rel,GP,boot,300,0.0434355099336346,0.0397069828099661,True,0.0091916833444518,0.0783333333333333,0.0097035801645541,0.074,1.1173333333333333,1.9927247053591284,"[[0.6191600561141968, -0.9999999403953552], 74.11515808105469]",0.5480103492736816
face_x_face,1,0.01,face_C>face_G,2,NLS-N2,GP,boot,300,0.092861208665474,0.0805415749471127,True,0.0091921280853902,0.0786666666666666,0.0096882366021792,0.0736666666666666,1.1183333333333334,1.9928905937291528,"[[0.6195600628852844, -0.9999999403953552], 74.09908294677734]",0.6273403167724609
face_x_face,1,0.01,face_C>face_G,2,DE-N2,GP,boot,300,0.1011540086454993,0.0875375908114902,True,0.0092021347565043,0.0786666666666666,0.0096862352679564,0.0733333333333333,1.1186666666666667,1.9930462530575936,"[[0.6199700832366943, -0.9999999403953552], 74.08222198486328]",0.5614993572235107
face_x_face,1,0.01,face_C>face_G,2,MAXMONO-K3,GP,boot,300,0.1534428656804005,0.1269535085052797,True,0.0091821214142761,0.0766666666666666,0.0096748943740271,0.0726666666666666,1.1196666666666666,1.9942570602623968,"[[0.619640052318573, -Infinity], 74.09806823730469]",0.5479333400726318
face_x_face,1,0.01,face_C>face_G,2,MONO-cont,GP,boot,300,0.1011915742622042,0.0875658668602966,True,0.0092021347565043,0.0786666666666666,0.0096862352679564,0.0733333333333333,1.1186666666666667,1.9930462530575936,"[[0.6199700832366943, -0.9999999403953552], 74.08222198486328]",0.5542824268341064
face_x_face,1,0.01,face_C>face_G,2,S1-Marcialis,rule,boot,300,,,True,0.0091612185901712,0.1276666666666666,0.0088783633533466,0.122,1.56,2.0,"[[0.7255900502204895, -1.0], 73.75025177001953]",0.916254997253418
face_x_face,1,0.01,face_C>face_G,2,S2-Symmetric,rule,boot,300,,,True,0.0092099177229263,0.09,0.0091140760507004,0.086,1.1663333333333334,1.998403380031132,"[[0.6370900869369507, -1.0], 73.81130981445312]",2.013389110565185
face_x_face,1,0.01,face_C>face_G,2,S3-SPRT,rule,boot,300,,,True,0.0090742717367133,0.0713333333333333,0.0097678452301534,0.0663333333333333,1.1213333333333333,1.82527307093618,"[[2.1052133237860273, -4.096016071584738], 1.5979536917496562]",16.86912512779236
face_x_face,1,0.01,face_C>face_G,2,S4-Direct,rule,boot,300,,,True,0.0091658883700244,0.0773333333333333,0.009842339337336,0.074,1.113,1.9470157883033128,"[[0.6176100373268127, 0.48173004388809204], 74.1865463256836]",37.29154849052429
face_x_face,1,0.01,face_G>face_C,2,HYP,GP,boot,300,,,False,,,,,,,,
face_x_face,1,0.01,face_G>face_C,2,MONO,GP,boot,300,0.1179964709164142,0.1047113075477451,True,0.0091870135645986,0.0773333333333333,0.0096755614854347,0.073,1.152,1.989371581054036,"[[74.08722686767578, 59.08088302612305], 0.6199100017547607]",0.5508303642272949
face_x_face,1,0.01,face_G>face_C,2,MONO-rel,GP,boot,300,0.0552701226107757,0.0512235562716063,True,0.0091845674894374,0.077,0.0096753391149655,0.0733333333333333,1.154,1.98955436957972,"[[74.10649871826172, 59.08088302612305], 0.6194400191307068]",0.5817821025848389
face_x_face,1,0.01,face_G>face_C,2,NLS-N2,GP,boot,300,0.1133293852617762,0.1009131321881954,True,0.0091807871914609,0.0776666666666666,0.009660440293529,0.0733333333333333,1.153,1.9894107182566156,"[[74.09099578857422, 59.08088302612305], 0.6198400259017944]",0.9061410427093506
face_x_face,1,0.01,face_G>face_C,2,DE-N2,GP,boot,300,0.1151816711768032,0.1020163802996539,True,0.0091894596397598,0.0773333333333333,0.0096504336224149,0.074,1.151,1.989265732710696,"[[74.07555389404297, 59.08088302612305], 0.6202399730682373]",1.2174122333526611
face_x_face,1,0.01,face_G>face_C,2,MAXMONO-K3,GP,boot,300,0.1872448597384491,0.1607724113856335,True,0.0091870135645986,0.0773333333333333,0.0096755614854347,0.073,1.152,1.989371581054036,"[[74.08722686767578, 59.08088302612305], 0.6199100017547607]",0.5602362155914307
face_x_face,1,0.01,face_G>face_C,2,MONO-cont,GP,boot,300,0.1152566145298757,0.1020800426148834,True,0.0091894596397598,0.0773333333333333,0.0096504336224149,0.074,1.151,1.989265732710696,"[[74.07555389404297, 59.08088302612305], 0.6202399730682373]",0.5442852973937988
face_x_face,1,0.01,face_G>face_C,2,S1-Marcialis,rule,boot,300,,,True,0.0090980653769179,0.095,0.0103404491883477,0.0956666666666666,1.7856666666666667,1.99412808539026,"[[78.57445526123047, 59.07061004638672], 0.6110100150108337]",1.0547358989715576
face_x_face,1,0.01,face_G>face_C,2,S2-Symmetric,rule,boot,300,,,True,0.0090980653769179,0.095,0.0103404491883477,0.0956666666666666,1.7856666666666667,1.99412808539026,"[[78.57445526123047, 59.07061004638672], 0.6110100150108337]",3.0370335578918457
face_x_face,1,0.01,face_G>face_C,2,S3-SPRT,rule,boot,300,,,True,0.0091320880587058,0.073,0.009450967311541,0.069,1.158,1.9010500333555704,"[[2.376721313062406, -3.8227735686689046], 1.618338474025121]",18.551166772842407
face_x_face,1,0.01,face_G>face_C,2,S4-Direct,rule,boot,300,,,True,0.0091274182788525,0.0786666666666666,0.0099561930175672,0.0763333333333333,1.166,1.6050020013342228,"[[74.30179595947266, 65.80536651611328], 0.614799976348877]",37.12532615661621
face_x_face,1,0.01,parallel,2,P0-Parallel,parallel,boot,300,,,True,0.0091149655325772,0.09,0.0095797198132088,0.0833333333333333,2.0,2.0,[3.088097095489502],
face_x_face,1,0.01,parallel,2,P1-LLR,parallel,boot,300,,,True,0.0090989548587947,0.074,0.0096459862130309,0.07,2.0,2.0,[1.2420160513403151],
face_x_face,1,0.01,parallel,2,P2-LogReg,parallel,boot,300,,,True,0.0091016233044251,0.0886666666666666,0.0097727373804758,0.081,2.0,2.0,[0.8501204599396539],
face_x_face,1,0.001,face_C,1,HYP,GP,boot,300,,,False,,,,,,,,
face_x_face,1,0.001,face_C,1,MONO,GP,boot,300,0.2010996619410049,0.2062892246807427,True,0.0008527907493884,0.189,0.0010293529019346,0.1873333333333333,1.0,1.0,[0.6428200006484985],0.3229327201843261
face_x_face,1,0.001,face_C,1,MONO-rel,GP,boot,300,0.1936706957675063,0.2031473533245406,True,0.0008527907493884,0.189,0.0010293529019346,0.1873333333333333,1.0,1.0,[0.6428200006484985],0.3237535953521728
face_x_face,1,0.001,face_C,1,NLS-N2,GP,boot,300,0.197388830966232,0.2026613731595132,True,0.0008527907493884,0.189,0.0010293529019346,0.1873333333333333,1.0,1.0,[0.6428200006484985],0.3113679885864258
face_x_face,1,0.001,face_C,1,DE-N2,GP,boot,300,0.2040756165306899,0.2091963391257785,True,0.0008527907493884,0.189,0.0010293529019346,0.1873333333333333,1.0,1.0,[0.6428200006484985],0.35931396484375
face_x_face,1,0.001,face_C,1,MAXMONO-K3,GP,boot,300,0.2663461119366093,0.284768874995677,True,0.0008527907493884,0.189,0.0010293529019346,0.1873333333333333,1.0,1.0,[0.6428200006484985],0.3854455947875976
face_x_face,1,0.001,face_C,1,MONO-cont,GP,boot,300,0.2040959810946482,0.209216225662627,True,0.0008527907493884,0.189,0.0010293529019346,0.1873333333333333,1.0,1.0,[0.6428200006484985],0.3420002460479736
face_x_face,1,0.001,face_G,1,HYP,GP,boot,300,,,False,,,,,,,,
face_x_face,1,0.001,face_G,1,MONO,GP,boot,300,0.2613075945290027,0.2679615199436306,True,0.000854569713142,0.249,0.0007631754503002,0.2426666666666666,1.0,1.0,[74.92420196533203],0.3235642910003662
face_x_face,1,0.001,face_G,1,MONO-rel,GP,boot,300,0.2503055014664846,0.2615658825325767,True,0.000854569713142,0.249,0.0007631754503002,0.2426666666666666,1.0,1.0,[74.92420196533203],0.3273425102233886
face_x_face,1,0.001,face_G,1,NLS-N2,GP,boot,300,0.2576997520406447,0.2644064489503981,True,0.000854569713142,0.249,0.0007631754503002,0.2426666666666666,1.0,1.0,[74.92420196533203],0.3231594562530517
face_x_face,1,0.001,face_G,1,DE-N2,GP,boot,300,0.2578758694132391,0.2645697111049409,True,0.000854569713142,0.249,0.0007631754503002,0.2426666666666666,1.0,1.0,[74.92420196533203],0.3063910007476806
face_x_face,1,0.001,face_G,1,MAXMONO-K3,GP,boot,300,0.3134718353083964,0.3194396541425792,True,0.000854569713142,0.249,0.0007631754503002,0.2426666666666666,1.0,1.0,[74.92420196533203],0.3577694892883301
face_x_face,1,0.001,face_G,1,MONO-cont,GP,boot,300,0.257945358268866,0.2646384079257023,True,0.000854569713142,0.249,0.0007631754503002,0.2426666666666666,1.0,1.0,[74.92420196533203],0.3874738216400146
face_x_face,1,0.001,face_C>face_G,2,HYP,GP,boot,300,,,False,,,,,,,,
face_x_face,1,0.001,face_C>face_G,2,MONO,GP,boot,300,0.1321887149743423,0.1144976724737985,True,0.0008750277963086,0.1663333333333333,0.0009221703357794,0.1633333333333333,1.2133333333333334,1.999411607738492,"[[0.6499300599098206, -Infinity], 75.23153686523438]",0.4283821582794189
face_x_face,1,0.001,face_C>face_G,2,MONO-rel,GP,boot,300,0.0855950042450172,0.1015909061265205,True,0.0008670224594173,0.1683333333333333,0.0009235045585946,0.164,1.184,1.1786820102290416,"[[0.6494800448417664, 0.5600400567054749], 75.16462707519531]",0.5046525001525879
face_x_face,1,0.001,face_C>face_G,2,NLS-N2,GP,boot,300,0.1268037884068666,0.1104598086782311,True,0.0008745830553702,0.1683333333333333,0.0009241716700022,0.163,1.2106666666666666,1.9918636869023796,"[[0.6498300433158875, 0.4601000249385834], 75.23560333251953]",0.408374547958374
face_x_face,1,0.001,face_C>face_G,2,DE-N2,GP,boot,300,0.1352765884266022,0.1169152232141966,True,0.0008774738714698,0.167,0.0009201690015565,0.164,1.2146666666666666,1.999422281521014,"[[0.6501800417900085, -Infinity], 75.21887969970703]",0.3962137699127197
face_x_face,1,0.001,face_C>face_G,2,MAXMONO-K3,GP,boot,300,0.2154469221029714,0.2246760350479779,True,0.0008616855681565,0.171,0.0009728708027573,0.1643333333333333,1.1783333333333332,1.3172310429175005,"[[0.6449800729751587, 0.5454400777816772], 75.61843872070312]",0.543337345123291
face_x_face,1,0.001,face_C>face_G,2,MONO-cont,GP,boot,300,0.1353179165767927,0.116966065231268,True,0.000876584389593,0.169,0.0009195018901489,0.165,1.2133333333333334,1.998088948187681,"[[0.6501800417900085, -0.9999999403953552], 75.21887969970703]",0.449697732925415
face_x_face,1,0.001,face_C>face_G,2,S1-Marcialis,rule,boot,300,,,True,0.000854569713142,0.2403333333333333,0.0007631754503002,0.2363333333333333,1.56,2.0,"[[0.7255900502204895, -1.0], 74.92420196533203]",0.3952844142913818
face_x_face,1,0.001,face_C>face_G,2,S2-Symmetric,rule,boot,300,,,True,0.000854569713142,0.2403333333333333,0.0007631754503002,0.2363333333333333,1.56,2.0,"[[0.7255900502204895, -1.0], 74.92420196533203]",1.441476821899414
face_x_face,1,0.001,face_C>face_G,2,S3-SPRT,rule,boot,300,,,True,0.0008650211251945,0.142,0.0009259506337558,0.1436666666666666,1.264,1.8301383144318435,"[[5.870513316505598, -4.096016071584738], 5.5917950804404875]",17.274708032608032
face_x_face,1,0.001,face_C>face_G,2,S4-Direct,rule,boot,300,,,True,0.0008567934178341,0.1596666666666666,0.000983544585279,0.1636666666666666,1.099,1.0091340893929286,"[[0.6464300751686096, 0.6116400361061096], 74.78777313232422]",31.289729356765747
face_x_face,1,0.001,face_G>face_C,2,HYP,GP,boot,300,,,False,,,,,,,,
face_x_face,1,0.001,face_G>face_C,2,MONO,GP,boot,300,0.1521528771289973,0.134554782467632,True,0.0008741383144318,0.167,0.0008972648432288,0.1636666666666666,1.278,1.9936430953969315,"[[75.17237854003906, 59.08088302612305], 0.6516600251197815]",0.4191212654113769
face_x_face,1,0.001,face_G>face_C,2,MONO-rel,GP,boot,300,0.1011112374841961,0.1144952017265939,True,0.0008728040916166,0.1723333333333333,0.0008950411385368,0.1686666666666666,1.2563333333333333,1.2783833666889035,"[[75.1882095336914, 66.90068054199219], 0.6499699950218201]",0.6111199855804443
face_x_face,1,0.001,face_G>face_C,2,NLS-N2,GP,boot,300,0.1472263177588303,0.1306870659203359,True,0.0008730264620858,0.1673333333333333,0.0008941516566599,0.1633333333333333,1.278333333333333,1.9936477651767843,"[[75.17506408691406, 59.08088302612305], 0.6516100168228149]",0.4399228096008301
face_x_face,1,0.001,face_G>face_C,2,DE-N2,GP,boot,300,0.1492609641657922,0.1320738784477522,True,0.000872136980209,0.1676666666666666,0.0008937069157215,0.1623333333333333,1.2753333333333334,1.9936326439848788,"[[75.16165924072266, 59.08088302612305], 0.6520500183105469]",0.4337606430053711
face_x_face,1,0.001,face_G>face_C,2,MAXMONO-K3,GP,boot,300,0.2415724224215007,0.2463531291919986,True,0.0008705803869246,0.1783333333333333,0.0008663553480097,0.1733333333333333,1.24,1.2761843451189685,"[[75.09373474121094, 66.91083526611328], 0.6539099812507629]",0.5523862838745117
face_x_face,1,0.001,face_G>face_C,2,MONO-cont,GP,boot,300,0.1493396735320085,0.1321375711868561,True,0.000872136980209,0.1676666666666666,0.0008937069157215,0.1623333333333333,1.2753333333333334,1.9936326439848788,"[[75.16165924072266, 59.08088302612305], 0.6520500183105469]",0.5398294925689697
face_x_face,1,0.001,face_G>face_C,2,S1-Marcialis,rule,boot,300,,,True,0.0008525683789192,0.186,0.001030909495219,0.183,1.7856666666666667,1.99412808539026,"[[78.57445526123047, 59.07061004638672], 0.6428200006484985]",0.421330451965332
face_x_face,1,0.001,face_G>face_C,2,S2-Symmetric,rule,boot,300,,,True,0.0008525683789192,0.186,0.001030909495219,0.183,1.7856666666666667,1.99412808539026,"[[78.57445526123047, 59.07061004638672], 0.6428200006484985]",2.3298165798187256
face_x_face,1,0.001,face_G>face_C,2,S3-SPRT,rule,boot,300,,,True,0.0008645763842561,0.1446666666666666,0.0009150544807649,0.1463333333333333,1.4503333333333333,1.905110295752724,"[[7.9451730632765365, -3.8227735686689046], 5.563002815773655]",19.352231740951535
face_x_face,1,0.001,face_G>face_C,2,S4-Direct,rule,boot,300,,,True,0.0008656882366021,0.1653333333333333,0.0009404047142539,0.1613333333333333,1.2506666666666666,1.02559328441183,"[[75.62210083007812, 73.11410522460938], 0.6359900236129761]",30.57122921943665
face_x_face,1,0.001,parallel,2,P0-Parallel,parallel,boot,300,,,True,0.0008623526795641,0.155,0.0009092728485657,0.1556666666666666,2.0,2.0,[3.775266170501709],
face_x_face,1,0.001,parallel,2,P1-LLR,parallel,boot,300,,,True,0.0008661329775405,0.146,0.0009163887035801,0.146,2.0,2.0,[5.558580273737935],
face_x_face,1,0.001,parallel,2,P2-LogReg,parallel,boot,300,,,True,0.0008516788970424,0.155,0.0009219479653102,0.1556666666666666,2.0,2.0,[1.9079021052528535],
face_x_face,1,0.0001,face_C,1,HYP,GP,boot,300,,,False,,,,,,,,
face_x_face,1,0.0001,face_C,1,MONO,GP,boot,300,0.2906774492530897,0.3029885987215737,True,7.716255281298643e-05,0.2966666666666667,9.984434067155882e-05,0.2866666666666667,1.0,1.0,[0.6705099940299988],0.2267882823944091
face_x_face,1,0.0001,face_C,1,MONO-rel,GP,boot,300,0.3864238407787083,0.4176783231098608,True,7.716255281298643e-05,0.2966666666666667,9.984434067155882e-05,0.2866666666666667,1.0,1.0,[0.6705099940299988],0.1872792243957519
face_x_face,1,0.0001,face_C,1,NLS-N2,GP,boot,300,0.288977208086323,0.301649367357589,True,7.716255281298643e-05,0.2966666666666667,9.984434067155882e-05,0.2866666666666667,1.0,1.0,[0.6705099940299988],0.2120993137359619
face_x_face,1,0.0001,face_C,1,DE-N2,GP,boot,300,0.2920255182666781,0.3040490710399944,True,7.716255281298643e-05,0.2966666666666667,9.984434067155882e-05,0.2866666666666667,1.0,1.0,[0.6705099940299988],0.1983370780944824
face_x_face,1,0.0001,face_C,1,MAXMONO-K3,GP,boot,300,0.7005616529926478,0.781152082308286,True,7.716255281298643e-05,0.2966666666666667,9.984434067155882e-05,0.2866666666666667,1.0,1.0,[0.6705099940299988],0.1918075084686279
face_x_face,1,0.0001,face_C,1,MONO-cont,GP,boot,300,0.2920346966133994,0.3040562871663795,True,7.716255281298643e-05,0.2966666666666667,9.984434067155882e-05,0.2866666666666667,1.0,1.0,[0.6705099940299988],0.1866633892059326
face_x_face,1,0.0001,face_G,1,HYP,GP,boot,300,,,False,,,,,,,,
face_x_face,1,0.0001,face_G,1,MONO,GP,boot,300,0.3777043895301715,0.3957358632857044,True,7.471647765176785e-05,0.3883333333333333,5.292417167000223e-05,0.3773333333333333,1.0,1.0,[75.94538116455078],0.2004084587097168
face_x_face,1,0.0001,face_G,1,MONO-rel,GP,boot,300,0.4769473005344787,0.5175041131339072,True,7.471647765176785e-05,0.3883333333333333,5.292417167000223e-05,0.3773333333333333,1.0,1.0,[75.94538116455078],0.2305610179901123
face_x_face,1,0.0001,face_G,1,NLS-N2,GP,boot,300,0.3754877837412955,0.3938128926377315,True,7.471647765176785e-05,0.3883333333333333,5.292417167000223e-05,0.3773333333333333,1.0,1.0,[75.94538116455078],0.1919379234313964
face_x_face,1,0.0001,face_G,1,DE-N2,GP,boot,300,0.3753817193456588,0.3936535281641755,True,7.471647765176785e-05,0.3883333333333333,5.292417167000223e-05,0.3773333333333333,1.0,1.0,[75.94538116455078],0.1898996829986572
face_x_face,1,0.0001,face_G,1,MAXMONO-K3,GP,boot,300,0.6884367380262735,0.7645997255777617,True,7.471647765176785e-05,0.3883333333333333,5.292417167000223e-05,0.3773333333333333,1.0,1.0,[75.94538116455078],0.2280220985412597
face_x_face,1,0.0001,face_G,1,MONO-cont,GP,boot,300,0.3754289139863898,0.3936958579258862,True,7.471647765176785e-05,0.3883333333333333,5.292417167000223e-05,0.3773333333333333,1.0,1.0,[75.94538116455078],0.2130839824676513
face_x_face,1,0.0001,face_C>face_G,2,HYP,GP,boot,300,,,False,,,,,,,,
face_x_face,1,0.0001,face_C>face_G,2,MONO,GP,boot,300,0.1910654456046747,0.1967982138542295,True,8.00533689126084e-05,0.2843333333333333,7.716255281298643e-05,0.269,1.276,1.1102706248610184,"[[0.6770400404930115, 0.5705100893974304], 76.1556167602539]",0.2967233657836914
face_x_face,1,0.0001,face_C>face_G,2,MONO-rel,GP,boot,300,0.1707844863196759,0.2964464365464591,True,8.094285078941517e-05,0.2756666666666666,8.361129641983545e-05,0.264,1.2336666666666667,1.019118078719146,"[[0.6763400435447693, 0.6015500426292419], 75.96634674072266]",0.2031092643737793
face_x_face,1,0.0001,face_C>face_G,2,NLS-N2,GP,boot,300,0.1856407202434382,0.1943473668768332,True,7.960862797420503e-05,0.2843333333333333,7.80520346897932e-05,0.269,1.274333333333333,1.1043248832555037,"[[0.6767900586128235, 0.57163006067276], 76.15934753417969]",0.3153870105743408
face_x_face,1,0.0001,face_C>face_G,2,DE-N2,GP,boot,300,0.1935724284241843,0.1985914233053207,True,8.00533689126084e-05,0.2836666666666667,7.716255281298643e-05,0.268,1.276333333333333,1.1095176784523015,"[[0.6772900819778442, 0.570650041103363], 76.1275405883789]",0.2953505516052246
face_x_face,1,0.0001,face_C>face_G,2,MAXMONO-K3,GP,boot,300,0.398688001823765,0.811388940958685,True,7.80520346897932e-05,0.2753333333333333,9.58416722259284e-05,0.2676666666666666,1.167,1.0046290860573717,"[[0.6712800860404968, 0.622420072555542], 76.38484191894531]",0.1811761856079101
face_x_face,1,0.0001,face_C>face_G,2,MONO-cont,GP,boot,300,0.1936182125973331,0.1986087281679154,True,8.00533689126084e-05,0.2836666666666667,7.716255281298643e-05,0.268,1.276333333333333,1.1095772737380476,"[[0.6772900819778442, 0.5706400871276855], 76.1275405883789]",0.2685441970825195
face_x_face,1,0.0001,face_C>face_G,2,S1-Marcialis,rule,boot,300,,,True,7.471647765176785e-05,0.362,5.292417167000223e-05,0.3523333333333333,1.56,2.0,"[[0.7255900502204895, -1.0], 75.94538116455078]",0.3590576648712158
face_x_face,1,0.0001,face_C>face_G,2,S2-Symmetric,rule,boot,300,,,True,7.471647765176785e-05,0.362,5.292417167000223e-05,0.3523333333333333,1.56,2.0,"[[0.7255900502204895, -1.0], 75.94538116455078]",1.4163355827331543
face_x_face,1,0.0001,face_C>face_G,2,S3-SPRT,rule,boot,300,,,True,7.938625750500334e-05,0.244,9.228374471870136e-05,0.2356666666666666,1.3923333333333334,1.830289971091839,"[[8.465382334066136, -4.096016071584738], 9.618678354503071]",16.691972732543945
face_x_face,1,0.0001,face_C>face_G,2,S4-Direct,rule,boot,300,,,True,7.871914609739826e-05,0.261,9.762063597954192e-05,0.255,1.147,1.0012973093173227,"[[0.6789500713348389, 0.6393700838088989], 75.17594146728516]",28.642201900482178
face_x_face,1,0.0001,face_G>face_C,2,HYP,GP,boot,300,,,False,,,,,,,,
face_x_face,1,0.0001,face_G>face_C,2,MONO,GP,boot,300,0.2177973028671367,0.2174790894275739,True,7.960862797420503e-05,0.2883333333333333,7.605070046697799e-05,0.272,1.3816666666666666,1.2472294863242162,"[[76.15604400634766, 67.07879638671875], 0.6787999868392944]",0.3801977634429931
face_x_face,1,0.0001,face_G>face_C,2,MONO-rel,GP,boot,300,0.1926634911707809,0.3347402032836726,True,7.960862797420503e-05,0.2816666666666667,8.338892595063375e-05,0.2663333333333333,1.3263333333333334,1.0266577718478986,"[[76.17184448242188, 73.0894546508789], 0.6743999719619751]",0.2065932750701904
face_x_face,1,0.0001,face_G>face_C,2,NLS-N2,GP,boot,300,0.212783428085733,0.2155614285965781,True,7.960862797420503e-05,0.2886666666666667,7.56059595285746e-05,0.2703333333333333,1.38,1.2251098510117857,"[[76.15935516357422, 67.28137969970703], 0.6783999800682068]",0.3577871322631836
face_x_face,1,0.0001,face_G>face_C,2,DE-N2,GP,boot,300,0.2149859944701882,0.2148223090999767,True,7.916388703580165e-05,0.2876666666666667,7.582832999777629e-05,0.2713333333333333,1.3773333333333333,1.257261285301312,"[[76.13079833984375, 67.01412963867188], 0.6792799830436707]",0.3209536075592041
face_x_face,1,0.0001,face_G>face_C,2,MAXMONO-K3,GP,boot,300,0.3949057849400669,0.8082300287814363,True,7.671781187458306e-05,0.3083333333333333,5.915054480764954e-05,0.293,1.2896666666666667,1.0193475650433623,"[[76.00548553466797, 73.29460144042969], 0.6873499751091003]",0.2118077278137207
face_x_face,1,0.0001,face_G>face_C,2,MONO-cont,GP,boot,300,0.2150653169498015,0.2148660379446322,True,7.916388703580165e-05,0.2876666666666667,7.582832999777629e-05,0.2713333333333333,1.3773333333333333,1.2575021125194574,"[[76.13079833984375, 67.01276397705078], 0.6792799830436707]",0.3514044284820556
face_x_face,1,0.0001,face_G>face_C,2,S1-Marcialis,rule,boot,300,,,True,7.716255281298643e-05,0.2903333333333333,0.0001014009339559,0.2806666666666667,1.7856666666666667,1.99412808539026,"[[78.57445526123047, 59.07061004638672], 0.6705099940299988]",0.2989065647125244
face_x_face,1,0.0001,face_G>face_C,2,S2-Symmetric,rule,boot,300,,,True,7.716255281298643e-05,0.2903333333333333,0.0001014009339559,0.2806666666666667,1.7856666666666667,1.99412808539026,"[[78.57445526123047, 59.07061004638672], 0.6705099940299988]",2.168407201766968
face_x_face,1,0.0001,face_G>face_C,2,S3-SPRT,rule,boot,300,,,True,7.782966422059151e-05,0.2466666666666666,8.872581721147431e-05,0.235,1.5333333333333334,1.905120080053369,"[[8.866890649743551, -3.8227735686689046], 9.67986357983009]",18.16095995903015
face_x_face,1,0.0001,face_G>face_C,2,S4-Direct,rule,boot,300,,,True,7.960862797420503e-05,0.2623333333333333,8.605737158105403e-05,0.255,1.2886666666666666,1.0044491883477875,"[[76.35474395751953, 74.1112289428711], 0.6617699861526489]",28.041678428649902
face_x_face,1,0.0001,parallel,2,P0-Parallel,parallel,boot,300,,,True,7.827440515899489e-05,0.2533333333333333,8.716922392706249e-05,0.2423333333333333,2.0,2.0,[4.351478576660156],
face_x_face,1,0.0001,parallel,2,P1-LLR,parallel,boot,300,,,True,7.871914609739826e-05,0.248,9.094952190349122e-05,0.2386666666666666,2.0,2.0,[9.615626193617121],
face_x_face,1,0.0001,parallel,2,P2-LogReg,parallel,boot,300,,,True,7.80520346897932e-05,0.251,9.472981987991994e-05,0.2406666666666666,2.0,2.0,[2.7636322990103235],
face_x_face,1,0.01,face_C,1,LR-P1-N2,GP,boot,300,0.14155699491228163,0.14366842614411585,True,0.009098954858794752,0.097,0.01034089392928619,0.099,1.0,1.0,[0.611020028591156],0.9384312629699707
face_x_face,1,0.01,face_C,1,LR-P1-N3,GP,boot,300,0.14155699491228163,0.14366842614411585,True,0.009098954858794752,0.097,0.01034089392928619,0.099,1.0,1.0,[0.611020028591156],0.8738577365875244
face_x_face,1,0.01,face_C,1,LR-P2-N2,GP,boot,300,0.16954423300945726,0.17159262906213965,True,0.009098954858794752,0.097,0.01034089392928619,0.099,1.0,1.0,[0.611020028591156],0.878777265548706
face_x_face,1,0.01,face_C,1,LR-P1-N2-rel,GP,boot,300,0.09722037109692669,0.09998981387946324,True,0.009098954858794752,0.097,0.01034089392928619,0.099,1.0,1.0,[0.611020028591156],1.010873556137085
face_x_face,1,0.01,face_C,1,LR-P2-N2-rel,GP,boot,300,0.09597329752405125,0.09909155601141748,True,0.009098954858794752,0.097,0.01034089392928619,0.099,1.0,1.0,[0.611020028591156],1.062894344329834
face_x_face,1,0.01,face_G,1,LR-P1-N2,GP,boot,300,0.17726962024003856,0.1798160063988279,True,0.009161218590171225,0.131,0.008878363353346675,0.12433333333333334,1.0,1.0,[73.75025177001953],0.9206929206848145
face_x_face,1,0.01,face_G,1,LR-P1-N3,GP,boot,300,0.17726962024003856,0.1798160063988279,True,0.009161218590171225,0.131,0.008878363353346675,0.12433333333333334,1.0,1.0,[73.75025177001953],0.8879852294921875
face_x_face,1,0.01,face_G,1,LR-P2-N2,GP,boot,300,0.21477538150584952,0.21730566096209472,True,0.009161218590171225,0.131,0.008878363353346675,0.12433333333333334,1.0,1.0,[73.75025177001953],0.8195013999938965
face_x_face,1,0.01,face_G,1,LR-P1-N2-rel,GP,boot,300,0.12859019991854254,0.1319286668997105,True,0.009161218590171225,0.131,0.008878363353346675,0.12433333333333334,1.0,1.0,[73.75025177001953],0.9032597541809082
face_x_face,1,0.01,face_G,1,LR-P2-N2-rel,GP,boot,300,0.12854778405795364,0.13235261315515284,True,0.009161218590171225,0.131,0.008878363353346675,0.12433333333333334,1.0,1.0,[73.75025177001953],0.9082612991333008
face_x_face,1,0.01,face_C>face_G,2,LR-P1-N2,GP,boot,300,0.10011665504961549,0.08665430661152904,True,0.009196797865243496,0.07866666666666666,0.009690905047809652,0.07333333333333333,1.1186666666666667,1.9930255726039583,"[[0.6199100613594055, -0.9999999403953552], 74.08429718017578]",0.567415714263916
face_x_face,1,0.01,face_C>face_G,2,LR-P1-N3,GP,boot,300,0.10011665504961549,0.08665430661152904,True,0.009196797865243496,0.07866666666666666,0.009690905047809652,0.07333333333333333,1.1186666666666667,1.9930255726039583,"[[0.6199100613594055, -0.9999999403953552], 74.08429718017578]",0.6201281547546387
face_x_face,1,0.01,face_C>face_G,2,LR-P2-N2,GP,boot,300,0.13811049735254574,0.1160658271862014,True,0.009190571492105849,0.07666666666666666,0.00967622859684234,0.07233333333333333,1.12,1.9943853680231265,"[[0.6199900507926941, -Infinity], 74.08393096923828]",0.5980567932128906
face_x_face,1,0.01,face_C>face_G,2,LR-P1-N2-rel,GP,boot,300,0.04353837946087779,0.03983130768711014,True,0.009193017567267066,0.07833333333333334,0.009690015565932844,0.07333333333333333,1.118,1.9928759172781854,"[[0.6195200681686401, -0.9999999403953552], 74.10025787353516]",0.5689070224761963
face_x_face,1,0.01,face_C>face_G,2,LR-P2-N2-rel,GP,boot,300,0.03983619170312891,0.03681432770269045,True,0.009178118745830554,0.07666666666666666,0.009666221925728264,0.07266666666666667,1.1193333333333333,1.9942092506115188,"[[0.6195200681686401, -Infinity], 74.10399627685547]",0.6000881195068359
face_x_face,1,0.01,face_G>face_C,2,LR-P1-N2,GP,boot,300,0.11518859739489264,0.10208893762538324,True,0.009188570157883033,0.07733333333333334,0.00965376917945297,0.074,1.1513333333333333,1.989287747387147,"[[74.07783508300781, 59.08088302612305], 0.6201800107955933]",0.6268994808197021
face_x_face,1,0.01,face_G>face_C,2,LR-P1-N3,GP,boot,300,0.11518859739489264,0.10208893762538324,True,0.009188570157883033,0.07733333333333334,0.00965376917945297,0.074,1.1513333333333333,1.989287747387147,"[[74.07783508300781, 59.08088302612305], 0.6201800107955933]",0.6048226356506348
face_x_face,1,0.01,face_G>face_C,2,LR-P2-N2,GP,boot,300,0.15985824913718286,0.13845643209058467,True,0.009185012230375806,0.07733333333333334,0.009643762508338892,0.074,1.151,1.989255726039582,"[[74.07454681396484, 59.08088302612305], 0.6202800273895264]",0.5623602867126465
face_x_face,1,0.01,face_G>face_C,2,LR-P1-N2-rel,GP,boot,300,0.052311643437663646,0.04855917250371409,True,0.00918034245052257,0.07766666666666666,0.00966199688681343,0.07333333333333333,1.1533333333333333,1.9894198354458528,"[[74.09194946289062, 59.08088302612305], 0.6198099851608276]",0.5510604381561279
face_x_face,1,0.01,face_G>face_C,2,LR-P2-N2-rel,GP,boot,300,0.04744245491810736,0.044373382159343444,True,0.009179675339114965,0.07766666666666666,0.00966199688681343,0.07333333333333333,1.1533333333333333,1.9894198354458528,"[[74.09196472167969, 59.08088302612305], 0.6198099851608276]",0.5557105541229248
face_x_face,1,0.001,face_C,1,LR-P1-N2,GP,boot,300,0.20313601417531746,0.20827596484683247,True,0.0008527907493884813,0.189,0.001029352901934623,0.18733333333333332,1.0,1.0,[0.6428200006484985],0.346602201461792
face_x_face,1,0.001,face_C,1,LR-P1-N3,GP,boot,300,0.20313601417531746,0.20827596484683247,True,0.0008527907493884813,0.189,0.001029352901934623,0.18733333333333332,1.0,1.0,[0.6428200006484985],0.314652681350708
face_x_face,1,0.001,face_C,1,LR-P2-N2,GP,boot,300,0.2272838996908255,0.23194196703349693,True,0.0008527907493884813,0.189,0.001029352901934623,0.18733333333333332,1.0,1.0,[0.6428200006484985],0.32878851890563965
face_x_face,1,0.001,face_C,1,LR-P1-N2-rel,GP,boot,300,0.1928715167673583,0.20223061020197214,True,0.0008527907493884813,0.189,0.001029352901934623,0.18733333333333332,1.0,1.0,[0.6428200006484985],0.3123507499694824
face_x_face,1,0.001,face_C,1,LR-P2-N2-rel,GP,boot,300,0.20931333728384768,0.22091183604439044,True,0.0008527907493884813,0.189,0.001029352901934623,0.18733333333333332,1.0,1.0,[0.6428200006484985],0.42064523696899414
face_x_face,1,0.001,face_G,1,LR-P1-N2,GP,boot,300,0.2579222579247116,0.2646111764704091,True,0.0008545697131420948,0.249,0.0007631754503002002,0.24266666666666667,1.0,1.0,[74.92420196533203],0.32131409645080566
face_x_face,1,0.001,face_G,1,LR-P1-N3,GP,boot,300,0.2579222579247116,0.2646111764704091,True,0.0008545697131420948,0.249,0.0007631754503002002,0.24266666666666667,1.0,1.0,[74.92420196533203],0.29685139656066895
face_x_face,1,0.001,face_G,1,LR-P2-N2,GP,boot,300,0.2922614047437298,0.2984763527345742,True,0.0008545697131420948,0.249,0.0007631754503002002,0.24266666666666667,1.0,1.0,[74.92420196533203],0.3012197017669678
face_x_face,1,0.001,face_G,1,LR-P1-N2-rel,GP,boot,300,0.2522783301595432,0.26415773117129776,True,0.0008545697131420948,0.249,0.0007631754503002002,0.24266666666666667,1.0,1.0,[74.92420196533203],0.3061704635620117
face_x_face,1,0.001,face_G,1,LR-P2-N2-rel,GP,boot,300,0.27677191059649525,0.29164974633081286,True,0.0008545697131420948,0.249,0.0007631754503002002,0.24266666666666667,1.0,1.0,[74.92420196533203],0.29836273193359375
face_x_face,1,0.001,face_C>face_G,2,LR-P1-N2,GP,boot,300,0.13419545701554206,0.11607475366215583,True,0.0008770291305314654,0.167,0.0009203913720257949,0.164,1.2146666666666666,1.9994209472981987,"[[0.6501500606536865, -Infinity], 75.22074890136719]",0.4099538326263428
face_x_face,1,0.001,face_C>face_G,2,LR-P1-N3,GP,boot,300,0.13419545701554206,0.11607475366215583,True,0.0008770291305314654,0.167,0.0009203913720257949,0.164,1.2146666666666666,1.9994209472981987,"[[0.6501500606536865, -Infinity], 75.22074890136719]",0.39895057678222656
face_x_face,1,0.001,face_C>face_G,2,LR-P2-N2,GP,boot,300,0.1740926174006877,0.1454295522326356,True,0.0008770291305314654,0.169,0.0009192795196797866,0.165,1.2133333333333334,1.9980905047809652,"[[0.6502000689506531, -0.9999999403953552], 75.21743774414062]",0.370481014251709
face_x_face,1,0.001,face_C>face_G,2,LR-P1-N2-rel,GP,boot,300,0.08546410652126317,0.1028204740552565,True,0.0008659106070713809,0.169,0.0009157215921725595,0.165,1.1853333333333333,1.1691785634867689,"[[0.6498000621795654, 0.5612900853157043], 75.150146484375]",0.4931464195251465
face_x_face,1,0.001,face_C>face_G,2,LR-P2-N2-rel,GP,boot,300,0.08685024628417766,0.11818483511962016,True,0.0008645763842561708,0.16966666666666666,0.0009179452968645764,0.165,1.175,1.1115839448521236,"[[0.6498000621795654, 0.5701700448989868], 75.1073226928711]",0.42442798614501953
face_x_face,1,0.001,face_G>face_C,2,LR-P1-N2,GP,boot,300,0.14922376990652036,0.13203742066070107,True,0.0008741383144318434,0.16733333333333333,0.000898821436513231,0.16266666666666665,1.2763333333333333,1.9936335334667556,"[[75.16405487060547, 59.08088302612305], 0.6519100069999695]",0.38486218452453613
face_x_face,1,0.001,face_G>face_C,2,LR-P1-N3,GP,boot,300,0.14922376990652036,0.13203742066070107,True,0.0008741383144318434,0.16733333333333333,0.000898821436513231,0.16266666666666665,1.2763333333333333,1.9936335334667556,"[[75.16405487060547, 59.08088302612305], 0.6519100069999695]",0.42701077461242676
face_x_face,1,0.001,face_G>face_C,2,LR-P2-N2,GP,boot,300,0.19580290536269168,0.16857824404097987,True,0.000873026462085835,0.16766666666666666,0.0008939292861907938,0.16233333333333333,1.2753333333333334,1.9936321992439403,"[[75.16146850585938, 59.08088302612305], 0.6520500183105469]",0.39702796936035156
face_x_face,1,0.001,face_G>face_C,2,LR-P1-N2-rel,GP,boot,300,0.09866228097647901,0.11327193260523716,True,0.0008752501667778519,0.17233333333333334,0.0008979319546364243,0.169,1.254,1.2666788970424727,"[[75.1756362915039, 66.95925903320312], 0.6501700282096863]",0.4685220718383789
face_x_face,1,0.001,face_G>face_C,2,LR-P2-N2-rel,GP,boot,300,0.10070068133463687,0.13080360633100763,True,0.0008723593506782299,0.17466666666666666,0.0008965977318212142,0.16766666666666666,1.245,1.171555703802535,"[[75.1756362915039, 71.06909942626953], 0.649399995803833]",0.45820093154907227
face_x_face,1,0.0001,face_C,1,LR-P1-N2,GP,boot,300,0.2915832939328528,0.30369974301270103,True,7.716255281298643e-05,0.2966666666666667,9.984434067155882e-05,0.2866666666666667,1.0,1.0,[0.6705099940299988],0.22237420082092285
face_x_face,1,0.0001,face_C,1,LR-P1-N3,GP,boot,300,0.2915832939328528,0.30369974301270103,True,7.716255281298643e-05,0.2966666666666667,9.984434067155882e-05,0.2866666666666667,1.0,1.0,[0.6705099940299988],0.1989912986755371
face_x_face,1,0.0001,face_C,1,LR-P2-N2,GP,boot,300,0.3048378646839252,0.31509256096719235,True,7.716255281298643e-05,0.2966666666666667,9.984434067155882e-05,0.2866666666666667,1.0,1.0,[0.6705099940299988],0.20951414108276367
face_x_face,1,0.0001,face_C,1,LR-P1-N2-rel,GP,boot,300,0.3827168258769743,0.4134209195602189,True,7.716255281298643e-05,0.2966666666666667,9.984434067155882e-05,0.2866666666666667,1.0,1.0,[0.6705099940299988],0.20946741104125977
face_x_face,1,0.0001,face_C,1,LR-P2-N2-rel,GP,boot,300,0.4565626242473146,0.4984706617727319,True,7.716255281298643e-05,0.2966666666666667,9.984434067155882e-05,0.2866666666666667,1.0,1.0,[0.6705099940299988],0.1957542896270752
face_x_face,1,0.0001,face_G,1,LR-P1-N2,GP,boot,300,0.37536855181571227,0.39363658479122343,True,7.471647765176785e-05,0.3883333333333333,5.2924171670002226e-05,0.37733333333333335,1.0,1.0,[75.94538116455078],0.22101140022277832
face_x_face,1,0.0001,face_G,1,LR-P1-N3,GP,boot,300,0.37536855181571227,0.39363658479122343,True,7.471647765176785e-05,0.3883333333333333,5.2924171670002226e-05,0.37733333333333335,1.0,1.0,[75.94538116455078],0.21695828437805176
face_x_face,1,0.0001,face_G,1,LR-P2-N2,GP,boot,300,0.39788166434788086,0.4137401523540293,True,7.471647765176785e-05,0.3883333333333333,5.2924171670002226e-05,0.37733333333333335,1.0,1.0,[75.94538116455078],0.19636297225952148
face_x_face,1,0.0001,face_G,1,LR-P1-N2-rel,GP,boot,300,0.4951815883652756,0.5393291336024753,True,7.471647765176785e-05,0.3883333333333333,5.2924171670002226e-05,0.37733333333333335,1.0,1.0,[75.94538116455078],0.19869160652160645
face_x_face,1,0.0001,face_G,1,LR-P2-N2-rel,GP,boot,300,0.5961927075880118,0.6570329101526899,True,7.471647765176785e-05,0.3883333333333333,5.2924171670002226e-05,0.37733333333333335,1.0,1.0,[75.94538116455078],0.19023418426513672
face_x_face,1,0.0001,face_C>face_G,2,LR-P1-N2,GP,boot,300,0.1925460197551776,0.19804446649998378,True,8.00533689126084e-05,0.2836666666666667,7.760729375138982e-05,0.26766666666666666,1.276,1.10877718478986,"[[0.6771300435066223, 0.5707900524139404], 76.13079071044922]",0.2772328853607178
face_x_face,1,0.0001,face_C>face_G,2,LR-P1-N3,GP,boot,300,0.1925460197551776,0.19804446649998378,True,8.00533689126084e-05,0.2836666666666667,7.760729375138982e-05,0.26766666666666666,1.276,1.10877718478986,"[[0.6771300435066223, 0.5707900524139404], 76.13079071044922]",0.2624847888946533
face_x_face,1,0.0001,face_C>face_G,2,LR-P2-N2,GP,boot,300,0.23293761724683398,0.21724041032681451,True,8.00533689126084e-05,0.2843333333333333,7.716255281298643e-05,0.26866666666666666,1.286,1.1622401601067378,"[[0.6772900819778442, 0.5623000860214233], 76.16319274902344]",0.298936128616333
face_x_face,1,0.0001,face_C>face_G,2,LR-P1-N2-rel,GP,boot,300,0.16954974415291393,0.3020869761353573,True,8.00533689126084e-05,0.27666666666666667,8.227707360462531e-05,0.2653333333333333,1.2343333333333333,1.0181031798977096,"[[0.6767900586128235, 0.602410078048706], 75.94869995117188]",0.2265169620513916
face_x_face,1,0.0001,face_C>face_G,2,LR-P2-N2-rel,GP,boot,300,0.1894193543673339,0.40476779723284695,True,7.983099844340671e-05,0.27466666666666667,8.383366688903714e-05,0.2613333333333333,1.2213333333333334,1.0119335112297088,"[[0.6767900586128235, 0.6088000535964966], 75.86702728271484]",0.19217276573181152
face_x_face,1,0.0001,face_G>face_C,2,LR-P1-N2,GP,boot,300,0.21489286131677335,0.21517572465699264,True,7.916388703580165e-05,0.2876666666666667,7.56059595285746e-05,0.2713333333333333,1.377,1.251770513675784,"[[76.13079833984375, 67.04832458496094], 0.6792799830436707]",0.3398289680480957
face_x_face,1,0.0001,face_G>face_C,2,LR-P1-N3,GP,boot,300,0.21489286131677335,0.21517572465699264,True,7.916388703580165e-05,0.2876666666666667,7.56059595285746e-05,0.2713333333333333,1.377,1.251770513675784,"[[76.13079833984375, 67.04832458496094], 0.6792799830436707]",0.3349435329437256
face_x_face,1,0.0001,face_G>face_C,2,LR-P2-N2,GP,boot,300,0.26048589766675834,0.23659340029990875,True,7.983099844340671e-05,0.2856666666666667,7.694018234378474e-05,0.269,1.391,1.518392483878141,"[[76.13005828857422, 66.0917739868164], 0.6794400215148926]",0.4061756134033203
face_x_face,1,0.0001,face_G>face_C,2,LR-P1-N2-rel,GP,boot,300,0.19355617741370587,0.3453646568094095,True,7.983099844340671e-05,0.2836666666666667,8.138759172781854e-05,0.26766666666666666,1.3213333333333332,1.0255070046697798,"[[76.15935516357422, 73.119140625], 0.6749500036239624]",0.19443440437316895
face_x_face,1,0.0001,face_G>face_C,2,LR-P2-N2-rel,GP,boot,300,0.21681779780002045,0.469208899660966,True,8.049810985101179e-05,0.27666666666666667,8.160996219702023e-05,0.2673333333333333,1.3026666666666666,1.0159444073826995,"[[76.15935516357422, 73.41397857666016], 0.6726099848747253]",0.18651604652404785
