dataset,seed,alpha,order,n_stages,method,feasible,far_train,frr_train,far_test,frr_test,stages_gen,stages_imp
fing_x_face,4,0.01,face_C>face_G,2,S3-SPRT,True,0.009999095104515429,0.04263565891472868,0.009143695190206818,0.07335907335907337,1.0888030888030888,1.263401275029182
fing_x_face,4,0.01,face_C>li_V,2,S3-SPRT,True,0.009999095104515429,0.007751937984496124,0.008709706384124988,0.02702702702702703,1.0888030888030888,1.263401275029182
fing_x_face,4,0.01,face_C>ri_V,2,S3-SPRT,True,0.009999095104515429,0.003875968992248062,0.00845529915297357,0.015444015444015444,1.281853281853282,1.2696417347580138
fing_x_face,4,0.01,face_G>face_C,2,S3-SPRT,True,0.009999095104515429,0.05813953488372093,0.009398102421358235,0.08108108108108109,1.3243243243243243,1.7016551435156086
fing_x_face,4,0.01,face_G>li_V,2,S3-SPRT,True,0.009999095104515429,0.007751937984496124,0.009053904402741612,0.02702702702702703,1.3243243243243243,1.7016551435156086
fing_x_face,4,0.01,face_G>ri_V,2,S3-SPRT,True,0.009999095104515429,0.003875968992248062,0.009772230702463261,0.011583011583011582,1.3243243243243243,1.7016551435156086
fing_x_face,4,0.01,li_V>face_C,2,S3-SPRT,True,0.009999095104515429,0.011627906976744186,0.008500194546706174,0.023166023166023165,1.247104247104247,1.8251773368052437
fing_x_face,4,0.01,li_V>face_G,2,S3-SPRT,True,0.009999095104515429,0.007751937984496124,0.008664810990392386,0.03088803088803089,1.247104247104247,1.8251773368052437
fing_x_face,4,0.01,li_V>ri_V,2,S3-SPRT,True,0.0099236871474678,0.046511627906976744,0.009293346502648828,0.04633204633204633,1.247104247104247,1.8251773368052437
fing_x_face,4,0.01,ri_V>face_C,2,S3-SPRT,True,0.009999095104515429,0.003875968992248062,0.00857502020292718,0.007722007722007722,1.1274131274131274,1.824743347999162
fing_x_face,4,0.01,ri_V>face_G,2,S3-SPRT,True,0.009999095104515429,0.003875968992248062,0.009682439914998054,0.007722007722007722,1.1274131274131274,1.824743347999162
fing_x_face,4,0.01,ri_V>li_V,2,S3-SPRT,True,0.009984013513105903,0.046511627906976744,0.00945796294633504,0.04247104247104247,1.1274131274131274,1.824743347999162
fing_x_face,4,0.01,face_C>face_G>li_V,3,S3-SPRT,True,0.009999095104515429,0.023255813953488372,0.0088892879590554,0.03474903474903475,1.4015444015444016,1.3299362485408996
fing_x_face,4,0.01,face_C>face_G>ri_V,3,S3-SPRT,True,0.009999095104515429,0.01937984496124031,0.008664810990392386,0.03088803088803089,1.4015444015444016,1.3299362485408996
fing_x_face,4,0.01,face_C>li_V>face_G,3,S3-SPRT,True,0.009999095104515429,0.007751937984496124,0.00814103139684535,0.023166023166023165,1.0965250965250966,1.287959055400916
fing_x_face,4,0.01,face_C>li_V>ri_V,3,S3-SPRT,True,0.009999095104515429,0.007751937984496124,0.007871659034449733,0.019305019305019305,1.3127413127413128,1.3007991380084403
fing_x_face,4,0.01,face_C>ri_V>face_G,3,S3-SPRT,True,0.009999095104515429,0.003875968992248062,0.008979078746520607,0.011583011583011582,1.305019305019305,1.2924785250366646
fing_x_face,4,0.01,face_C>ri_V>li_V,3,S3-SPRT,True,0.009999095104515429,0.003875968992248062,0.008395438627996767,0.011583011583011582,1.305019305019305,1.2924785250366646
fing_x_face,4,0.01,face_G>face_C>li_V,3,S3-SPRT,True,0.009999095104515429,0.015503875968992248,0.008799497171590195,0.023166023166023165,1.4633204633204633,1.805767561581515
fing_x_face,4,0.01,face_G>face_C>ri_V,3,S3-SPRT,True,0.009999095104515429,0.011627906976744186,0.008470264284217772,0.015444015444015444,1.4633204633204633,1.805767561581515
fing_x_face,4,0.01,face_G>li_V>face_C,3,S3-SPRT,True,0.009999095104515429,0.007751937984496124,0.0088743228278112,0.023166023166023165,1.3745173745173744,1.7876597527760318
fing_x_face,4,0.01,face_G>li_V>ri_V,3,S3-SPRT,True,0.009999095104515429,0.007751937984496124,0.008500194546706174,0.015444015444015444,1.3745173745173744,1.7876597527760318
fing_x_face,4,0.01,face_G>ri_V>face_C,3,S3-SPRT,True,0.009999095104515429,0.003875968992248062,0.00902397414025321,0.011583011583011582,1.3436293436293436,1.7628326000419023
fing_x_face,4,0.01,face_G>ri_V>li_V,3,S3-SPRT,True,0.009999095104515429,0.007751937984496124,0.00932327676513723,0.011583011583011582,1.3436293436293436,1.7628326000419023
fing_x_face,4,0.01,li_V>face_C>face_G,3,S3-SPRT,True,0.009999095104515429,0.007751937984496124,0.008245787315554757,0.023166023166023165,1.2934362934362935,1.8946754063033133
fing_x_face,4,0.01,li_V>face_C>ri_V,3,S3-SPRT,True,0.009999095104515429,0.003875968992248062,0.00814103139684535,0.015444015444015444,1.2934362934362935,1.8946754063033133
fing_x_face,4,0.01,li_V>face_G>face_C,3,S3-SPRT,True,0.009999095104515429,0.007751937984496124,0.008589985334171381,0.02702702702702703,1.2972972972972974,1.90738080272964
fing_x_face,4,0.01,li_V>face_G>ri_V,3,S3-SPRT,True,0.009999095104515429,0.007751937984496124,0.00856005507168298,0.019305019305019305,1.2972972972972974,1.90738080272964
fing_x_face,4,0.01,li_V>ri_V>face_C,3,S3-SPRT,True,0.009999095104515429,0.031007751937984496,0.008619915596659783,0.03088803088803089,1.2857142857142858,1.8778695639160756
fing_x_face,4,0.01,li_V>ri_V>face_G,3,S3-SPRT,True,0.009999095104515429,0.03488372093023256,0.009098799796474216,0.03088803088803089,1.2857142857142858,1.8778695639160756
fing_x_face,4,0.01,ri_V>face_C>face_G,3,S3-SPRT,True,0.009999095104515429,0.003875968992248062,0.00903893927149741,0.003861003861003861,1.1505791505791505,1.89427134775972
fing_x_face,4,0.01,ri_V>face_C>li_V,3,S3-SPRT,True,0.009999095104515429,0.003875968992248062,0.008769566909101793,0.003861003861003861,1.1505791505791505,1.89427134775972
fing_x_face,4,0.01,ri_V>face_G>face_C,3,S3-SPRT,True,0.009999095104515429,0.003875968992248062,0.008994043877764807,0.007722007722007722,1.1467181467181466,1.9082188500793151
fing_x_face,4,0.01,ri_V>face_G>li_V,3,S3-SPRT,True,0.009999095104515429,0.007751937984496124,0.009263416240160426,0.007722007722007722,1.1467181467181466,1.9082188500793151
fing_x_face,4,0.01,ri_V>li_V>face_C,3,S3-SPRT,True,0.009999095104515429,0.027131782945736434,0.008619915596659783,0.019305019305019305,1.1737451737451738,1.8971296878273622
fing_x_face,4,0.01,ri_V>li_V>face_G,3,S3-SPRT,True,0.009999095104515429,0.031007751937984496,0.009068869533985812,0.019305019305019305,1.1737451737451738,1.8971296878273622
fing_x_face,4,0.01,face_C>face_G>li_V>ri_V,4,S3-SPRT,True,0.009999095104515429,0.023255813953488372,0.008245787315554757,0.03474903474903475,1.4131274131274132,1.3453503337224268
fing_x_face,4,0.01,face_C>face_G>ri_V>li_V,4,S3-SPRT,True,0.009999095104515429,0.01937984496124031,0.008425368890485169,0.03088803088803089,1.4054054054054055,1.3418784232737722
fing_x_face,4,0.01,face_C>li_V>face_G>ri_V,4,S3-SPRT,True,0.009999095104515429,0.007751937984496124,0.00844033402172937,0.023166023166023165,1.0965250965250966,1.2944090269671664
fing_x_face,4,0.01,face_C>li_V>ri_V>face_G,4,S3-SPRT,True,0.005625433595753024,0.007751937984496124,0.003965759779713268,0.019305019305019305,1.3243243243243243,1.3046751070006883
fing_x_face,4,0.01,face_C>ri_V>face_G>li_V,4,S3-SPRT,True,0.009999095104515429,0.003875968992248062,0.00902397414025321,0.011583011583011582,1.3166023166023166,1.30165215048936
fing_x_face,4,0.01,face_C>ri_V>li_V>face_G,4,S3-SPRT,True,0.005323801767562513,0.003875968992248062,0.0043997485857950975,0.011583011583011582,1.3243243243243243,1.2967435874412618
fing_x_face,4,0.01,face_G>face_C>li_V>ri_V,4,S3-SPRT,True,0.009999095104515429,0.011627906976744186,0.007946484690670738,0.019305019305019305,1.4749034749034748,1.8310287031217263
fing_x_face,4,0.01,face_G>face_C>ri_V>li_V,4,S3-SPRT,True,0.009999095104515429,0.011627906976744186,0.008170961659333752,0.015444015444015444,1.471042471042471,1.8260303492861631
fing_x_face,4,0.01,face_G>li_V>face_C>ri_V,4,S3-SPRT,True,0.009999095104515429,0.007751937984496124,0.008051240609380145,0.015444015444015444,1.393822393822394,1.8119780910478585
fing_x_face,4,0.01,face_G>li_V>ri_V>face_C,4,S3-SPRT,True,0.009999095104515429,0.007751937984496124,0.008530124809194576,0.015444015444015444,1.38996138996139,1.7977312861033792
fing_x_face,4,0.01,face_G>ri_V>face_C>li_V,4,S3-SPRT,True,0.009999095104515429,0.003875968992248062,0.008470264284217772,0.011583011583011582,1.3552123552123552,1.7814492233096884
fing_x_face,4,0.01,face_G>ri_V>li_V>face_C,4,S3-SPRT,True,0.009999095104515429,0.007751937984496124,0.00903893927149741,0.011583011583011582,1.3552123552123552,1.7733530873065757
fing_x_face,4,0.01,li_V>face_C>face_G>ri_V,4,S3-SPRT,True,0.009999095104515429,0.003875968992248062,0.007557391278321511,0.019305019305019305,1.3127413127413128,1.914234832839484
fing_x_face,4,0.01,li_V>face_C>ri_V>face_G,4,S3-SPRT,True,0.009999095104515429,0.003875968992248062,0.007901589296938134,0.015444015444015444,1.305019305019305,1.9035497291311245
fing_x_face,4,0.01,li_V>face_G>face_C>ri_V,4,S3-SPRT,True,0.009999095104515429,0.007751937984496124,0.007796833378228727,0.019305019305019305,1.3166023166023166,1.9291101732962197
fing_x_face,4,0.01,li_V>face_G>ri_V>face_C,4,S3-SPRT,True,0.009999095104515429,0.007751937984496124,0.008530124809194576,0.019305019305019305,1.308880308880309,1.9172428242195685
fing_x_face,4,0.01,li_V>ri_V>face_C>face_G,4,S3-SPRT,True,0.009999095104515429,0.031007751937984496,0.008515159677950376,0.03088803088803089,1.2972972972972974,1.8865493400377122
fing_x_face,4,0.01,li_V>ri_V>face_G>face_C,4,S3-SPRT,True,0.009833197599010647,0.03488372093023256,0.008919218221543804,0.03088803088803089,1.2934362934362935,1.8866540959564215
fing_x_face,4,0.01,ri_V>face_C>face_G>li_V,4,S3-SPRT,True,0.009999095104515429,0.003875968992248062,0.00872467151536919,0.003861003861003861,1.1583011583011582,1.91496812427045
fing_x_face,4,0.01,ri_V>face_C>li_V>face_G,4,S3-SPRT,True,0.009999095104515429,0.003875968992248062,0.008335578103019964,0.003861003861003861,1.162162162162162,1.9067522672173836
fing_x_face,4,0.01,ri_V>face_G>face_C>li_V,4,S3-SPRT,True,0.009999095104515429,0.003875968992248062,0.008649845859148185,0.007722007722007722,1.1544401544401544,1.9307862679955703
fing_x_face,4,0.01,ri_V>face_G>li_V>face_C,4,S3-SPRT,True,0.009999095104515429,0.007751937984496124,0.009547753733800245,0.007722007722007722,1.1544401544401544,1.9228996438298764
fing_x_face,4,0.01,ri_V>li_V>face_C>face_G,4,S3-SPRT,True,0.009999095104515429,0.027131782945736434,0.008515159677950376,0.019305019305019305,1.1814671814671815,1.9093562000538744
fing_x_face,4,0.01,ri_V>li_V>face_G>face_C,4,S3-SPRT,True,0.009999095104515429,0.031007751937984496,0.009682439914998054,0.019305019305019305,1.1814671814671815,1.9098201191224446
fing_x_face,4,0.001,face_C>face_G,2,S3-SPRT,True,0.0009953850330286851,0.1124031007751938,0.0009727335308730657,0.13513513513513514,1.2432432432432432,1.2695519439705487
fing_x_face,4,0.001,face_C>li_V,2,S3-SPRT,True,0.0009953850330286851,0.015503875968992248,0.0006135703810122415,0.03474903474903475,1.22007722007722,1.2695220137080603
fing_x_face,4,0.001,face_C>ri_V,2,S3-SPRT,True,0.0009953850330286851,0.007751937984496124,0.0007183262997216486,0.02702702702702703,1.3397683397683398,1.269656699889258
fing_x_face,4,0.001,face_G>face_C,2,S3-SPRT,True,0.0009953850330286851,0.1124031007751938,0.001137349974559277,0.1583011583011583,1.2432432432432432,1.0227918948849182
fing_x_face,4,0.001,face_G>li_V,2,S3-SPRT,True,0.0009953850330286851,0.015503875968992248,0.0008380473496752566,0.04247104247104247,1.250965250965251,1.7011762593157942
fing_x_face,4,0.001,face_G>ri_V,2,S3-SPRT,True,0.0009953850330286851,0.007751937984496124,0.0007632216934542516,0.019305019305019305,1.335907335907336,1.701744934303074
fing_x_face,4,0.001,li_V>face_C,2,S3-SPRT,True,0.0009953850330286851,0.01937984496124031,0.0006734309059890455,0.04247104247104247,1.2702702702702702,1.825267127592709
fing_x_face,4,0.001,li_V>face_G,2,S3-SPRT,True,0.0009953850330286851,0.01937984496124031,0.0006435006435006435,0.05405405405405406,1.2702702702702702,1.825267127592709
fing_x_face,4,0.001,li_V>ri_V,2,S3-SPRT,True,0.0009953850330286851,0.06976744186046512,0.001167280237047679,0.05405405405405406,1.2702702702702702,1.825267127592709
fing_x_face,4,0.001,ri_V>face_C,2,S3-SPRT,True,0.0009953850330286851,0.011627906976744186,0.0007632216934542516,0.023166023166023165,1.1505791505791505,1.8249229295740923
fing_x_face,4,0.001,ri_V>face_G,2,S3-SPRT,True,0.0009953850330286851,0.007751937984496124,0.0008380473496752566,0.015444015444015444,1.1505791505791505,1.8249229295740923
fing_x_face,4,0.001,ri_V>li_V,2,S3-SPRT,True,0.0009953850330286851,0.06976744186046512,0.001212175630780282,0.05019305019305019,1.1505791505791505,1.8249229295740923
fing_x_face,4,0.001,face_C>face_G>li_V,3,S3-SPRT,True,0.0009953850330286851,0.023255813953488372,0.0006734309059890455,0.03861003861003861,1.4864864864864864,1.3301307952470742
fing_x_face,4,0.001,face_C>face_G>ri_V,3,S3-SPRT,True,0.0009953850330286851,0.023255813953488372,0.0007632216934542516,0.03088803088803089,1.4864864864864864,1.3301307952470742
fing_x_face,4,0.001,face_C>li_V>face_G,3,S3-SPRT,True,0.0009953850330286851,0.011627906976744186,0.0006734309059890455,0.023166023166023165,1.3783783783783783,1.3008290682709287
fing_x_face,4,0.001,face_C>li_V>ri_V,3,S3-SPRT,True,0.0009953850330286851,0.015503875968992248,0.0005088144623028344,0.02702702702702703,1.3783783783783783,1.3008290682709287
fing_x_face,4,0.001,face_C>ri_V>face_G,3,S3-SPRT,True,0.0009953850330286851,0.007751937984496124,0.0007931519559426536,0.011583011583011582,1.3706563706563706,1.2925383855616415
fing_x_face,4,0.001,face_C>ri_V>li_V,3,S3-SPRT,True,0.0009953850330286851,0.011627906976744186,0.0006734309059890455,0.019305019305019305,1.3706563706563706,1.2925383855616415
fing_x_face,4,0.001,face_G>face_C>li_V,3,S3-SPRT,True,0.0009953850330286851,0.015503875968992248,0.0007332914309658496,0.02702702702702703,1.4826254826254825,1.8061716201251086
fing_x_face,4,0.001,face_G>face_C>ri_V,3,S3-SPRT,True,0.0009953850330286851,0.015503875968992248,0.0008081170871868546,0.019305019305019305,1.4826254826254825,1.8061716201251086
fing_x_face,4,0.001,face_G>li_V>face_C,3,S3-SPRT,True,0.0009953850330286851,0.007751937984496124,0.0007033611684774476,0.02702702702702703,1.38996138996139,1.7878393343509622
fing_x_face,4,0.001,face_G>li_V>ri_V,3,S3-SPRT,True,0.0009953850330286851,0.007751937984496124,0.0006435006435006435,0.023166023166023165,1.38996138996139,1.7878393343509622
fing_x_face,4,0.001,face_G>ri_V>face_C,3,S3-SPRT,True,0.0009953850330286851,0.007751937984496124,0.0008230822184310556,0.015444015444015444,1.3667953667953667,1.763027146748077
fing_x_face,4,0.001,face_G>ri_V>li_V,3,S3-SPRT,True,0.0009953850330286851,0.007751937984496124,0.0007332914309658496,0.019305019305019305,1.3667953667953667,1.763027146748077
fing_x_face,4,0.001,li_V>face_C>face_G,3,S3-SPRT,True,0.0009953850330286851,0.007751937984496124,0.0005986052497680404,0.02702702702702703,1.3281853281853282,1.894869953009488
fing_x_face,4,0.001,li_V>face_C>ri_V,3,S3-SPRT,True,0.0009953850330286851,0.011627906976744186,0.0005836401185238395,0.023166023166023165,1.3281853281853282,1.894869953009488
fing_x_face,4,0.001,li_V>face_G>face_C,3,S3-SPRT,True,0.0009953850330286851,0.007751937984496124,0.0005986052497680404,0.03088803088803089,1.3243243243243243,1.9075603843045703
fing_x_face,4,0.001,li_V>face_G>ri_V,3,S3-SPRT,True,0.0009953850330286851,0.011627906976744186,0.0006285355122564425,0.02702702702702703,1.3243243243243243,1.9075603843045703
fing_x_face,4,0.001,li_V>ri_V>face_C,3,S3-SPRT,True,0.0009953850330286851,0.03488372093023256,0.0006734309059890455,0.03474903474903475,1.3243243243243243,1.8780641106222502
fing_x_face,4,0.001,li_V>ri_V>face_G,3,S3-SPRT,True,0.0009953850330286851,0.03488372093023256,0.0007183262997216486,0.03474903474903475,1.3243243243243243,1.8780641106222502
fing_x_face,4,0.001,ri_V>face_C>face_G,3,S3-SPRT,True,0.0009953850330286851,0.007751937984496124,0.0008679776121636587,0.007722007722007722,1.1853281853281854,1.894645476040825
fing_x_face,4,0.001,ri_V>face_C>li_V,3,S3-SPRT,True,0.0009953850330286851,0.011627906976744186,0.0007482565622100506,0.011583011583011582,1.1853281853281854,1.894645476040825
fing_x_face,4,0.001,ri_V>face_G>face_C,3,S3-SPRT,True,0.0009953850330286851,0.007751937984496124,0.0008679776121636587,0.011583011583011582,1.1891891891891893,1.908578013229176
fing_x_face,4,0.001,ri_V>face_G>li_V,3,S3-SPRT,True,0.0009953850330286851,0.011627906976744186,0.0007781868246984526,0.015444015444015444,1.1891891891891893,1.908578013229176
fing_x_face,4,0.001,ri_V>li_V>face_C,3,S3-SPRT,True,0.0009953850330286851,0.031007751937984496,0.0007183262997216486,0.023166023166023165,1.2046332046332047,1.8975187812397114
fing_x_face,4,0.001,ri_V>li_V>face_G,3,S3-SPRT,True,0.0009953850330286851,0.031007751937984496,0.0007332914309658496,0.023166023166023165,1.2046332046332047,1.8975187812397114
fing_x_face,4,0.001,face_C>face_G>li_V>ri_V,4,S3-SPRT,True,0.0009953850330286851,0.023255813953488372,0.0006883960372332465,0.03474903474903475,1.505791505791506,1.3457244620035318
fing_x_face,4,0.001,face_C>face_G>ri_V>li_V,4,S3-SPRT,True,0.0009953850330286851,0.023255813953488372,0.0006883960372332465,0.03088803088803089,1.494208494208494,1.3422675166861213
fing_x_face,4,0.001,face_C>li_V>face_G>ri_V,4,S3-SPRT,True,0.0009953850330286851,0.011627906976744186,0.0005237795935470355,0.023166023166023165,1.3976833976833978,1.312307323935231
fing_x_face,4,0.001,face_C>li_V>ri_V>face_G,4,S3-SPRT,True,0.0009953850330286851,0.011627906976744186,0.0005537098560354374,0.019305019305019305,1.38996138996139,1.304720002394421
fing_x_face,4,0.001,face_C>ri_V>face_G>li_V,4,S3-SPRT,True,0.0009953850330286851,0.007751937984496124,0.0005986052497680404,0.011583011583011582,1.3822393822393821,1.3017868366705576
fing_x_face,4,0.001,face_C>ri_V>li_V>face_G,4,S3-SPRT,True,0.0009953850330286851,0.007751937984496124,0.0006285355122564425,0.011583011583011582,1.38996138996139,1.2968483433599713
fing_x_face,4,0.001,face_G>face_C>li_V>ri_V,4,S3-SPRT,True,0.0009953850330286851,0.015503875968992248,0.0006883960372332465,0.019305019305019305,1.501930501930502,1.8317619945526922
fing_x_face,4,0.001,face_G>face_C>ri_V>li_V,4,S3-SPRT,True,0.0009953850330286851,0.015503875968992248,0.0007183262997216486,0.015444015444015444,1.4903474903474903,1.826763640717129
fing_x_face,4,0.001,face_G>li_V>face_C>ri_V,4,S3-SPRT,True,0.0009953850330286851,0.007751937984496124,0.0005836401185238395,0.015444015444015444,1.4131274131274132,1.8122923588039868
fing_x_face,4,0.001,face_G>li_V>ri_V>face_C,4,S3-SPRT,True,0.0009953850330286851,0.007751937984496124,0.0005836401185238395,0.015444015444015444,1.4092664092664093,1.798015623597019
fing_x_face,4,0.001,face_G>ri_V>face_C>li_V,4,S3-SPRT,True,0.0009953850330286851,0.007751937984496124,0.0006135703810122415,0.011583011583011582,1.3822393822393821,1.7817784561970609
fing_x_face,4,0.001,face_G>ri_V>li_V>face_C,4,S3-SPRT,True,0.0009953850330286851,0.007751937984496124,0.0005836401185238395,0.011583011583011582,1.3822393822393821,1.7736523899314598
fing_x_face,4,0.001,li_V>face_C>face_G>ri_V,4,S3-SPRT,True,0.0009953850330286851,0.007751937984496124,0.0005088144623028344,0.019305019305019305,1.3513513513513513,1.9145341354643681
fing_x_face,4,0.001,li_V>face_C>ri_V>face_G,4,S3-SPRT,True,0.0009953850330286851,0.007751937984496124,0.0005088144623028344,0.015444015444015444,1.3436293436293436,1.9038490317560084
fing_x_face,4,0.001,li_V>face_G>face_C>ri_V,4,S3-SPRT,True,0.0009953850330286851,0.007751937984496124,0.0005387447247912364,0.019305019305019305,1.3474903474903475,1.9293945107898596
fing_x_face,4,0.001,li_V>face_G>ri_V>face_C,4,S3-SPRT,True,0.0009953850330286851,0.007751937984496124,0.0005237795935470355,0.019305019305019305,1.3397683397683398,1.9175271617132081
fing_x_face,4,0.001,li_V>ri_V>face_C>face_G,4,S3-SPRT,True,0.0009953850330286851,0.03488372093023256,0.0005387447247912364,0.03088803088803089,1.3436293436293436,1.886848642662596
fing_x_face,4,0.001,li_V>ri_V>face_G>face_C,4,S3-SPRT,True,0.0009953850330286851,0.03488372093023256,0.0005387447247912364,0.03088803088803089,1.335907335907336,1.8869533985813056
fing_x_face,4,0.001,ri_V>face_C>face_G>li_V,4,S3-SPRT,True,0.0009953850330286851,0.007751937984496124,0.0007033611684774476,0.003861003861003861,1.2007722007722008,1.9156116249139505
fing_x_face,4,0.001,ri_V>face_C>li_V>face_G,4,S3-SPRT,True,0.0009953850330286851,0.007751937984496124,0.0007033611684774476,0.003861003861003861,1.2084942084942085,1.907320942204663
fing_x_face,4,0.001,ri_V>face_G>face_C>li_V,4,S3-SPRT,True,0.0009953850330286851,0.007751937984496124,0.0007033611684774476,0.007722007722007722,1.2046332046332047,1.931429768639071
fing_x_face,4,0.001,ri_V>face_G>li_V>face_C,4,S3-SPRT,True,0.0009953850330286851,0.007751937984496124,0.0007033611684774476,0.007722007722007722,1.2046332046332047,1.9234383885546675
fing_x_face,4,0.001,ri_V>li_V>face_C>face_G,4,S3-SPRT,True,0.0009953850330286851,0.031007751937984496,0.0006135703810122415,0.019305019305019305,1.2277992277992278,1.9099697704348868
fing_x_face,4,0.001,ri_V>li_V>face_G>face_C,4,S3-SPRT,True,0.0009953850330286851,0.031007751937984496,0.0006135703810122415,0.019305019305019305,1.22007722007722,1.9104187243722128
